{
    "0": [
        127,
        201,
        127
    ],
    "1": [
        129,
        200,
        129
    ],
    "2": [
        130,
        200,
        132
    ],
    "3": [
        132,
        199,
        134
    ],
    "4": [
        134,
        198,
        136
    ],
    "5": [
        136,
        197,
        139
    ],
    "6": [
        137,
        197,
        141
    ],
    "7": [
        139,
        196,
        143
    ],
    "8": [
        141,
        195,
        146
    ],
    "9": [
        143,
        194,
        148
    ],
    "10": [
        144,
        194,
        150
    ],
    "11": [
        146,
        193,
        153
    ],
    "12": [
        148,
        192,
        155
    ],
    "13": [
        149,
        191,
        157
    ],
    "14": [
        151,
        191,
        160
    ],
    "15": [
        153,
        190,
        162
    ],
    "16": [
        155,
        189,
        164
    ],
    "17": [
        156,
        188,
        167
    ],
    "18": [
        158,
        188,
        169
    ],
    "19": [
        160,
        187,
        171
    ],
    "20": [
        162,
        186,
        174
    ],
    "21": [
        163,
        185,
        176
    ],
    "22": [
        165,
        185,
        178
    ],
    "23": [
        167,
        184,
        181
    ],
    "24": [
        169,
        183,
        183
    ],
    "25": [
        170,
        182,
        185
    ],
    "26": [
        172,
        182,
        188
    ],
    "27": [
        174,
        181,
        190
    ],
    "28": [
        175,
        180,
        192
    ],
    "29": [
        177,
        180,
        195
    ],
    "30": [
        179,
        179,
        197
    ],
    "31": [
        181,
        178,
        199
    ],
    "32": [
        182,
        177,
        202
    ],
    "33": [
        184,
        177,
        204
    ],
    "34": [
        186,
        176,
        206
    ],
    "35": [
        188,
        175,
        209
    ],
    "36": [
        189,
        174,
        211
    ],
    "37": [
        191,
        174,
        211
    ],
    "38": [
        193,
        175,
        209
    ],
    "39": [
        194,
        175,
        206
    ],
    "40": [
        196,
        176,
        204
    ],
    "41": [
        198,
        176,
        202
    ],
    "42": [
        200,
        177,
        200
    ],
    "43": [
        201,
        177,
        198
    ],
    "44": [
        203,
        178,
        196
    ],
    "45": [
        205,
        178,
        194
    ],
    "46": [
        207,
        179,
        192
    ],
    "47": [
        208,
        179,
        189
    ],
    "48": [
        210,
        180,
        187
    ],
    "49": [
        212,
        180,
        185
    ],
    "50": [
        213,
        181,
        183
    ],
    "51": [
        215,
        181,
        181
    ],
    "52": [
        217,
        182,
        179
    ],
    "53": [
        219,
        182,
        177
    ],
    "54": [
        220,
        183,
        174
    ],
    "55": [
        222,
        183,
        172
    ],
    "56": [
        224,
        184,
        170
    ],
    "57": [
        226,
        184,
        168
    ],
    "58": [
        227,
        185,
        166
    ],
    "59": [
        229,
        185,
        164
    ],
    "60": [
        231,
        186,
        162
    ],
    "61": [
        232,
        186,
        159
    ],
    "62": [
        234,
        187,
        157
    ],
    "63": [
        236,
        187,
        155
    ],
    "64": [
        238,
        188,
        153
    ],
    "65": [
        239,
        188,
        151
    ],
    "66": [
        241,
        189,
        149
    ],
    "67": [
        243,
        189,
        147
    ],
    "68": [
        245,
        190,
        144
    ],
    "69": [
        246,
        190,
        142
    ],
    "70": [
        248,
        191,
        140
    ],
    "71": [
        250,
        191,
        138
    ],
    "72": [
        252,
        192,
        136
    ],
    "73": [
        253,
        192,
        134
    ],
    "74": [
        253,
        194,
        135
    ],
    "75": [
        253,
        196,
        135
    ],
    "76": [
        253,
        197,
        136
    ],
    "77": [
        253,
        199,
        136
    ],
    "78": [
        253,
        201,
        137
    ],
    "79": [
        253,
        203,
        137
    ],
    "80": [
        253,
        204,
        138
    ],
    "81": [
        253,
        206,
        138
    ],
    "82": [
        254,
        208,
        139
    ],
    "83": [
        254,
        210,
        139
    ],
    "84": [
        254,
        211,
        140
    ],
    "85": [
        254,
        213,
        140
    ],
    "86": [
        254,
        215,
        141
    ],
    "87": [
        254,
        216,
        141
    ],
    "88": [
        254,
        218,
        142
    ],
    "89": [
        254,
        220,
        142
    ],
    "90": [
        254,
        222,
        143
    ],
    "91": [
        254,
        223,
        143
    ],
    "92": [
        254,
        225,
        144
    ],
    "93": [
        254,
        227,
        145
    ],
    "94": [
        254,
        229,
        145
    ],
    "95": [
        254,
        230,
        146
    ],
    "96": [
        254,
        232,
        146
    ],
    "97": [
        254,
        234,
        147
    ],
    "98": [
        254,
        235,
        147
    ],
    "99": [
        254,
        237,
        148
    ],
    "100": [
        254,
        239,
        148
    ],
    "101": [
        255,
        241,
        149
    ],
    "102": [
        255,
        242,
        149
    ],
    "103": [
        255,
        244,
        150
    ],
    "104": [
        255,
        246,
        150
    ],
    "105": [
        255,
        248,
        151
    ],
    "106": [
        255,
        249,
        151
    ],
    "107": [
        255,
        251,
        152
    ],
    "108": [
        255,
        253,
        152
    ],
    "109": [
        255,
        255,
        153
    ],
    "110": [
        251,
        252,
        153
    ],
    "111": [
        246,
        248,
        154
    ],
    "112": [
        240,
        244,
        155
    ],
    "113": [
        235,
        240,
        155
    ],
    "114": [
        229,
        236,
        156
    ],
    "115": [
        224,
        232,
        157
    ],
    "116": [
        218,
        228,
        157
    ],
    "117": [
        213,
        224,
        158
    ],
    "118": [
        207,
        220,
        159
    ],
    "119": [
        202,
        216,
        159
    ],
    "120": [
        196,
        212,
        160
    ],
    "121": [
        191,
        208,
        160
    ],
    "122": [
        186,
        204,
        161
    ],
    "123": [
        180,
        200,
        162
    ],
    "124": [
        175,
        196,
        162
    ],
    "125": [
        169,
        192,
        163
    ],
    "126": [
        164,
        188,
        164
    ],
    "127": [
        158,
        184,
        164
    ],
    "128": [
        153,
        179,
        165
    ],
    "129": [
        147,
        175,
        165
    ],
    "130": [
        142,
        171,
        166
    ],
    "131": [
        136,
        167,
        167
    ],
    "132": [
        131,
        163,
        167
    ],
    "133": [
        125,
        159,
        168
    ],
    "134": [
        120,
        155,
        169
    ],
    "135": [
        115,
        151,
        169
    ],
    "136": [
        109,
        147,
        170
    ],
    "137": [
        104,
        143,
        170
    ],
    "138": [
        98,
        139,
        171
    ],
    "139": [
        93,
        135,
        172
    ],
    "140": [
        87,
        131,
        172
    ],
    "141": [
        82,
        127,
        173
    ],
    "142": [
        76,
        123,
        174
    ],
    "143": [
        71,
        119,
        174
    ],
    "144": [
        65,
        115,
        175
    ],
    "145": [
        60,
        111,
        176
    ],
    "146": [
        57,
        107,
        176
    ],
    "147": [
        62,
        104,
        174
    ],
    "148": [
        68,
        101,
        173
    ],
    "149": [
        73,
        98,
        172
    ],
    "150": [
        78,
        96,
        170
    ],
    "151": [
        83,
        93,
        169
    ],
    "152": [
        88,
        90,
        168
    ],
    "153": [
        93,
        87,
        166
    ],
    "154": [
        98,
        84,
        165
    ],
    "155": [
        103,
        81,
        164
    ],
    "156": [
        108,
        78,
        162
    ],
    "157": [
        113,
        75,
        161
    ],
    "158": [
        118,
        72,
        159
    ],
    "159": [
        123,
        69,
        158
    ],
    "160": [
        128,
        66,
        157
    ],
    "161": [
        133,
        64,
        155
    ],
    "162": [
        138,
        61,
        154
    ],
    "163": [
        143,
        58,
        153
    ],
    "164": [
        148,
        55,
        151
    ],
    "165": [
        153,
        52,
        150
    ],
    "166": [
        158,
        49,
        149
    ],
    "167": [
        164,
        46,
        147
    ],
    "168": [
        169,
        43,
        146
    ],
    "169": [
        174,
        40,
        145
    ],
    "170": [
        179,
        37,
        143
    ],
    "171": [
        184,
        34,
        142
    ],
    "172": [
        189,
        32,
        141
    ],
    "173": [
        194,
        29,
        139
    ],
    "174": [
        199,
        26,
        138
    ],
    "175": [
        204,
        23,
        137
    ],
    "176": [
        209,
        20,
        135
    ],
    "177": [
        214,
        17,
        134
    ],
    "178": [
        219,
        14,
        133
    ],
    "179": [
        224,
        11,
        131
    ],
    "180": [
        229,
        8,
        130
    ],
    "181": [
        234,
        5,
        129
    ],
    "182": [
        239,
        2,
        127
    ],
    "183": [
        239,
        4,
        125
    ],
    "184": [
        238,
        7,
        122
    ],
    "185": [
        236,
        9,
        119
    ],
    "186": [
        235,
        11,
        116
    ],
    "187": [
        233,
        14,
        113
    ],
    "188": [
        232,
        16,
        110
    ],
    "189": [
        231,
        19,
        107
    ],
    "190": [
        229,
        21,
        105
    ],
    "191": [
        228,
        24,
        102
    ],
    "192": [
        227,
        26,
        99
    ],
    "193": [
        225,
        29,
        96
    ],
    "194": [
        224,
        31,
        93
    ],
    "195": [
        223,
        33,
        90
    ],
    "196": [
        221,
        36,
        87
    ],
    "197": [
        220,
        38,
        85
    ],
    "198": [
        219,
        41,
        82
    ],
    "199": [
        217,
        43,
        79
    ],
    "200": [
        216,
        46,
        76
    ],
    "201": [
        215,
        48,
        73
    ],
    "202": [
        213,
        51,
        70
    ],
    "203": [
        212,
        53,
        67
    ],
    "204": [
        211,
        55,
        65
    ],
    "205": [
        209,
        58,
        62
    ],
    "206": [
        208,
        60,
        59
    ],
    "207": [
        207,
        63,
        56
    ],
    "208": [
        205,
        65,
        53
    ],
    "209": [
        204,
        68,
        50
    ],
    "210": [
        203,
        70,
        47
    ],
    "211": [
        201,
        73,
        45
    ],
    "212": [
        200,
        75,
        42
    ],
    "213": [
        198,
        77,
        39
    ],
    "214": [
        197,
        80,
        36
    ],
    "215": [
        196,
        82,
        33
    ],
    "216": [
        194,
        85,
        30
    ],
    "217": [
        193,
        87,
        27
    ],
    "218": [
        192,
        90,
        25
    ],
    "219": [
        190,
        91,
        24
    ],
    "220": [
        188,
        91,
        26
    ],
    "221": [
        185,
        92,
        28
    ],
    "222": [
        183,
        92,
        30
    ],
    "223": [
        180,
        92,
        33
    ],
    "224": [
        178,
        93,
        35
    ],
    "225": [
        175,
        93,
        37
    ],
    "226": [
        173,
        93,
        39
    ],
    "227": [
        170,
        94,
        41
    ],
    "228": [
        168,
        94,
        43
    ],
    "229": [
        166,
        94,
        46
    ],
    "230": [
        163,
        94,
        48
    ],
    "231": [
        161,
        95,
        50
    ],
    "232": [
        158,
        95,
        52
    ],
    "233": [
        156,
        95,
        54
    ],
    "234": [
        153,
        96,
        56
    ],
    "235": [
        151,
        96,
        59
    ],
    "236": [
        148,
        96,
        61
    ],
    "237": [
        146,
        97,
        63
    ],
    "238": [
        144,
        97,
        65
    ],
    "239": [
        141,
        97,
        67
    ],
    "240": [
        139,
        97,
        69
    ],
    "241": [
        136,
        98,
        72
    ],
    "242": [
        134,
        98,
        74
    ],
    "243": [
        131,
        98,
        76
    ],
    "244": [
        129,
        99,
        78
    ],
    "245": [
        126,
        99,
        80
    ],
    "246": [
        124,
        99,
        82
    ],
    "247": [
        122,
        100,
        85
    ],
    "248": [
        119,
        100,
        87
    ],
    "249": [
        117,
        100,
        89
    ],
    "250": [
        114,
        100,
        91
    ],
    "251": [
        112,
        101,
        93
    ],
    "252": [
        109,
        101,
        95
    ],
    "253": [
        107,
        101,
        98
    ],
    "254": [
        104,
        102,
        100
    ],
    "255": [
        102,
        102,
        102
    ]
}