{
    "0": [
        247,
        251,
        255
    ],
    "1": [
        246,
        250,
        255
    ],
    "2": [
        245,
        250,
        254
    ],
    "3": [
        245,
        249,
        254
    ],
    "4": [
        244,
        249,
        254
    ],
    "5": [
        243,
        248,
        254
    ],
    "6": [
        242,
        248,
        253
    ],
    "7": [
        242,
        247,
        253
    ],
    "8": [
        241,
        247,
        253
    ],
    "9": [
        240,
        246,
        253
    ],
    "10": [
        239,
        246,
        252
    ],
    "11": [
        238,
        245,
        252
    ],
    "12": [
        238,
        245,
        252
    ],
    "13": [
        237,
        244,
        252
    ],
    "14": [
        236,
        244,
        251
    ],
    "15": [
        235,
        243,
        251
    ],
    "16": [
        234,
        243,
        251
    ],
    "17": [
        234,
        242,
        251
    ],
    "18": [
        233,
        242,
        250
    ],
    "19": [
        232,
        241,
        250
    ],
    "20": [
        231,
        241,
        250
    ],
    "21": [
        231,
        240,
        250
    ],
    "22": [
        230,
        240,
        249
    ],
    "23": [
        229,
        239,
        249
    ],
    "24": [
        228,
        239,
        249
    ],
    "25": [
        227,
        238,
        249
    ],
    "26": [
        227,
        238,
        248
    ],
    "27": [
        226,
        237,
        248
    ],
    "28": [
        225,
        237,
        248
    ],
    "29": [
        224,
        236,
        248
    ],
    "30": [
        223,
        236,
        247
    ],
    "31": [
        223,
        235,
        247
    ],
    "32": [
        222,
        235,
        247
    ],
    "33": [
        221,
        234,
        247
    ],
    "34": [
        220,
        234,
        246
    ],
    "35": [
        220,
        233,
        246
    ],
    "36": [
        219,
        233,
        246
    ],
    "37": [
        218,
        232,
        246
    ],
    "38": [
        217,
        232,
        245
    ],
    "39": [
        217,
        231,
        245
    ],
    "40": [
        216,
        231,
        245
    ],
    "41": [
        215,
        230,
        245
    ],
    "42": [
        214,
        230,
        244
    ],
    "43": [
        214,
        229,
        244
    ],
    "44": [
        213,
        229,
        244
    ],
    "45": [
        212,
        228,
        244
    ],
    "46": [
        211,
        228,
        243
    ],
    "47": [
        211,
        227,
        243
    ],
    "48": [
        210,
        227,
        243
    ],
    "49": [
        209,
        226,
        243
    ],
    "50": [
        208,
        226,
        242
    ],
    "51": [
        208,
        225,
        242
    ],
    "52": [
        207,
        225,
        242
    ],
    "53": [
        206,
        224,
        242
    ],
    "54": [
        205,
        224,
        241
    ],
    "55": [
        205,
        223,
        241
    ],
    "56": [
        204,
        223,
        241
    ],
    "57": [
        203,
        222,
        241
    ],
    "58": [
        202,
        222,
        240
    ],
    "59": [
        202,
        221,
        240
    ],
    "60": [
        201,
        221,
        240
    ],
    "61": [
        200,
        220,
        240
    ],
    "62": [
        199,
        220,
        239
    ],
    "63": [
        199,
        219,
        239
    ],
    "64": [
        198,
        219,
        239
    ],
    "65": [
        196,
        218,
        238
    ],
    "66": [
        195,
        218,
        238
    ],
    "67": [
        194,
        217,
        238
    ],
    "68": [
        193,
        217,
        237
    ],
    "69": [
        191,
        216,
        237
    ],
    "70": [
        190,
        216,
        236
    ],
    "71": [
        189,
        215,
        236
    ],
    "72": [
        188,
        215,
        235
    ],
    "73": [
        186,
        214,
        235
    ],
    "74": [
        185,
        214,
        234
    ],
    "75": [
        184,
        213,
        234
    ],
    "76": [
        183,
        212,
        234
    ],
    "77": [
        181,
        212,
        233
    ],
    "78": [
        180,
        211,
        233
    ],
    "79": [
        179,
        211,
        232
    ],
    "80": [
        178,
        210,
        232
    ],
    "81": [
        176,
        210,
        231
    ],
    "82": [
        175,
        209,
        231
    ],
    "83": [
        174,
        209,
        231
    ],
    "84": [
        173,
        208,
        230
    ],
    "85": [
        171,
        208,
        230
    ],
    "86": [
        170,
        207,
        229
    ],
    "87": [
        169,
        207,
        229
    ],
    "88": [
        168,
        206,
        228
    ],
    "89": [
        166,
        206,
        228
    ],
    "90": [
        165,
        205,
        227
    ],
    "91": [
        164,
        204,
        227
    ],
    "92": [
        163,
        204,
        227
    ],
    "93": [
        161,
        203,
        226
    ],
    "94": [
        160,
        203,
        226
    ],
    "95": [
        159,
        202,
        225
    ],
    "96": [
        157,
        202,
        225
    ],
    "97": [
        156,
        201,
        225
    ],
    "98": [
        154,
        200,
        224
    ],
    "99": [
        153,
        199,
        224
    ],
    "100": [
        151,
        198,
        223
    ],
    "101": [
        149,
        197,
        223
    ],
    "102": [
        148,
        196,
        223
    ],
    "103": [
        146,
        196,
        222
    ],
    "104": [
        145,
        195,
        222
    ],
    "105": [
        143,
        194,
        222
    ],
    "106": [
        141,
        193,
        221
    ],
    "107": [
        140,
        192,
        221
    ],
    "108": [
        138,
        191,
        221
    ],
    "109": [
        137,
        190,
        220
    ],
    "110": [
        135,
        189,
        220
    ],
    "111": [
        133,
        188,
        220
    ],
    "112": [
        132,
        188,
        219
    ],
    "113": [
        130,
        187,
        219
    ],
    "114": [
        129,
        186,
        219
    ],
    "115": [
        127,
        185,
        218
    ],
    "116": [
        125,
        184,
        218
    ],
    "117": [
        124,
        183,
        218
    ],
    "118": [
        122,
        182,
        217
    ],
    "119": [
        121,
        181,
        217
    ],
    "120": [
        119,
        181,
        217
    ],
    "121": [
        117,
        180,
        216
    ],
    "122": [
        116,
        179,
        216
    ],
    "123": [
        114,
        178,
        216
    ],
    "124": [
        113,
        177,
        215
    ],
    "125": [
        111,
        176,
        215
    ],
    "126": [
        109,
        175,
        215
    ],
    "127": [
        108,
        174,
        214
    ],
    "128": [
        106,
        174,
        214
    ],
    "129": [
        105,
        173,
        213
    ],
    "130": [
        104,
        172,
        213
    ],
    "131": [
        102,
        171,
        212
    ],
    "132": [
        101,
        170,
        212
    ],
    "133": [
        100,
        169,
        211
    ],
    "134": [
        99,
        168,
        211
    ],
    "135": [
        97,
        167,
        210
    ],
    "136": [
        96,
        167,
        210
    ],
    "137": [
        95,
        166,
        209
    ],
    "138": [
        93,
        165,
        209
    ],
    "139": [
        92,
        164,
        208
    ],
    "140": [
        91,
        163,
        208
    ],
    "141": [
        90,
        162,
        207
    ],
    "142": [
        88,
        161,
        207
    ],
    "143": [
        87,
        160,
        206
    ],
    "144": [
        86,
        160,
        206
    ],
    "145": [
        84,
        159,
        205
    ],
    "146": [
        83,
        158,
        205
    ],
    "147": [
        82,
        157,
        204
    ],
    "148": [
        81,
        156,
        204
    ],
    "149": [
        79,
        155,
        203
    ],
    "150": [
        78,
        154,
        203
    ],
    "151": [
        77,
        153,
        202
    ],
    "152": [
        75,
        152,
        202
    ],
    "153": [
        74,
        152,
        201
    ],
    "154": [
        73,
        151,
        201
    ],
    "155": [
        72,
        150,
        200
    ],
    "156": [
        70,
        149,
        200
    ],
    "157": [
        69,
        148,
        199
    ],
    "158": [
        68,
        147,
        199
    ],
    "159": [
        66,
        146,
        198
    ],
    "160": [
        65,
        145,
        198
    ],
    "161": [
        64,
        144,
        197
    ],
    "162": [
        63,
        143,
        197
    ],
    "163": [
        62,
        142,
        196
    ],
    "164": [
        61,
        141,
        196
    ],
    "165": [
        60,
        140,
        195
    ],
    "166": [
        59,
        139,
        194
    ],
    "167": [
        58,
        138,
        194
    ],
    "168": [
        57,
        137,
        193
    ],
    "169": [
        56,
        136,
        193
    ],
    "170": [
        55,
        135,
        192
    ],
    "171": [
        54,
        134,
        192
    ],
    "172": [
        53,
        133,
        191
    ],
    "173": [
        52,
        132,
        191
    ],
    "174": [
        51,
        131,
        190
    ],
    "175": [
        50,
        130,
        190
    ],
    "176": [
        49,
        129,
        189
    ],
    "177": [
        48,
        128,
        189
    ],
    "178": [
        47,
        127,
        188
    ],
    "179": [
        46,
        126,
        188
    ],
    "180": [
        45,
        125,
        187
    ],
    "181": [
        44,
        124,
        186
    ],
    "182": [
        43,
        123,
        186
    ],
    "183": [
        42,
        122,
        185
    ],
    "184": [
        41,
        121,
        185
    ],
    "185": [
        39,
        119,
        184
    ],
    "186": [
        38,
        118,
        184
    ],
    "187": [
        37,
        117,
        183
    ],
    "188": [
        36,
        116,
        183
    ],
    "189": [
        35,
        115,
        182
    ],
    "190": [
        34,
        114,
        182
    ],
    "191": [
        33,
        113,
        181
    ],
    "192": [
        32,
        112,
        180
    ],
    "193": [
        32,
        111,
        180
    ],
    "194": [
        31,
        110,
        179
    ],
    "195": [
        30,
        109,
        178
    ],
    "196": [
        29,
        108,
        177
    ],
    "197": [
        28,
        107,
        176
    ],
    "198": [
        28,
        106,
        176
    ],
    "199": [
        27,
        105,
        175
    ],
    "200": [
        26,
        104,
        174
    ],
    "201": [
        25,
        103,
        173
    ],
    "202": [
        25,
        102,
        173
    ],
    "203": [
        24,
        101,
        172
    ],
    "204": [
        23,
        100,
        171
    ],
    "205": [
        22,
        99,
        170
    ],
    "206": [
        21,
        98,
        169
    ],
    "207": [
        21,
        97,
        169
    ],
    "208": [
        20,
        96,
        168
    ],
    "209": [
        19,
        95,
        167
    ],
    "210": [
        18,
        94,
        166
    ],
    "211": [
        18,
        93,
        166
    ],
    "212": [
        17,
        92,
        165
    ],
    "213": [
        16,
        91,
        164
    ],
    "214": [
        15,
        90,
        163
    ],
    "215": [
        14,
        89,
        162
    ],
    "216": [
        14,
        88,
        162
    ],
    "217": [
        13,
        87,
        161
    ],
    "218": [
        12,
        86,
        160
    ],
    "219": [
        11,
        85,
        159
    ],
    "220": [
        10,
        84,
        158
    ],
    "221": [
        10,
        83,
        158
    ],
    "222": [
        9,
        82,
        157
    ],
    "223": [
        8,
        81,
        156
    ],
    "224": [
        8,
        80,
        155
    ],
    "225": [
        8,
        79,
        153
    ],
    "226": [
        8,
        78,
        152
    ],
    "227": [
        8,
        77,
        150
    ],
    "228": [
        8,
        76,
        149
    ],
    "229": [
        8,
        75,
        147
    ],
    "230": [
        8,
        74,
        145
    ],
    "231": [
        8,
        73,
        144
    ],
    "232": [
        8,
        72,
        142
    ],
    "233": [
        8,
        71,
        141
    ],
    "234": [
        8,
        70,
        139
    ],
    "235": [
        8,
        69,
        138
    ],
    "236": [
        8,
        68,
        136
    ],
    "237": [
        8,
        67,
        135
    ],
    "238": [
        8,
        66,
        133
    ],
    "239": [
        8,
        65,
        132
    ],
    "240": [
        8,
        64,
        130
    ],
    "241": [
        8,
        62,
        129
    ],
    "242": [
        8,
        61,
        127
    ],
    "243": [
        8,
        60,
        125
    ],
    "244": [
        8,
        59,
        124
    ],
    "245": [
        8,
        58,
        122
    ],
    "246": [
        8,
        57,
        121
    ],
    "247": [
        8,
        56,
        119
    ],
    "248": [
        8,
        55,
        118
    ],
    "249": [
        8,
        54,
        116
    ],
    "250": [
        8,
        53,
        115
    ],
    "251": [
        8,
        52,
        113
    ],
    "252": [
        8,
        51,
        112
    ],
    "253": [
        8,
        50,
        110
    ],
    "254": [
        8,
        49,
        109
    ],
    "255": [
        8,
        48,
        107
    ]
}