{
    "0": [
        84,
        48,
        5
    ],
    "1": [
        86,
        49,
        5
    ],
    "2": [
        88,
        51,
        5
    ],
    "3": [
        91,
        52,
        6
    ],
    "4": [
        93,
        53,
        6
    ],
    "5": [
        95,
        54,
        6
    ],
    "6": [
        97,
        56,
        6
    ],
    "7": [
        99,
        57,
        6
    ],
    "8": [
        102,
        58,
        7
    ],
    "9": [
        104,
        60,
        7
    ],
    "10": [
        106,
        61,
        7
    ],
    "11": [
        108,
        62,
        7
    ],
    "12": [
        110,
        64,
        7
    ],
    "13": [
        113,
        65,
        8
    ],
    "14": [
        115,
        66,
        8
    ],
    "15": [
        117,
        67,
        8
    ],
    "16": [
        119,
        69,
        8
    ],
    "17": [
        121,
        70,
        8
    ],
    "18": [
        124,
        71,
        9
    ],
    "19": [
        126,
        73,
        9
    ],
    "20": [
        128,
        74,
        9
    ],
    "21": [
        130,
        75,
        9
    ],
    "22": [
        132,
        76,
        9
    ],
    "23": [
        135,
        78,
        10
    ],
    "24": [
        137,
        79,
        10
    ],
    "25": [
        139,
        80,
        10
    ],
    "26": [
        141,
        82,
        11
    ],
    "27": [
        143,
        84,
        12
    ],
    "28": [
        145,
        86,
        13
    ],
    "29": [
        147,
        88,
        15
    ],
    "30": [
        149,
        89,
        16
    ],
    "31": [
        151,
        91,
        18
    ],
    "32": [
        153,
        93,
        19
    ],
    "33": [
        155,
        95,
        20
    ],
    "34": [
        157,
        97,
        22
    ],
    "35": [
        159,
        99,
        23
    ],
    "36": [
        161,
        101,
        24
    ],
    "37": [
        163,
        103,
        26
    ],
    "38": [
        165,
        105,
        27
    ],
    "39": [
        167,
        106,
        29
    ],
    "40": [
        169,
        108,
        30
    ],
    "41": [
        171,
        110,
        31
    ],
    "42": [
        173,
        112,
        33
    ],
    "43": [
        175,
        114,
        34
    ],
    "44": [
        177,
        116,
        35
    ],
    "45": [
        179,
        118,
        37
    ],
    "46": [
        181,
        120,
        38
    ],
    "47": [
        183,
        121,
        40
    ],
    "48": [
        185,
        123,
        41
    ],
    "49": [
        187,
        125,
        42
    ],
    "50": [
        189,
        127,
        44
    ],
    "51": [
        191,
        129,
        45
    ],
    "52": [
        192,
        132,
        48
    ],
    "53": [
        194,
        134,
        51
    ],
    "54": [
        195,
        137,
        54
    ],
    "55": [
        196,
        139,
        58
    ],
    "56": [
        197,
        142,
        61
    ],
    "57": [
        199,
        144,
        64
    ],
    "58": [
        200,
        147,
        67
    ],
    "59": [
        201,
        149,
        70
    ],
    "60": [
        202,
        152,
        73
    ],
    "61": [
        204,
        154,
        76
    ],
    "62": [
        205,
        157,
        80
    ],
    "63": [
        206,
        160,
        83
    ],
    "64": [
        207,
        162,
        86
    ],
    "65": [
        209,
        165,
        89
    ],
    "66": [
        210,
        167,
        92
    ],
    "67": [
        211,
        170,
        95
    ],
    "68": [
        212,
        172,
        98
    ],
    "69": [
        214,
        175,
        101
    ],
    "70": [
        215,
        177,
        105
    ],
    "71": [
        216,
        180,
        108
    ],
    "72": [
        217,
        183,
        111
    ],
    "73": [
        219,
        185,
        114
    ],
    "74": [
        220,
        188,
        117
    ],
    "75": [
        221,
        190,
        120
    ],
    "76": [
        222,
        193,
        123
    ],
    "77": [
        223,
        195,
        126
    ],
    "78": [
        224,
        196,
        129
    ],
    "79": [
        225,
        198,
        132
    ],
    "80": [
        226,
        199,
        135
    ],
    "81": [
        227,
        201,
        137
    ],
    "82": [
        228,
        202,
        140
    ],
    "83": [
        229,
        204,
        143
    ],
    "84": [
        230,
        205,
        146
    ],
    "85": [
        231,
        207,
        148
    ],
    "86": [
        232,
        208,
        151
    ],
    "87": [
        232,
        210,
        154
    ],
    "88": [
        233,
        211,
        157
    ],
    "89": [
        234,
        213,
        159
    ],
    "90": [
        235,
        214,
        162
    ],
    "91": [
        236,
        216,
        165
    ],
    "92": [
        237,
        217,
        168
    ],
    "93": [
        238,
        219,
        170
    ],
    "94": [
        239,
        220,
        173
    ],
    "95": [
        240,
        222,
        176
    ],
    "96": [
        241,
        223,
        179
    ],
    "97": [
        241,
        225,
        181
    ],
    "98": [
        242,
        226,
        184
    ],
    "99": [
        243,
        228,
        187
    ],
    "100": [
        244,
        229,
        190
    ],
    "101": [
        245,
        231,
        192
    ],
    "102": [
        246,
        232,
        195
    ],
    "103": [
        246,
        233,
        197
    ],
    "104": [
        246,
        233,
        199
    ],
    "105": [
        246,
        234,
        201
    ],
    "106": [
        246,
        234,
        203
    ],
    "107": [
        246,
        235,
        205
    ],
    "108": [
        246,
        235,
        207
    ],
    "109": [
        246,
        236,
        209
    ],
    "110": [
        246,
        236,
        211
    ],
    "111": [
        246,
        237,
        213
    ],
    "112": [
        246,
        237,
        215
    ],
    "113": [
        246,
        238,
        217
    ],
    "114": [
        246,
        238,
        219
    ],
    "115": [
        245,
        239,
        220
    ],
    "116": [
        245,
        239,
        222
    ],
    "117": [
        245,
        240,
        224
    ],
    "118": [
        245,
        240,
        226
    ],
    "119": [
        245,
        241,
        228
    ],
    "120": [
        245,
        241,
        230
    ],
    "121": [
        245,
        242,
        232
    ],
    "122": [
        245,
        242,
        234
    ],
    "123": [
        245,
        243,
        236
    ],
    "124": [
        245,
        243,
        238
    ],
    "125": [
        245,
        244,
        240
    ],
    "126": [
        245,
        244,
        242
    ],
    "127": [
        245,
        245,
        244
    ],
    "128": [
        244,
        245,
        245
    ],
    "129": [
        242,
        244,
        244
    ],
    "130": [
        240,
        244,
        243
    ],
    "131": [
        239,
        243,
        243
    ],
    "132": [
        237,
        243,
        242
    ],
    "133": [
        235,
        243,
        242
    ],
    "134": [
        233,
        242,
        241
    ],
    "135": [
        231,
        242,
        240
    ],
    "136": [
        230,
        241,
        240
    ],
    "137": [
        228,
        241,
        239
    ],
    "138": [
        226,
        240,
        238
    ],
    "139": [
        224,
        240,
        238
    ],
    "140": [
        222,
        240,
        237
    ],
    "141": [
        221,
        239,
        237
    ],
    "142": [
        219,
        239,
        236
    ],
    "143": [
        217,
        238,
        235
    ],
    "144": [
        215,
        238,
        235
    ],
    "145": [
        213,
        237,
        234
    ],
    "146": [
        212,
        237,
        233
    ],
    "147": [
        210,
        237,
        233
    ],
    "148": [
        208,
        236,
        232
    ],
    "149": [
        206,
        236,
        232
    ],
    "150": [
        204,
        235,
        231
    ],
    "151": [
        203,
        235,
        230
    ],
    "152": [
        201,
        234,
        230
    ],
    "153": [
        199,
        234,
        229
    ],
    "154": [
        196,
        233,
        228
    ],
    "155": [
        193,
        232,
        226
    ],
    "156": [
        191,
        231,
        225
    ],
    "157": [
        188,
        229,
        223
    ],
    "158": [
        185,
        228,
        222
    ],
    "159": [
        182,
        227,
        221
    ],
    "160": [
        180,
        226,
        219
    ],
    "161": [
        177,
        225,
        218
    ],
    "162": [
        174,
        224,
        216
    ],
    "163": [
        171,
        223,
        215
    ],
    "164": [
        168,
        221,
        213
    ],
    "165": [
        166,
        220,
        212
    ],
    "166": [
        163,
        219,
        211
    ],
    "167": [
        160,
        218,
        209
    ],
    "168": [
        157,
        217,
        208
    ],
    "169": [
        154,
        216,
        206
    ],
    "170": [
        152,
        215,
        205
    ],
    "171": [
        149,
        214,
        204
    ],
    "172": [
        146,
        212,
        202
    ],
    "173": [
        143,
        211,
        201
    ],
    "174": [
        141,
        210,
        199
    ],
    "175": [
        138,
        209,
        198
    ],
    "176": [
        135,
        208,
        197
    ],
    "177": [
        132,
        207,
        195
    ],
    "178": [
        129,
        206,
        194
    ],
    "179": [
        127,
        204,
        192
    ],
    "180": [
        124,
        202,
        190
    ],
    "181": [
        121,
        200,
        188
    ],
    "182": [
        118,
        198,
        186
    ],
    "183": [
        115,
        195,
        184
    ],
    "184": [
        112,
        193,
        182
    ],
    "185": [
        109,
        191,
        180
    ],
    "186": [
        106,
        189,
        178
    ],
    "187": [
        103,
        187,
        176
    ],
    "188": [
        100,
        185,
        174
    ],
    "189": [
        97,
        183,
        172
    ],
    "190": [
        94,
        181,
        170
    ],
    "191": [
        91,
        179,
        168
    ],
    "192": [
        88,
        176,
        167
    ],
    "193": [
        85,
        174,
        165
    ],
    "194": [
        82,
        172,
        163
    ],
    "195": [
        79,
        170,
        161
    ],
    "196": [
        77,
        168,
        159
    ],
    "197": [
        74,
        166,
        157
    ],
    "198": [
        71,
        164,
        155
    ],
    "199": [
        68,
        162,
        153
    ],
    "200": [
        65,
        159,
        151
    ],
    "201": [
        62,
        157,
        149
    ],
    "202": [
        59,
        155,
        147
    ],
    "203": [
        56,
        153,
        145
    ],
    "204": [
        53,
        151,
        143
    ],
    "205": [
        51,
        149,
        141
    ],
    "206": [
        49,
        147,
        139
    ],
    "207": [
        47,
        145,
        137
    ],
    "208": [
        45,
        143,
        135
    ],
    "209": [
        43,
        141,
        133
    ],
    "210": [
        41,
        139,
        131
    ],
    "211": [
        39,
        138,
        130
    ],
    "212": [
        37,
        136,
        128
    ],
    "213": [
        35,
        134,
        126
    ],
    "214": [
        33,
        132,
        124
    ],
    "215": [
        31,
        130,
        122
    ],
    "216": [
        29,
        128,
        120
    ],
    "217": [
        26,
        126,
        118
    ],
    "218": [
        24,
        124,
        116
    ],
    "219": [
        22,
        122,
        114
    ],
    "220": [
        20,
        120,
        112
    ],
    "221": [
        18,
        118,
        110
    ],
    "222": [
        16,
        116,
        108
    ],
    "223": [
        14,
        114,
        106
    ],
    "224": [
        12,
        113,
        105
    ],
    "225": [
        10,
        111,
        103
    ],
    "226": [
        8,
        109,
        101
    ],
    "227": [
        6,
        107,
        99
    ],
    "228": [
        4,
        105,
        97
    ],
    "229": [
        2,
        103,
        95
    ],
    "230": [
        1,
        101,
        93
    ],
    "231": [
        1,
        100,
        91
    ],
    "232": [
        1,
        98,
        89
    ],
    "233": [
        1,
        96,
        88
    ],
    "234": [
        1,
        95,
        86
    ],
    "235": [
        1,
        93,
        84
    ],
    "236": [
        1,
        91,
        82
    ],
    "237": [
        1,
        90,
        80
    ],
    "238": [
        1,
        88,
        79
    ],
    "239": [
        1,
        86,
        77
    ],
    "240": [
        1,
        85,
        75
    ],
    "241": [
        1,
        83,
        73
    ],
    "242": [
        1,
        81,
        71
    ],
    "243": [
        0,
        80,
        70
    ],
    "244": [
        0,
        78,
        68
    ],
    "245": [
        0,
        76,
        66
    ],
    "246": [
        0,
        75,
        64
    ],
    "247": [
        0,
        73,
        62
    ],
    "248": [
        0,
        72,
        61
    ],
    "249": [
        0,
        70,
        59
    ],
    "250": [
        0,
        68,
        57
    ],
    "251": [
        0,
        67,
        55
    ],
    "252": [
        0,
        65,
        53
    ],
    "253": [
        0,
        63,
        52
    ],
    "254": [
        0,
        62,
        50
    ],
    "255": [
        0,
        60,
        48
    ]
}