{
    "0": [
        0,
        0,
        255
    ],
    "1": [
        2,
        0,
        253
    ],
    "2": [
        4,
        0,
        251
    ],
    "3": [
        6,
        0,
        249
    ],
    "4": [
        8,
        0,
        247
    ],
    "5": [
        10,
        0,
        245
    ],
    "6": [
        12,
        0,
        243
    ],
    "7": [
        14,
        0,
        241
    ],
    "8": [
        16,
        0,
        239
    ],
    "9": [
        18,
        0,
        237
    ],
    "10": [
        20,
        0,
        235
    ],
    "11": [
        22,
        0,
        233
    ],
    "12": [
        24,
        0,
        231
    ],
    "13": [
        26,
        0,
        229
    ],
    "14": [
        28,
        0,
        227
    ],
    "15": [
        30,
        0,
        225
    ],
    "16": [
        32,
        0,
        223
    ],
    "17": [
        34,
        0,
        221
    ],
    "18": [
        36,
        0,
        219
    ],
    "19": [
        38,
        0,
        217
    ],
    "20": [
        40,
        0,
        215
    ],
    "21": [
        42,
        0,
        213
    ],
    "22": [
        44,
        0,
        211
    ],
    "23": [
        46,
        0,
        209
    ],
    "24": [
        48,
        0,
        207
    ],
    "25": [
        50,
        0,
        205
    ],
    "26": [
        52,
        0,
        203
    ],
    "27": [
        54,
        0,
        201
    ],
    "28": [
        56,
        0,
        199
    ],
    "29": [
        58,
        0,
        197
    ],
    "30": [
        60,
        0,
        195
    ],
    "31": [
        62,
        0,
        193
    ],
    "32": [
        64,
        0,
        191
    ],
    "33": [
        66,
        0,
        189
    ],
    "34": [
        68,
        0,
        187
    ],
    "35": [
        70,
        0,
        185
    ],
    "36": [
        72,
        0,
        183
    ],
    "37": [
        74,
        0,
        181
    ],
    "38": [
        76,
        0,
        179
    ],
    "39": [
        78,
        0,
        177
    ],
    "40": [
        80,
        0,
        175
    ],
    "41": [
        82,
        0,
        173
    ],
    "42": [
        84,
        0,
        171
    ],
    "43": [
        86,
        0,
        169
    ],
    "44": [
        88,
        0,
        167
    ],
    "45": [
        90,
        0,
        165
    ],
    "46": [
        92,
        0,
        163
    ],
    "47": [
        94,
        0,
        161
    ],
    "48": [
        96,
        0,
        159
    ],
    "49": [
        98,
        0,
        157
    ],
    "50": [
        100,
        0,
        155
    ],
    "51": [
        102,
        0,
        153
    ],
    "52": [
        104,
        0,
        151
    ],
    "53": [
        106,
        0,
        149
    ],
    "54": [
        108,
        0,
        147
    ],
    "55": [
        110,
        0,
        145
    ],
    "56": [
        112,
        0,
        143
    ],
    "57": [
        114,
        0,
        141
    ],
    "58": [
        116,
        0,
        139
    ],
    "59": [
        118,
        0,
        137
    ],
    "60": [
        120,
        0,
        135
    ],
    "61": [
        122,
        0,
        133
    ],
    "62": [
        124,
        0,
        131
    ],
    "63": [
        126,
        0,
        129
    ],
    "64": [
        128,
        0,
        127
    ],
    "65": [
        130,
        0,
        125
    ],
    "66": [
        132,
        0,
        123
    ],
    "67": [
        134,
        0,
        121
    ],
    "68": [
        136,
        0,
        119
    ],
    "69": [
        138,
        0,
        117
    ],
    "70": [
        140,
        0,
        115
    ],
    "71": [
        142,
        0,
        113
    ],
    "72": [
        144,
        0,
        111
    ],
    "73": [
        146,
        0,
        109
    ],
    "74": [
        148,
        0,
        107
    ],
    "75": [
        150,
        0,
        105
    ],
    "76": [
        152,
        0,
        103
    ],
    "77": [
        154,
        0,
        101
    ],
    "78": [
        156,
        0,
        99
    ],
    "79": [
        158,
        0,
        97
    ],
    "80": [
        160,
        0,
        95
    ],
    "81": [
        162,
        0,
        93
    ],
    "82": [
        164,
        0,
        91
    ],
    "83": [
        166,
        0,
        89
    ],
    "84": [
        168,
        0,
        87
    ],
    "85": [
        170,
        0,
        85
    ],
    "86": [
        172,
        0,
        83
    ],
    "87": [
        174,
        0,
        81
    ],
    "88": [
        176,
        0,
        79
    ],
    "89": [
        178,
        0,
        77
    ],
    "90": [
        180,
        0,
        75
    ],
    "91": [
        182,
        0,
        73
    ],
    "92": [
        184,
        0,
        71
    ],
    "93": [
        186,
        0,
        69
    ],
    "94": [
        188,
        0,
        67
    ],
    "95": [
        190,
        0,
        65
    ],
    "96": [
        192,
        0,
        63
    ],
    "97": [
        194,
        0,
        61
    ],
    "98": [
        196,
        0,
        59
    ],
    "99": [
        198,
        0,
        57
    ],
    "100": [
        200,
        0,
        55
    ],
    "101": [
        202,
        0,
        53
    ],
    "102": [
        204,
        0,
        51
    ],
    "103": [
        206,
        0,
        49
    ],
    "104": [
        208,
        0,
        47
    ],
    "105": [
        210,
        0,
        45
    ],
    "106": [
        212,
        0,
        43
    ],
    "107": [
        214,
        0,
        41
    ],
    "108": [
        216,
        0,
        39
    ],
    "109": [
        218,
        0,
        37
    ],
    "110": [
        220,
        0,
        35
    ],
    "111": [
        222,
        0,
        33
    ],
    "112": [
        224,
        0,
        31
    ],
    "113": [
        226,
        0,
        29
    ],
    "114": [
        228,
        0,
        27
    ],
    "115": [
        230,
        0,
        25
    ],
    "116": [
        232,
        0,
        23
    ],
    "117": [
        234,
        0,
        21
    ],
    "118": [
        236,
        0,
        19
    ],
    "119": [
        238,
        0,
        17
    ],
    "120": [
        240,
        0,
        15
    ],
    "121": [
        242,
        0,
        13
    ],
    "122": [
        244,
        0,
        11
    ],
    "123": [
        246,
        0,
        9
    ],
    "124": [
        248,
        0,
        7
    ],
    "125": [
        250,
        0,
        5
    ],
    "126": [
        252,
        0,
        3
    ],
    "127": [
        254,
        0,
        1
    ],
    "128": [
        254,
        1,
        0
    ],
    "129": [
        252,
        3,
        0
    ],
    "130": [
        250,
        5,
        0
    ],
    "131": [
        248,
        7,
        0
    ],
    "132": [
        246,
        9,
        0
    ],
    "133": [
        244,
        11,
        0
    ],
    "134": [
        242,
        13,
        0
    ],
    "135": [
        240,
        15,
        0
    ],
    "136": [
        238,
        17,
        0
    ],
    "137": [
        236,
        19,
        0
    ],
    "138": [
        234,
        21,
        0
    ],
    "139": [
        232,
        23,
        0
    ],
    "140": [
        230,
        25,
        0
    ],
    "141": [
        228,
        27,
        0
    ],
    "142": [
        226,
        29,
        0
    ],
    "143": [
        224,
        31,
        0
    ],
    "144": [
        222,
        33,
        0
    ],
    "145": [
        220,
        35,
        0
    ],
    "146": [
        218,
        37,
        0
    ],
    "147": [
        216,
        39,
        0
    ],
    "148": [
        214,
        41,
        0
    ],
    "149": [
        212,
        43,
        0
    ],
    "150": [
        210,
        45,
        0
    ],
    "151": [
        208,
        47,
        0
    ],
    "152": [
        206,
        49,
        0
    ],
    "153": [
        204,
        51,
        0
    ],
    "154": [
        202,
        53,
        0
    ],
    "155": [
        200,
        55,
        0
    ],
    "156": [
        198,
        57,
        0
    ],
    "157": [
        196,
        59,
        0
    ],
    "158": [
        194,
        61,
        0
    ],
    "159": [
        192,
        63,
        0
    ],
    "160": [
        190,
        65,
        0
    ],
    "161": [
        188,
        67,
        0
    ],
    "162": [
        186,
        69,
        0
    ],
    "163": [
        184,
        71,
        0
    ],
    "164": [
        182,
        73,
        0
    ],
    "165": [
        180,
        75,
        0
    ],
    "166": [
        178,
        77,
        0
    ],
    "167": [
        176,
        79,
        0
    ],
    "168": [
        174,
        81,
        0
    ],
    "169": [
        172,
        83,
        0
    ],
    "170": [
        170,
        85,
        0
    ],
    "171": [
        168,
        87,
        0
    ],
    "172": [
        166,
        89,
        0
    ],
    "173": [
        164,
        91,
        0
    ],
    "174": [
        162,
        93,
        0
    ],
    "175": [
        160,
        95,
        0
    ],
    "176": [
        158,
        97,
        0
    ],
    "177": [
        156,
        99,
        0
    ],
    "178": [
        154,
        101,
        0
    ],
    "179": [
        152,
        103,
        0
    ],
    "180": [
        150,
        105,
        0
    ],
    "181": [
        148,
        107,
        0
    ],
    "182": [
        146,
        109,
        0
    ],
    "183": [
        144,
        111,
        0
    ],
    "184": [
        142,
        113,
        0
    ],
    "185": [
        140,
        115,
        0
    ],
    "186": [
        138,
        117,
        0
    ],
    "187": [
        136,
        119,
        0
    ],
    "188": [
        134,
        121,
        0
    ],
    "189": [
        132,
        123,
        0
    ],
    "190": [
        130,
        125,
        0
    ],
    "191": [
        128,
        127,
        0
    ],
    "192": [
        126,
        129,
        0
    ],
    "193": [
        124,
        131,
        0
    ],
    "194": [
        122,
        133,
        0
    ],
    "195": [
        120,
        135,
        0
    ],
    "196": [
        118,
        137,
        0
    ],
    "197": [
        116,
        139,
        0
    ],
    "198": [
        114,
        141,
        0
    ],
    "199": [
        112,
        143,
        0
    ],
    "200": [
        110,
        145,
        0
    ],
    "201": [
        108,
        147,
        0
    ],
    "202": [
        106,
        149,
        0
    ],
    "203": [
        104,
        151,
        0
    ],
    "204": [
        102,
        153,
        0
    ],
    "205": [
        100,
        155,
        0
    ],
    "206": [
        98,
        157,
        0
    ],
    "207": [
        96,
        159,
        0
    ],
    "208": [
        94,
        161,
        0
    ],
    "209": [
        92,
        163,
        0
    ],
    "210": [
        90,
        165,
        0
    ],
    "211": [
        88,
        167,
        0
    ],
    "212": [
        86,
        169,
        0
    ],
    "213": [
        84,
        171,
        0
    ],
    "214": [
        82,
        173,
        0
    ],
    "215": [
        80,
        175,
        0
    ],
    "216": [
        78,
        177,
        0
    ],
    "217": [
        76,
        179,
        0
    ],
    "218": [
        74,
        181,
        0
    ],
    "219": [
        72,
        183,
        0
    ],
    "220": [
        70,
        185,
        0
    ],
    "221": [
        68,
        187,
        0
    ],
    "222": [
        66,
        189,
        0
    ],
    "223": [
        64,
        191,
        0
    ],
    "224": [
        62,
        193,
        0
    ],
    "225": [
        60,
        195,
        0
    ],
    "226": [
        58,
        197,
        0
    ],
    "227": [
        56,
        199,
        0
    ],
    "228": [
        54,
        201,
        0
    ],
    "229": [
        52,
        203,
        0
    ],
    "230": [
        50,
        205,
        0
    ],
    "231": [
        48,
        207,
        0
    ],
    "232": [
        46,
        209,
        0
    ],
    "233": [
        44,
        211,
        0
    ],
    "234": [
        42,
        213,
        0
    ],
    "235": [
        40,
        215,
        0
    ],
    "236": [
        38,
        217,
        0
    ],
    "237": [
        36,
        219,
        0
    ],
    "238": [
        34,
        221,
        0
    ],
    "239": [
        32,
        223,
        0
    ],
    "240": [
        30,
        225,
        0
    ],
    "241": [
        28,
        227,
        0
    ],
    "242": [
        26,
        229,
        0
    ],
    "243": [
        24,
        231,
        0
    ],
    "244": [
        22,
        233,
        0
    ],
    "245": [
        20,
        235,
        0
    ],
    "246": [
        18,
        237,
        0
    ],
    "247": [
        16,
        239,
        0
    ],
    "248": [
        14,
        241,
        0
    ],
    "249": [
        12,
        243,
        0
    ],
    "250": [
        10,
        245,
        0
    ],
    "251": [
        8,
        247,
        0
    ],
    "252": [
        6,
        249,
        0
    ],
    "253": [
        4,
        251,
        0
    ],
    "254": [
        2,
        253,
        0
    ],
    "255": [
        0,
        255,
        0
    ]
}