{
    "0": [
        0,
        0,
        255
    ],
    "1": [
        2,
        2,
        255
    ],
    "2": [
        4,
        4,
        255
    ],
    "3": [
        6,
        6,
        255
    ],
    "4": [
        8,
        8,
        255
    ],
    "5": [
        10,
        10,
        255
    ],
    "6": [
        12,
        12,
        255
    ],
    "7": [
        14,
        14,
        255
    ],
    "8": [
        16,
        16,
        255
    ],
    "9": [
        18,
        18,
        255
    ],
    "10": [
        20,
        20,
        255
    ],
    "11": [
        22,
        22,
        255
    ],
    "12": [
        24,
        24,
        255
    ],
    "13": [
        26,
        26,
        255
    ],
    "14": [
        28,
        28,
        255
    ],
    "15": [
        30,
        30,
        255
    ],
    "16": [
        32,
        32,
        255
    ],
    "17": [
        34,
        34,
        255
    ],
    "18": [
        36,
        36,
        255
    ],
    "19": [
        38,
        38,
        255
    ],
    "20": [
        40,
        40,
        255
    ],
    "21": [
        42,
        42,
        255
    ],
    "22": [
        44,
        44,
        255
    ],
    "23": [
        46,
        46,
        255
    ],
    "24": [
        48,
        48,
        255
    ],
    "25": [
        50,
        50,
        255
    ],
    "26": [
        52,
        52,
        255
    ],
    "27": [
        54,
        54,
        255
    ],
    "28": [
        56,
        56,
        255
    ],
    "29": [
        58,
        58,
        255
    ],
    "30": [
        60,
        60,
        255
    ],
    "31": [
        62,
        62,
        255
    ],
    "32": [
        64,
        64,
        255
    ],
    "33": [
        66,
        66,
        255
    ],
    "34": [
        68,
        68,
        255
    ],
    "35": [
        70,
        70,
        255
    ],
    "36": [
        72,
        72,
        255
    ],
    "37": [
        74,
        74,
        255
    ],
    "38": [
        76,
        76,
        255
    ],
    "39": [
        78,
        78,
        255
    ],
    "40": [
        80,
        80,
        255
    ],
    "41": [
        82,
        82,
        255
    ],
    "42": [
        84,
        84,
        255
    ],
    "43": [
        86,
        86,
        255
    ],
    "44": [
        88,
        88,
        255
    ],
    "45": [
        90,
        90,
        255
    ],
    "46": [
        92,
        92,
        255
    ],
    "47": [
        94,
        94,
        255
    ],
    "48": [
        96,
        96,
        255
    ],
    "49": [
        98,
        98,
        255
    ],
    "50": [
        100,
        100,
        255
    ],
    "51": [
        102,
        102,
        255
    ],
    "52": [
        104,
        104,
        255
    ],
    "53": [
        106,
        106,
        255
    ],
    "54": [
        108,
        108,
        255
    ],
    "55": [
        110,
        110,
        255
    ],
    "56": [
        112,
        112,
        255
    ],
    "57": [
        114,
        114,
        255
    ],
    "58": [
        116,
        116,
        255
    ],
    "59": [
        118,
        118,
        255
    ],
    "60": [
        120,
        120,
        255
    ],
    "61": [
        122,
        122,
        255
    ],
    "62": [
        124,
        124,
        255
    ],
    "63": [
        126,
        126,
        255
    ],
    "64": [
        128,
        128,
        255
    ],
    "65": [
        130,
        130,
        255
    ],
    "66": [
        132,
        132,
        255
    ],
    "67": [
        134,
        134,
        255
    ],
    "68": [
        136,
        136,
        255
    ],
    "69": [
        138,
        138,
        255
    ],
    "70": [
        140,
        140,
        255
    ],
    "71": [
        142,
        142,
        255
    ],
    "72": [
        144,
        144,
        255
    ],
    "73": [
        146,
        146,
        255
    ],
    "74": [
        148,
        148,
        255
    ],
    "75": [
        150,
        150,
        255
    ],
    "76": [
        152,
        152,
        255
    ],
    "77": [
        154,
        154,
        255
    ],
    "78": [
        156,
        156,
        255
    ],
    "79": [
        158,
        158,
        255
    ],
    "80": [
        160,
        160,
        255
    ],
    "81": [
        162,
        162,
        255
    ],
    "82": [
        164,
        164,
        255
    ],
    "83": [
        166,
        166,
        255
    ],
    "84": [
        168,
        168,
        255
    ],
    "85": [
        170,
        170,
        255
    ],
    "86": [
        172,
        172,
        255
    ],
    "87": [
        174,
        174,
        255
    ],
    "88": [
        176,
        176,
        255
    ],
    "89": [
        178,
        178,
        255
    ],
    "90": [
        180,
        180,
        255
    ],
    "91": [
        182,
        182,
        255
    ],
    "92": [
        184,
        184,
        255
    ],
    "93": [
        186,
        186,
        255
    ],
    "94": [
        188,
        188,
        255
    ],
    "95": [
        190,
        190,
        255
    ],
    "96": [
        192,
        192,
        255
    ],
    "97": [
        194,
        194,
        255
    ],
    "98": [
        196,
        196,
        255
    ],
    "99": [
        198,
        198,
        255
    ],
    "100": [
        200,
        200,
        255
    ],
    "101": [
        202,
        202,
        255
    ],
    "102": [
        204,
        204,
        255
    ],
    "103": [
        206,
        206,
        255
    ],
    "104": [
        208,
        208,
        255
    ],
    "105": [
        210,
        210,
        255
    ],
    "106": [
        212,
        212,
        255
    ],
    "107": [
        214,
        214,
        255
    ],
    "108": [
        216,
        216,
        255
    ],
    "109": [
        218,
        218,
        255
    ],
    "110": [
        220,
        220,
        255
    ],
    "111": [
        222,
        222,
        255
    ],
    "112": [
        224,
        224,
        255
    ],
    "113": [
        226,
        226,
        255
    ],
    "114": [
        228,
        228,
        255
    ],
    "115": [
        230,
        230,
        255
    ],
    "116": [
        232,
        232,
        255
    ],
    "117": [
        234,
        234,
        255
    ],
    "118": [
        236,
        236,
        255
    ],
    "119": [
        238,
        238,
        255
    ],
    "120": [
        240,
        240,
        255
    ],
    "121": [
        242,
        242,
        255
    ],
    "122": [
        244,
        244,
        255
    ],
    "123": [
        246,
        246,
        255
    ],
    "124": [
        248,
        248,
        255
    ],
    "125": [
        250,
        250,
        255
    ],
    "126": [
        252,
        252,
        255
    ],
    "127": [
        254,
        254,
        255
    ],
    "128": [
        255,
        254,
        254
    ],
    "129": [
        255,
        252,
        252
    ],
    "130": [
        255,
        250,
        250
    ],
    "131": [
        255,
        248,
        248
    ],
    "132": [
        255,
        246,
        246
    ],
    "133": [
        255,
        244,
        244
    ],
    "134": [
        255,
        242,
        242
    ],
    "135": [
        255,
        240,
        240
    ],
    "136": [
        255,
        238,
        238
    ],
    "137": [
        255,
        236,
        236
    ],
    "138": [
        255,
        234,
        234
    ],
    "139": [
        255,
        232,
        232
    ],
    "140": [
        255,
        230,
        230
    ],
    "141": [
        255,
        228,
        228
    ],
    "142": [
        255,
        226,
        226
    ],
    "143": [
        255,
        224,
        224
    ],
    "144": [
        255,
        222,
        222
    ],
    "145": [
        255,
        220,
        220
    ],
    "146": [
        255,
        218,
        218
    ],
    "147": [
        255,
        216,
        216
    ],
    "148": [
        255,
        214,
        214
    ],
    "149": [
        255,
        212,
        212
    ],
    "150": [
        255,
        210,
        210
    ],
    "151": [
        255,
        208,
        208
    ],
    "152": [
        255,
        206,
        206
    ],
    "153": [
        255,
        204,
        204
    ],
    "154": [
        255,
        202,
        202
    ],
    "155": [
        255,
        200,
        200
    ],
    "156": [
        255,
        198,
        198
    ],
    "157": [
        255,
        196,
        196
    ],
    "158": [
        255,
        194,
        194
    ],
    "159": [
        255,
        192,
        192
    ],
    "160": [
        255,
        190,
        190
    ],
    "161": [
        255,
        188,
        188
    ],
    "162": [
        255,
        186,
        186
    ],
    "163": [
        255,
        184,
        184
    ],
    "164": [
        255,
        182,
        182
    ],
    "165": [
        255,
        180,
        180
    ],
    "166": [
        255,
        178,
        178
    ],
    "167": [
        255,
        176,
        176
    ],
    "168": [
        255,
        174,
        174
    ],
    "169": [
        255,
        172,
        172
    ],
    "170": [
        255,
        170,
        170
    ],
    "171": [
        255,
        168,
        168
    ],
    "172": [
        255,
        166,
        166
    ],
    "173": [
        255,
        164,
        164
    ],
    "174": [
        255,
        162,
        162
    ],
    "175": [
        255,
        160,
        160
    ],
    "176": [
        255,
        158,
        158
    ],
    "177": [
        255,
        156,
        156
    ],
    "178": [
        255,
        154,
        154
    ],
    "179": [
        255,
        152,
        152
    ],
    "180": [
        255,
        150,
        150
    ],
    "181": [
        255,
        148,
        148
    ],
    "182": [
        255,
        146,
        146
    ],
    "183": [
        255,
        144,
        144
    ],
    "184": [
        255,
        142,
        142
    ],
    "185": [
        255,
        140,
        140
    ],
    "186": [
        255,
        138,
        138
    ],
    "187": [
        255,
        136,
        136
    ],
    "188": [
        255,
        134,
        134
    ],
    "189": [
        255,
        132,
        132
    ],
    "190": [
        255,
        130,
        130
    ],
    "191": [
        255,
        128,
        128
    ],
    "192": [
        255,
        126,
        126
    ],
    "193": [
        255,
        124,
        124
    ],
    "194": [
        255,
        122,
        122
    ],
    "195": [
        255,
        120,
        120
    ],
    "196": [
        255,
        118,
        118
    ],
    "197": [
        255,
        116,
        116
    ],
    "198": [
        255,
        114,
        114
    ],
    "199": [
        255,
        112,
        112
    ],
    "200": [
        255,
        110,
        110
    ],
    "201": [
        255,
        108,
        108
    ],
    "202": [
        255,
        106,
        106
    ],
    "203": [
        255,
        104,
        104
    ],
    "204": [
        255,
        102,
        102
    ],
    "205": [
        255,
        100,
        100
    ],
    "206": [
        255,
        98,
        98
    ],
    "207": [
        255,
        96,
        96
    ],
    "208": [
        255,
        94,
        94
    ],
    "209": [
        255,
        92,
        92
    ],
    "210": [
        255,
        90,
        90
    ],
    "211": [
        255,
        88,
        88
    ],
    "212": [
        255,
        86,
        86
    ],
    "213": [
        255,
        84,
        84
    ],
    "214": [
        255,
        82,
        82
    ],
    "215": [
        255,
        80,
        80
    ],
    "216": [
        255,
        78,
        78
    ],
    "217": [
        255,
        76,
        76
    ],
    "218": [
        255,
        74,
        74
    ],
    "219": [
        255,
        72,
        72
    ],
    "220": [
        255,
        70,
        70
    ],
    "221": [
        255,
        68,
        68
    ],
    "222": [
        255,
        66,
        66
    ],
    "223": [
        255,
        64,
        64
    ],
    "224": [
        255,
        62,
        62
    ],
    "225": [
        255,
        60,
        60
    ],
    "226": [
        255,
        58,
        58
    ],
    "227": [
        255,
        56,
        56
    ],
    "228": [
        255,
        54,
        54
    ],
    "229": [
        255,
        52,
        52
    ],
    "230": [
        255,
        50,
        50
    ],
    "231": [
        255,
        48,
        48
    ],
    "232": [
        255,
        46,
        46
    ],
    "233": [
        255,
        44,
        44
    ],
    "234": [
        255,
        42,
        42
    ],
    "235": [
        255,
        40,
        40
    ],
    "236": [
        255,
        38,
        38
    ],
    "237": [
        255,
        36,
        36
    ],
    "238": [
        255,
        34,
        34
    ],
    "239": [
        255,
        32,
        32
    ],
    "240": [
        255,
        30,
        30
    ],
    "241": [
        255,
        28,
        28
    ],
    "242": [
        255,
        26,
        26
    ],
    "243": [
        255,
        24,
        24
    ],
    "244": [
        255,
        22,
        22
    ],
    "245": [
        255,
        20,
        20
    ],
    "246": [
        255,
        18,
        18
    ],
    "247": [
        255,
        16,
        16
    ],
    "248": [
        255,
        14,
        14
    ],
    "249": [
        255,
        12,
        12
    ],
    "250": [
        255,
        10,
        10
    ],
    "251": [
        255,
        8,
        8
    ],
    "252": [
        255,
        6,
        6
    ],
    "253": [
        255,
        4,
        4
    ],
    "254": [
        255,
        2,
        2
    ],
    "255": [
        255,
        0,
        0
    ]
}