{
    "0": [
        0,
        0,
        0
    ],
    "1": [
        1,
        1,
        4
    ],
    "2": [
        2,
        2,
        8
    ],
    "3": [
        4,
        4,
        12
    ],
    "4": [
        5,
        5,
        16
    ],
    "5": [
        6,
        6,
        20
    ],
    "6": [
        7,
        7,
        24
    ],
    "7": [
        8,
        8,
        28
    ],
    "8": [
        10,
        10,
        32
    ],
    "9": [
        11,
        11,
        36
    ],
    "10": [
        12,
        12,
        40
    ],
    "11": [
        13,
        13,
        44
    ],
    "12": [
        14,
        14,
        48
    ],
    "13": [
        16,
        16,
        52
    ],
    "14": [
        17,
        17,
        56
    ],
    "15": [
        18,
        18,
        60
    ],
    "16": [
        19,
        19,
        64
    ],
    "17": [
        20,
        20,
        68
    ],
    "18": [
        22,
        22,
        72
    ],
    "19": [
        23,
        23,
        76
    ],
    "20": [
        24,
        24,
        80
    ],
    "21": [
        25,
        25,
        84
    ],
    "22": [
        26,
        26,
        88
    ],
    "23": [
        28,
        28,
        92
    ],
    "24": [
        29,
        29,
        96
    ],
    "25": [
        30,
        30,
        100
    ],
    "26": [
        31,
        31,
        104
    ],
    "27": [
        32,
        32,
        108
    ],
    "28": [
        34,
        34,
        112
    ],
    "29": [
        35,
        35,
        116
    ],
    "30": [
        36,
        36,
        120
    ],
    "31": [
        37,
        37,
        124
    ],
    "32": [
        38,
        38,
        128
    ],
    "33": [
        40,
        38,
        130
    ],
    "34": [
        41,
        38,
        132
    ],
    "35": [
        42,
        38,
        134
    ],
    "36": [
        43,
        38,
        136
    ],
    "37": [
        44,
        38,
        138
    ],
    "38": [
        46,
        38,
        140
    ],
    "39": [
        47,
        38,
        142
    ],
    "40": [
        48,
        38,
        144
    ],
    "41": [
        49,
        38,
        146
    ],
    "42": [
        50,
        38,
        148
    ],
    "43": [
        52,
        38,
        150
    ],
    "44": [
        53,
        38,
        152
    ],
    "45": [
        54,
        38,
        154
    ],
    "46": [
        55,
        38,
        156
    ],
    "47": [
        56,
        38,
        158
    ],
    "48": [
        58,
        38,
        160
    ],
    "49": [
        59,
        38,
        162
    ],
    "50": [
        60,
        38,
        164
    ],
    "51": [
        61,
        38,
        166
    ],
    "52": [
        62,
        38,
        168
    ],
    "53": [
        64,
        38,
        170
    ],
    "54": [
        65,
        38,
        172
    ],
    "55": [
        66,
        38,
        174
    ],
    "56": [
        67,
        38,
        176
    ],
    "57": [
        68,
        38,
        178
    ],
    "58": [
        70,
        38,
        180
    ],
    "59": [
        71,
        38,
        182
    ],
    "60": [
        72,
        38,
        184
    ],
    "61": [
        73,
        38,
        186
    ],
    "62": [
        74,
        38,
        188
    ],
    "63": [
        76,
        38,
        190
    ],
    "64": [
        77,
        38,
        191
    ],
    "65": [
        80,
        39,
        189
    ],
    "66": [
        82,
        39,
        187
    ],
    "67": [
        84,
        40,
        185
    ],
    "68": [
        87,
        40,
        183
    ],
    "69": [
        89,
        40,
        181
    ],
    "70": [
        92,
        41,
        179
    ],
    "71": [
        94,
        41,
        177
    ],
    "72": [
        96,
        42,
        175
    ],
    "73": [
        99,
        42,
        173
    ],
    "74": [
        101,
        42,
        171
    ],
    "75": [
        104,
        43,
        169
    ],
    "76": [
        106,
        43,
        167
    ],
    "77": [
        108,
        44,
        165
    ],
    "78": [
        111,
        44,
        163
    ],
    "79": [
        113,
        44,
        161
    ],
    "80": [
        115,
        45,
        159
    ],
    "81": [
        118,
        45,
        157
    ],
    "82": [
        120,
        46,
        155
    ],
    "83": [
        123,
        46,
        153
    ],
    "84": [
        125,
        46,
        151
    ],
    "85": [
        128,
        47,
        149
    ],
    "86": [
        130,
        47,
        147
    ],
    "87": [
        132,
        48,
        145
    ],
    "88": [
        135,
        48,
        143
    ],
    "89": [
        137,
        48,
        141
    ],
    "90": [
        139,
        49,
        139
    ],
    "91": [
        142,
        49,
        137
    ],
    "92": [
        144,
        50,
        135
    ],
    "93": [
        147,
        50,
        133
    ],
    "94": [
        149,
        50,
        131
    ],
    "95": [
        151,
        51,
        129
    ],
    "96": [
        154,
        51,
        126
    ],
    "97": [
        157,
        52,
        124
    ],
    "98": [
        161,
        52,
        121
    ],
    "99": [
        164,
        52,
        118
    ],
    "100": [
        167,
        53,
        115
    ],
    "101": [
        170,
        53,
        112
    ],
    "102": [
        173,
        54,
        110
    ],
    "103": [
        177,
        54,
        107
    ],
    "104": [
        180,
        54,
        104
    ],
    "105": [
        183,
        55,
        101
    ],
    "106": [
        186,
        55,
        98
    ],
    "107": [
        189,
        56,
        96
    ],
    "108": [
        193,
        56,
        93
    ],
    "109": [
        196,
        56,
        90
    ],
    "110": [
        199,
        57,
        87
    ],
    "111": [
        202,
        57,
        84
    ],
    "112": [
        205,
        58,
        82
    ],
    "113": [
        209,
        58,
        79
    ],
    "114": [
        212,
        58,
        76
    ],
    "115": [
        215,
        59,
        73
    ],
    "116": [
        218,
        59,
        70
    ],
    "117": [
        221,
        60,
        68
    ],
    "118": [
        225,
        60,
        65
    ],
    "119": [
        228,
        60,
        62
    ],
    "120": [
        231,
        61,
        59
    ],
    "121": [
        234,
        61,
        56
    ],
    "122": [
        237,
        62,
        54
    ],
    "123": [
        241,
        62,
        51
    ],
    "124": [
        244,
        62,
        48
    ],
    "125": [
        247,
        63,
        45
    ],
    "126": [
        250,
        63,
        42
    ],
    "127": [
        253,
        64,
        40
    ],
    "128": [
        255,
        65,
        38
    ],
    "129": [
        254,
        67,
        36
    ],
    "130": [
        253,
        69,
        35
    ],
    "131": [
        252,
        71,
        34
    ],
    "132": [
        251,
        73,
        33
    ],
    "133": [
        251,
        75,
        32
    ],
    "134": [
        250,
        77,
        30
    ],
    "135": [
        249,
        79,
        29
    ],
    "136": [
        248,
        81,
        28
    ],
    "137": [
        247,
        83,
        27
    ],
    "138": [
        247,
        85,
        26
    ],
    "139": [
        246,
        87,
        24
    ],
    "140": [
        245,
        89,
        23
    ],
    "141": [
        244,
        91,
        22
    ],
    "142": [
        243,
        93,
        21
    ],
    "143": [
        243,
        95,
        20
    ],
    "144": [
        242,
        97,
        18
    ],
    "145": [
        241,
        99,
        17
    ],
    "146": [
        240,
        101,
        16
    ],
    "147": [
        239,
        103,
        15
    ],
    "148": [
        239,
        105,
        14
    ],
    "149": [
        238,
        107,
        12
    ],
    "150": [
        237,
        109,
        11
    ],
    "151": [
        236,
        111,
        10
    ],
    "152": [
        235,
        113,
        9
    ],
    "153": [
        235,
        115,
        8
    ],
    "154": [
        234,
        117,
        6
    ],
    "155": [
        233,
        119,
        5
    ],
    "156": [
        232,
        121,
        4
    ],
    "157": [
        231,
        123,
        3
    ],
    "158": [
        231,
        125,
        2
    ],
    "159": [
        230,
        127,
        0
    ],
    "160": [
        230,
        129,
        0
    ],
    "161": [
        230,
        131,
        1
    ],
    "162": [
        230,
        133,
        2
    ],
    "163": [
        230,
        135,
        3
    ],
    "164": [
        230,
        137,
        4
    ],
    "165": [
        230,
        139,
        5
    ],
    "166": [
        230,
        141,
        5
    ],
    "167": [
        230,
        143,
        6
    ],
    "168": [
        230,
        145,
        7
    ],
    "169": [
        230,
        147,
        8
    ],
    "170": [
        230,
        149,
        8
    ],
    "171": [
        230,
        151,
        9
    ],
    "172": [
        230,
        153,
        10
    ],
    "173": [
        230,
        155,
        11
    ],
    "174": [
        230,
        157,
        12
    ],
    "175": [
        230,
        159,
        12
    ],
    "176": [
        230,
        161,
        13
    ],
    "177": [
        230,
        163,
        14
    ],
    "178": [
        230,
        165,
        15
    ],
    "179": [
        230,
        167,
        16
    ],
    "180": [
        230,
        169,
        16
    ],
    "181": [
        230,
        171,
        17
    ],
    "182": [
        230,
        173,
        18
    ],
    "183": [
        230,
        175,
        19
    ],
    "184": [
        230,
        177,
        20
    ],
    "185": [
        230,
        179,
        20
    ],
    "186": [
        230,
        181,
        21
    ],
    "187": [
        230,
        183,
        22
    ],
    "188": [
        230,
        185,
        23
    ],
    "189": [
        230,
        187,
        24
    ],
    "190": [
        230,
        189,
        24
    ],
    "191": [
        230,
        191,
        25
    ],
    "192": [
        230,
        192,
        28
    ],
    "193": [
        230,
        193,
        31
    ],
    "194": [
        230,
        195,
        34
    ],
    "195": [
        230,
        196,
        38
    ],
    "196": [
        230,
        197,
        41
    ],
    "197": [
        230,
        198,
        44
    ],
    "198": [
        230,
        199,
        47
    ],
    "199": [
        230,
        201,
        50
    ],
    "200": [
        230,
        202,
        54
    ],
    "201": [
        230,
        203,
        57
    ],
    "202": [
        230,
        204,
        60
    ],
    "203": [
        230,
        205,
        63
    ],
    "204": [
        230,
        207,
        66
    ],
    "205": [
        230,
        208,
        70
    ],
    "206": [
        230,
        209,
        73
    ],
    "207": [
        230,
        210,
        76
    ],
    "208": [
        230,
        211,
        79
    ],
    "209": [
        230,
        213,
        82
    ],
    "210": [
        230,
        214,
        86
    ],
    "211": [
        230,
        215,
        89
    ],
    "212": [
        230,
        216,
        92
    ],
    "213": [
        230,
        217,
        95
    ],
    "214": [
        230,
        219,
        98
    ],
    "215": [
        230,
        220,
        102
    ],
    "216": [
        230,
        221,
        105
    ],
    "217": [
        230,
        222,
        108
    ],
    "218": [
        230,
        223,
        111
    ],
    "219": [
        230,
        225,
        114
    ],
    "220": [
        230,
        226,
        118
    ],
    "221": [
        230,
        227,
        121
    ],
    "222": [
        230,
        228,
        124
    ],
    "223": [
        230,
        229,
        127
    ],
    "224": [
        230,
        230,
        131
    ],
    "225": [
        231,
        231,
        135
    ],
    "226": [
        232,
        232,
        139
    ],
    "227": [
        233,
        233,
        143
    ],
    "228": [
        233,
        233,
        147
    ],
    "229": [
        234,
        234,
        151
    ],
    "230": [
        235,
        235,
        155
    ],
    "231": [
        236,
        236,
        159
    ],
    "232": [
        237,
        237,
        163
    ],
    "233": [
        237,
        237,
        167
    ],
    "234": [
        238,
        238,
        171
    ],
    "235": [
        239,
        239,
        175
    ],
    "236": [
        240,
        240,
        179
    ],
    "237": [
        241,
        241,
        183
    ],
    "238": [
        241,
        241,
        187
    ],
    "239": [
        242,
        242,
        191
    ],
    "240": [
        243,
        243,
        195
    ],
    "241": [
        244,
        244,
        199
    ],
    "242": [
        245,
        245,
        203
    ],
    "243": [
        245,
        245,
        207
    ],
    "244": [
        246,
        246,
        211
    ],
    "245": [
        247,
        247,
        215
    ],
    "246": [
        248,
        248,
        219
    ],
    "247": [
        249,
        249,
        223
    ],
    "248": [
        249,
        249,
        227
    ],
    "249": [
        250,
        250,
        231
    ],
    "250": [
        251,
        251,
        235
    ],
    "251": [
        252,
        252,
        239
    ],
    "252": [
        253,
        253,
        243
    ],
    "253": [
        253,
        253,
        247
    ],
    "254": [
        254,
        254,
        251
    ],
    "255": [
        255,
        255,
        255
    ]
}