{
    "0": [
        0,
        255,
        255
    ],
    "1": [
        1,
        254,
        255
    ],
    "2": [
        2,
        253,
        255
    ],
    "3": [
        3,
        252,
        255
    ],
    "4": [
        4,
        251,
        255
    ],
    "5": [
        5,
        250,
        255
    ],
    "6": [
        6,
        249,
        255
    ],
    "7": [
        7,
        248,
        255
    ],
    "8": [
        8,
        247,
        255
    ],
    "9": [
        9,
        246,
        255
    ],
    "10": [
        10,
        245,
        255
    ],
    "11": [
        11,
        244,
        255
    ],
    "12": [
        12,
        243,
        255
    ],
    "13": [
        13,
        242,
        255
    ],
    "14": [
        14,
        241,
        255
    ],
    "15": [
        15,
        240,
        255
    ],
    "16": [
        16,
        239,
        255
    ],
    "17": [
        17,
        238,
        255
    ],
    "18": [
        18,
        237,
        255
    ],
    "19": [
        19,
        236,
        255
    ],
    "20": [
        20,
        235,
        255
    ],
    "21": [
        21,
        234,
        255
    ],
    "22": [
        22,
        233,
        255
    ],
    "23": [
        23,
        232,
        255
    ],
    "24": [
        24,
        231,
        255
    ],
    "25": [
        25,
        230,
        255
    ],
    "26": [
        26,
        229,
        255
    ],
    "27": [
        27,
        228,
        255
    ],
    "28": [
        28,
        227,
        255
    ],
    "29": [
        29,
        226,
        255
    ],
    "30": [
        30,
        225,
        255
    ],
    "31": [
        31,
        224,
        255
    ],
    "32": [
        32,
        223,
        255
    ],
    "33": [
        33,
        222,
        255
    ],
    "34": [
        34,
        221,
        255
    ],
    "35": [
        35,
        220,
        255
    ],
    "36": [
        36,
        219,
        255
    ],
    "37": [
        37,
        218,
        255
    ],
    "38": [
        38,
        217,
        255
    ],
    "39": [
        39,
        216,
        255
    ],
    "40": [
        40,
        215,
        255
    ],
    "41": [
        41,
        214,
        255
    ],
    "42": [
        42,
        213,
        255
    ],
    "43": [
        43,
        212,
        255
    ],
    "44": [
        44,
        211,
        255
    ],
    "45": [
        45,
        210,
        255
    ],
    "46": [
        46,
        209,
        255
    ],
    "47": [
        47,
        208,
        255
    ],
    "48": [
        48,
        207,
        255
    ],
    "49": [
        49,
        206,
        255
    ],
    "50": [
        50,
        205,
        255
    ],
    "51": [
        51,
        204,
        255
    ],
    "52": [
        52,
        203,
        255
    ],
    "53": [
        53,
        202,
        255
    ],
    "54": [
        54,
        201,
        255
    ],
    "55": [
        55,
        200,
        255
    ],
    "56": [
        56,
        199,
        255
    ],
    "57": [
        57,
        198,
        255
    ],
    "58": [
        58,
        197,
        255
    ],
    "59": [
        59,
        196,
        255
    ],
    "60": [
        60,
        195,
        255
    ],
    "61": [
        61,
        194,
        255
    ],
    "62": [
        62,
        193,
        255
    ],
    "63": [
        63,
        192,
        255
    ],
    "64": [
        64,
        191,
        255
    ],
    "65": [
        65,
        190,
        255
    ],
    "66": [
        66,
        189,
        255
    ],
    "67": [
        67,
        188,
        255
    ],
    "68": [
        68,
        187,
        255
    ],
    "69": [
        69,
        186,
        255
    ],
    "70": [
        70,
        185,
        255
    ],
    "71": [
        71,
        184,
        255
    ],
    "72": [
        72,
        183,
        255
    ],
    "73": [
        73,
        182,
        255
    ],
    "74": [
        74,
        181,
        255
    ],
    "75": [
        75,
        180,
        255
    ],
    "76": [
        76,
        179,
        255
    ],
    "77": [
        77,
        178,
        255
    ],
    "78": [
        78,
        177,
        255
    ],
    "79": [
        79,
        176,
        255
    ],
    "80": [
        80,
        175,
        255
    ],
    "81": [
        81,
        174,
        255
    ],
    "82": [
        82,
        173,
        255
    ],
    "83": [
        83,
        172,
        255
    ],
    "84": [
        84,
        171,
        255
    ],
    "85": [
        85,
        170,
        255
    ],
    "86": [
        86,
        169,
        255
    ],
    "87": [
        87,
        168,
        255
    ],
    "88": [
        88,
        167,
        255
    ],
    "89": [
        89,
        166,
        255
    ],
    "90": [
        90,
        165,
        255
    ],
    "91": [
        91,
        164,
        255
    ],
    "92": [
        92,
        163,
        255
    ],
    "93": [
        93,
        162,
        255
    ],
    "94": [
        94,
        161,
        255
    ],
    "95": [
        95,
        160,
        255
    ],
    "96": [
        96,
        159,
        255
    ],
    "97": [
        97,
        158,
        255
    ],
    "98": [
        98,
        157,
        255
    ],
    "99": [
        99,
        156,
        255
    ],
    "100": [
        100,
        155,
        255
    ],
    "101": [
        101,
        154,
        255
    ],
    "102": [
        102,
        153,
        255
    ],
    "103": [
        103,
        152,
        255
    ],
    "104": [
        104,
        151,
        255
    ],
    "105": [
        105,
        150,
        255
    ],
    "106": [
        106,
        149,
        255
    ],
    "107": [
        107,
        148,
        255
    ],
    "108": [
        108,
        147,
        255
    ],
    "109": [
        109,
        146,
        255
    ],
    "110": [
        110,
        145,
        255
    ],
    "111": [
        111,
        144,
        255
    ],
    "112": [
        112,
        143,
        255
    ],
    "113": [
        113,
        142,
        255
    ],
    "114": [
        114,
        141,
        255
    ],
    "115": [
        115,
        140,
        255
    ],
    "116": [
        116,
        139,
        255
    ],
    "117": [
        117,
        138,
        255
    ],
    "118": [
        118,
        137,
        255
    ],
    "119": [
        119,
        136,
        255
    ],
    "120": [
        120,
        135,
        255
    ],
    "121": [
        121,
        134,
        255
    ],
    "122": [
        122,
        133,
        255
    ],
    "123": [
        123,
        132,
        255
    ],
    "124": [
        124,
        131,
        255
    ],
    "125": [
        125,
        130,
        255
    ],
    "126": [
        126,
        129,
        255
    ],
    "127": [
        127,
        128,
        255
    ],
    "128": [
        128,
        127,
        255
    ],
    "129": [
        129,
        126,
        255
    ],
    "130": [
        130,
        125,
        255
    ],
    "131": [
        131,
        124,
        255
    ],
    "132": [
        132,
        123,
        255
    ],
    "133": [
        133,
        122,
        255
    ],
    "134": [
        134,
        121,
        255
    ],
    "135": [
        135,
        120,
        255
    ],
    "136": [
        136,
        119,
        255
    ],
    "137": [
        137,
        118,
        255
    ],
    "138": [
        138,
        117,
        255
    ],
    "139": [
        139,
        116,
        255
    ],
    "140": [
        140,
        115,
        255
    ],
    "141": [
        141,
        114,
        255
    ],
    "142": [
        142,
        113,
        255
    ],
    "143": [
        143,
        112,
        255
    ],
    "144": [
        144,
        111,
        255
    ],
    "145": [
        145,
        110,
        255
    ],
    "146": [
        146,
        109,
        255
    ],
    "147": [
        147,
        108,
        255
    ],
    "148": [
        148,
        107,
        255
    ],
    "149": [
        149,
        106,
        255
    ],
    "150": [
        150,
        105,
        255
    ],
    "151": [
        151,
        104,
        255
    ],
    "152": [
        152,
        103,
        255
    ],
    "153": [
        153,
        102,
        255
    ],
    "154": [
        154,
        101,
        255
    ],
    "155": [
        155,
        100,
        255
    ],
    "156": [
        156,
        99,
        255
    ],
    "157": [
        157,
        98,
        255
    ],
    "158": [
        158,
        97,
        255
    ],
    "159": [
        159,
        96,
        255
    ],
    "160": [
        160,
        95,
        255
    ],
    "161": [
        161,
        94,
        255
    ],
    "162": [
        162,
        93,
        255
    ],
    "163": [
        163,
        92,
        255
    ],
    "164": [
        164,
        91,
        255
    ],
    "165": [
        165,
        90,
        255
    ],
    "166": [
        166,
        89,
        255
    ],
    "167": [
        167,
        88,
        255
    ],
    "168": [
        168,
        87,
        255
    ],
    "169": [
        169,
        86,
        255
    ],
    "170": [
        170,
        85,
        255
    ],
    "171": [
        171,
        84,
        255
    ],
    "172": [
        172,
        83,
        255
    ],
    "173": [
        173,
        82,
        255
    ],
    "174": [
        174,
        81,
        255
    ],
    "175": [
        175,
        80,
        255
    ],
    "176": [
        176,
        79,
        255
    ],
    "177": [
        177,
        78,
        255
    ],
    "178": [
        178,
        77,
        255
    ],
    "179": [
        179,
        76,
        255
    ],
    "180": [
        180,
        75,
        255
    ],
    "181": [
        181,
        74,
        255
    ],
    "182": [
        182,
        73,
        255
    ],
    "183": [
        183,
        72,
        255
    ],
    "184": [
        184,
        71,
        255
    ],
    "185": [
        185,
        70,
        255
    ],
    "186": [
        186,
        69,
        255
    ],
    "187": [
        187,
        68,
        255
    ],
    "188": [
        188,
        67,
        255
    ],
    "189": [
        189,
        66,
        255
    ],
    "190": [
        190,
        65,
        255
    ],
    "191": [
        191,
        64,
        255
    ],
    "192": [
        192,
        63,
        255
    ],
    "193": [
        193,
        62,
        255
    ],
    "194": [
        194,
        61,
        255
    ],
    "195": [
        195,
        60,
        255
    ],
    "196": [
        196,
        59,
        255
    ],
    "197": [
        197,
        58,
        255
    ],
    "198": [
        198,
        57,
        255
    ],
    "199": [
        199,
        56,
        255
    ],
    "200": [
        200,
        55,
        255
    ],
    "201": [
        201,
        54,
        255
    ],
    "202": [
        202,
        53,
        255
    ],
    "203": [
        203,
        52,
        255
    ],
    "204": [
        204,
        51,
        255
    ],
    "205": [
        205,
        50,
        255
    ],
    "206": [
        206,
        49,
        255
    ],
    "207": [
        207,
        48,
        255
    ],
    "208": [
        208,
        47,
        255
    ],
    "209": [
        209,
        46,
        255
    ],
    "210": [
        210,
        45,
        255
    ],
    "211": [
        211,
        44,
        255
    ],
    "212": [
        212,
        43,
        255
    ],
    "213": [
        213,
        42,
        255
    ],
    "214": [
        214,
        41,
        255
    ],
    "215": [
        215,
        40,
        255
    ],
    "216": [
        216,
        39,
        255
    ],
    "217": [
        217,
        38,
        255
    ],
    "218": [
        218,
        37,
        255
    ],
    "219": [
        219,
        36,
        255
    ],
    "220": [
        220,
        35,
        255
    ],
    "221": [
        221,
        34,
        255
    ],
    "222": [
        222,
        33,
        255
    ],
    "223": [
        223,
        32,
        255
    ],
    "224": [
        224,
        31,
        255
    ],
    "225": [
        225,
        30,
        255
    ],
    "226": [
        226,
        29,
        255
    ],
    "227": [
        227,
        28,
        255
    ],
    "228": [
        228,
        27,
        255
    ],
    "229": [
        229,
        26,
        255
    ],
    "230": [
        230,
        25,
        255
    ],
    "231": [
        231,
        24,
        255
    ],
    "232": [
        232,
        23,
        255
    ],
    "233": [
        233,
        22,
        255
    ],
    "234": [
        234,
        21,
        255
    ],
    "235": [
        235,
        20,
        255
    ],
    "236": [
        236,
        19,
        255
    ],
    "237": [
        237,
        18,
        255
    ],
    "238": [
        238,
        17,
        255
    ],
    "239": [
        239,
        16,
        255
    ],
    "240": [
        240,
        15,
        255
    ],
    "241": [
        241,
        14,
        255
    ],
    "242": [
        242,
        13,
        255
    ],
    "243": [
        243,
        12,
        255
    ],
    "244": [
        244,
        11,
        255
    ],
    "245": [
        245,
        10,
        255
    ],
    "246": [
        246,
        9,
        255
    ],
    "247": [
        247,
        8,
        255
    ],
    "248": [
        248,
        7,
        255
    ],
    "249": [
        249,
        6,
        255
    ],
    "250": [
        250,
        5,
        255
    ],
    "251": [
        251,
        4,
        255
    ],
    "252": [
        252,
        3,
        255
    ],
    "253": [
        253,
        2,
        255
    ],
    "254": [
        254,
        1,
        255
    ],
    "255": [
        255,
        0,
        255
    ]
}