{
    "0": [
        59,
        76,
        192
    ],
    "1": [
        60,
        78,
        194
    ],
    "2": [
        61,
        80,
        195
    ],
    "3": [
        62,
        81,
        197
    ],
    "4": [
        63,
        83,
        198
    ],
    "5": [
        64,
        85,
        200
    ],
    "6": [
        66,
        87,
        201
    ],
    "7": [
        67,
        88,
        203
    ],
    "8": [
        68,
        90,
        204
    ],
    "9": [
        69,
        92,
        206
    ],
    "10": [
        70,
        94,
        207
    ],
    "11": [
        72,
        95,
        209
    ],
    "12": [
        73,
        97,
        210
    ],
    "13": [
        74,
        99,
        211
    ],
    "14": [
        75,
        100,
        213
    ],
    "15": [
        76,
        102,
        214
    ],
    "16": [
        78,
        104,
        216
    ],
    "17": [
        79,
        105,
        217
    ],
    "18": [
        80,
        107,
        218
    ],
    "19": [
        81,
        109,
        219
    ],
    "20": [
        83,
        110,
        221
    ],
    "21": [
        84,
        112,
        222
    ],
    "22": [
        85,
        114,
        223
    ],
    "23": [
        86,
        115,
        224
    ],
    "24": [
        88,
        117,
        225
    ],
    "25": [
        89,
        119,
        227
    ],
    "26": [
        90,
        120,
        228
    ],
    "27": [
        91,
        122,
        229
    ],
    "28": [
        93,
        124,
        230
    ],
    "29": [
        94,
        125,
        231
    ],
    "30": [
        95,
        127,
        232
    ],
    "31": [
        97,
        128,
        233
    ],
    "32": [
        98,
        130,
        234
    ],
    "33": [
        99,
        132,
        235
    ],
    "34": [
        100,
        133,
        236
    ],
    "35": [
        102,
        135,
        237
    ],
    "36": [
        103,
        136,
        238
    ],
    "37": [
        104,
        138,
        239
    ],
    "38": [
        106,
        139,
        239
    ],
    "39": [
        107,
        141,
        240
    ],
    "40": [
        108,
        143,
        241
    ],
    "41": [
        110,
        144,
        242
    ],
    "42": [
        111,
        146,
        243
    ],
    "43": [
        112,
        147,
        243
    ],
    "44": [
        114,
        149,
        244
    ],
    "45": [
        115,
        150,
        245
    ],
    "46": [
        117,
        151,
        246
    ],
    "47": [
        118,
        153,
        246
    ],
    "48": [
        119,
        154,
        247
    ],
    "49": [
        121,
        156,
        248
    ],
    "50": [
        122,
        157,
        248
    ],
    "51": [
        123,
        159,
        249
    ],
    "52": [
        125,
        160,
        249
    ],
    "53": [
        126,
        161,
        250
    ],
    "54": [
        128,
        163,
        250
    ],
    "55": [
        129,
        164,
        251
    ],
    "56": [
        130,
        166,
        251
    ],
    "57": [
        132,
        167,
        252
    ],
    "58": [
        133,
        168,
        252
    ],
    "59": [
        134,
        169,
        252
    ],
    "60": [
        136,
        171,
        253
    ],
    "61": [
        137,
        172,
        253
    ],
    "62": [
        139,
        173,
        253
    ],
    "63": [
        140,
        175,
        254
    ],
    "64": [
        141,
        176,
        254
    ],
    "65": [
        143,
        177,
        254
    ],
    "66": [
        144,
        178,
        254
    ],
    "67": [
        146,
        180,
        254
    ],
    "68": [
        147,
        181,
        254
    ],
    "69": [
        148,
        182,
        255
    ],
    "70": [
        150,
        183,
        255
    ],
    "71": [
        151,
        184,
        255
    ],
    "72": [
        152,
        185,
        255
    ],
    "73": [
        154,
        187,
        255
    ],
    "74": [
        155,
        188,
        255
    ],
    "75": [
        157,
        189,
        255
    ],
    "76": [
        158,
        190,
        255
    ],
    "77": [
        159,
        191,
        255
    ],
    "78": [
        161,
        192,
        255
    ],
    "79": [
        162,
        193,
        255
    ],
    "80": [
        163,
        194,
        254
    ],
    "81": [
        165,
        195,
        254
    ],
    "82": [
        166,
        196,
        254
    ],
    "83": [
        167,
        197,
        254
    ],
    "84": [
        169,
        198,
        253
    ],
    "85": [
        170,
        199,
        253
    ],
    "86": [
        171,
        200,
        253
    ],
    "87": [
        173,
        201,
        253
    ],
    "88": [
        174,
        201,
        252
    ],
    "89": [
        175,
        202,
        252
    ],
    "90": [
        177,
        203,
        252
    ],
    "91": [
        178,
        204,
        251
    ],
    "92": [
        179,
        205,
        251
    ],
    "93": [
        181,
        205,
        250
    ],
    "94": [
        182,
        206,
        250
    ],
    "95": [
        183,
        207,
        249
    ],
    "96": [
        185,
        208,
        249
    ],
    "97": [
        186,
        208,
        248
    ],
    "98": [
        187,
        209,
        248
    ],
    "99": [
        188,
        210,
        247
    ],
    "100": [
        190,
        210,
        246
    ],
    "101": [
        191,
        211,
        246
    ],
    "102": [
        192,
        212,
        245
    ],
    "103": [
        193,
        212,
        244
    ],
    "104": [
        195,
        213,
        244
    ],
    "105": [
        196,
        213,
        243
    ],
    "106": [
        197,
        214,
        242
    ],
    "107": [
        198,
        214,
        241
    ],
    "108": [
        199,
        215,
        240
    ],
    "109": [
        201,
        215,
        240
    ],
    "110": [
        202,
        216,
        239
    ],
    "111": [
        203,
        216,
        238
    ],
    "112": [
        204,
        217,
        237
    ],
    "113": [
        205,
        217,
        236
    ],
    "114": [
        206,
        218,
        235
    ],
    "115": [
        207,
        218,
        234
    ],
    "116": [
        209,
        218,
        233
    ],
    "117": [
        210,
        219,
        232
    ],
    "118": [
        211,
        219,
        231
    ],
    "119": [
        212,
        219,
        230
    ],
    "120": [
        213,
        219,
        229
    ],
    "121": [
        214,
        220,
        228
    ],
    "122": [
        215,
        220,
        227
    ],
    "123": [
        216,
        220,
        226
    ],
    "124": [
        217,
        220,
        225
    ],
    "125": [
        218,
        220,
        224
    ],
    "126": [
        219,
        220,
        222
    ],
    "127": [
        220,
        221,
        221
    ],
    "128": [
        221,
        220,
        220
    ],
    "129": [
        222,
        220,
        219
    ],
    "130": [
        223,
        219,
        217
    ],
    "131": [
        224,
        219,
        216
    ],
    "132": [
        225,
        218,
        214
    ],
    "133": [
        226,
        218,
        213
    ],
    "134": [
        227,
        217,
        211
    ],
    "135": [
        228,
        217,
        210
    ],
    "136": [
        229,
        216,
        209
    ],
    "137": [
        230,
        215,
        207
    ],
    "138": [
        231,
        215,
        206
    ],
    "139": [
        232,
        214,
        204
    ],
    "140": [
        233,
        213,
        203
    ],
    "141": [
        234,
        213,
        201
    ],
    "142": [
        234,
        212,
        200
    ],
    "143": [
        235,
        211,
        198
    ],
    "144": [
        236,
        211,
        197
    ],
    "145": [
        237,
        210,
        195
    ],
    "146": [
        237,
        209,
        194
    ],
    "147": [
        238,
        208,
        192
    ],
    "148": [
        239,
        207,
        191
    ],
    "149": [
        239,
        206,
        189
    ],
    "150": [
        240,
        205,
        187
    ],
    "151": [
        241,
        205,
        186
    ],
    "152": [
        241,
        204,
        184
    ],
    "153": [
        242,
        203,
        183
    ],
    "154": [
        242,
        202,
        181
    ],
    "155": [
        242,
        201,
        180
    ],
    "156": [
        243,
        200,
        178
    ],
    "157": [
        243,
        199,
        177
    ],
    "158": [
        244,
        198,
        175
    ],
    "159": [
        244,
        197,
        173
    ],
    "160": [
        245,
        196,
        172
    ],
    "161": [
        245,
        194,
        170
    ],
    "162": [
        245,
        193,
        169
    ],
    "163": [
        245,
        192,
        167
    ],
    "164": [
        246,
        191,
        166
    ],
    "165": [
        246,
        190,
        164
    ],
    "166": [
        246,
        189,
        162
    ],
    "167": [
        247,
        188,
        161
    ],
    "168": [
        247,
        186,
        159
    ],
    "169": [
        247,
        185,
        158
    ],
    "170": [
        247,
        184,
        156
    ],
    "171": [
        247,
        183,
        155
    ],
    "172": [
        247,
        181,
        153
    ],
    "173": [
        247,
        180,
        151
    ],
    "174": [
        247,
        179,
        150
    ],
    "175": [
        247,
        177,
        148
    ],
    "176": [
        247,
        176,
        147
    ],
    "177": [
        247,
        175,
        145
    ],
    "178": [
        247,
        173,
        144
    ],
    "179": [
        247,
        172,
        142
    ],
    "180": [
        247,
        170,
        140
    ],
    "181": [
        247,
        169,
        139
    ],
    "182": [
        247,
        168,
        137
    ],
    "183": [
        247,
        166,
        136
    ],
    "184": [
        246,
        165,
        134
    ],
    "185": [
        246,
        163,
        133
    ],
    "186": [
        246,
        162,
        131
    ],
    "187": [
        245,
        160,
        129
    ],
    "188": [
        245,
        159,
        128
    ],
    "189": [
        245,
        157,
        126
    ],
    "190": [
        245,
        156,
        125
    ],
    "191": [
        244,
        154,
        123
    ],
    "192": [
        244,
        152,
        122
    ],
    "193": [
        243,
        151,
        120
    ],
    "194": [
        243,
        149,
        119
    ],
    "195": [
        243,
        148,
        117
    ],
    "196": [
        242,
        146,
        116
    ],
    "197": [
        242,
        144,
        114
    ],
    "198": [
        241,
        143,
        113
    ],
    "199": [
        241,
        141,
        111
    ],
    "200": [
        240,
        139,
        110
    ],
    "201": [
        240,
        138,
        108
    ],
    "202": [
        239,
        136,
        107
    ],
    "203": [
        238,
        134,
        105
    ],
    "204": [
        238,
        132,
        104
    ],
    "205": [
        237,
        131,
        102
    ],
    "206": [
        236,
        129,
        101
    ],
    "207": [
        236,
        127,
        99
    ],
    "208": [
        235,
        125,
        98
    ],
    "209": [
        234,
        123,
        96
    ],
    "210": [
        233,
        122,
        95
    ],
    "211": [
        233,
        120,
        93
    ],
    "212": [
        232,
        118,
        92
    ],
    "213": [
        231,
        116,
        91
    ],
    "214": [
        230,
        114,
        89
    ],
    "215": [
        229,
        112,
        88
    ],
    "216": [
        228,
        110,
        86
    ],
    "217": [
        227,
        108,
        85
    ],
    "218": [
        227,
        107,
        84
    ],
    "219": [
        226,
        105,
        82
    ],
    "220": [
        225,
        103,
        81
    ],
    "221": [
        224,
        101,
        79
    ],
    "222": [
        223,
        99,
        78
    ],
    "223": [
        222,
        97,
        77
    ],
    "224": [
        221,
        95,
        75
    ],
    "225": [
        220,
        93,
        74
    ],
    "226": [
        218,
        90,
        73
    ],
    "227": [
        217,
        88,
        71
    ],
    "228": [
        216,
        86,
        70
    ],
    "229": [
        215,
        84,
        69
    ],
    "230": [
        214,
        82,
        68
    ],
    "231": [
        213,
        80,
        66
    ],
    "232": [
        212,
        78,
        65
    ],
    "233": [
        210,
        75,
        64
    ],
    "234": [
        209,
        73,
        63
    ],
    "235": [
        208,
        71,
        61
    ],
    "236": [
        207,
        69,
        60
    ],
    "237": [
        205,
        66,
        59
    ],
    "238": [
        204,
        64,
        58
    ],
    "239": [
        203,
        62,
        56
    ],
    "240": [
        202,
        59,
        55
    ],
    "241": [
        200,
        56,
        54
    ],
    "242": [
        199,
        54,
        53
    ],
    "243": [
        197,
        51,
        52
    ],
    "244": [
        196,
        48,
        50
    ],
    "245": [
        195,
        46,
        49
    ],
    "246": [
        193,
        43,
        48
    ],
    "247": [
        192,
        40,
        47
    ],
    "248": [
        190,
        36,
        46
    ],
    "249": [
        189,
        31,
        45
    ],
    "250": [
        187,
        27,
        44
    ],
    "251": [
        186,
        22,
        43
    ],
    "252": [
        184,
        18,
        42
    ],
    "253": [
        183,
        13,
        40
    ],
    "254": [
        181,
        9,
        39
    ],
    "255": [
        180,
        4,
        38
    ]
}