{
    "0": [
        0,
        0,
        0
    ],
    "1": [
        1,
        1,
        0
    ],
    "2": [
        2,
        2,
        1
    ],
    "3": [
        4,
        2,
        1
    ],
    "4": [
        5,
        3,
        2
    ],
    "5": [
        6,
        4,
        2
    ],
    "6": [
        7,
        5,
        3
    ],
    "7": [
        9,
        5,
        3
    ],
    "8": [
        10,
        6,
        4
    ],
    "9": [
        11,
        7,
        4
    ],
    "10": [
        12,
        8,
        5
    ],
    "11": [
        14,
        9,
        5
    ],
    "12": [
        15,
        9,
        6
    ],
    "13": [
        16,
        10,
        6
    ],
    "14": [
        17,
        11,
        7
    ],
    "15": [
        19,
        12,
        7
    ],
    "16": [
        20,
        12,
        8
    ],
    "17": [
        21,
        13,
        8
    ],
    "18": [
        22,
        14,
        9
    ],
    "19": [
        23,
        15,
        9
    ],
    "20": [
        25,
        16,
        10
    ],
    "21": [
        26,
        16,
        10
    ],
    "22": [
        27,
        17,
        11
    ],
    "23": [
        28,
        18,
        11
    ],
    "24": [
        30,
        19,
        12
    ],
    "25": [
        31,
        20,
        12
    ],
    "26": [
        32,
        20,
        13
    ],
    "27": [
        33,
        21,
        13
    ],
    "28": [
        35,
        22,
        14
    ],
    "29": [
        36,
        23,
        14
    ],
    "30": [
        37,
        23,
        15
    ],
    "31": [
        38,
        24,
        15
    ],
    "32": [
        40,
        25,
        16
    ],
    "33": [
        41,
        26,
        16
    ],
    "34": [
        42,
        27,
        17
    ],
    "35": [
        43,
        27,
        17
    ],
    "36": [
        44,
        28,
        18
    ],
    "37": [
        46,
        29,
        18
    ],
    "38": [
        47,
        30,
        19
    ],
    "39": [
        48,
        30,
        19
    ],
    "40": [
        49,
        31,
        20
    ],
    "41": [
        51,
        32,
        20
    ],
    "42": [
        52,
        33,
        21
    ],
    "43": [
        53,
        34,
        21
    ],
    "44": [
        54,
        34,
        22
    ],
    "45": [
        56,
        35,
        22
    ],
    "46": [
        57,
        36,
        23
    ],
    "47": [
        58,
        37,
        23
    ],
    "48": [
        59,
        37,
        24
    ],
    "49": [
        61,
        38,
        24
    ],
    "50": [
        62,
        39,
        25
    ],
    "51": [
        63,
        40,
        25
    ],
    "52": [
        64,
        41,
        26
    ],
    "53": [
        65,
        41,
        26
    ],
    "54": [
        67,
        42,
        27
    ],
    "55": [
        68,
        43,
        27
    ],
    "56": [
        69,
        44,
        28
    ],
    "57": [
        70,
        45,
        28
    ],
    "58": [
        72,
        45,
        29
    ],
    "59": [
        73,
        46,
        29
    ],
    "60": [
        74,
        47,
        30
    ],
    "61": [
        75,
        48,
        30
    ],
    "62": [
        77,
        48,
        31
    ],
    "63": [
        78,
        49,
        31
    ],
    "64": [
        79,
        50,
        32
    ],
    "65": [
        80,
        51,
        32
    ],
    "66": [
        82,
        52,
        33
    ],
    "67": [
        83,
        52,
        33
    ],
    "68": [
        84,
        53,
        34
    ],
    "69": [
        85,
        54,
        34
    ],
    "70": [
        86,
        55,
        35
    ],
    "71": [
        88,
        55,
        35
    ],
    "72": [
        89,
        56,
        36
    ],
    "73": [
        90,
        57,
        36
    ],
    "74": [
        91,
        58,
        37
    ],
    "75": [
        93,
        59,
        37
    ],
    "76": [
        94,
        59,
        38
    ],
    "77": [
        95,
        60,
        38
    ],
    "78": [
        96,
        61,
        39
    ],
    "79": [
        98,
        62,
        39
    ],
    "80": [
        99,
        62,
        40
    ],
    "81": [
        100,
        63,
        40
    ],
    "82": [
        101,
        64,
        41
    ],
    "83": [
        103,
        65,
        41
    ],
    "84": [
        104,
        66,
        42
    ],
    "85": [
        105,
        66,
        42
    ],
    "86": [
        106,
        67,
        43
    ],
    "87": [
        107,
        68,
        43
    ],
    "88": [
        109,
        69,
        44
    ],
    "89": [
        110,
        70,
        44
    ],
    "90": [
        111,
        70,
        45
    ],
    "91": [
        112,
        71,
        45
    ],
    "92": [
        114,
        72,
        46
    ],
    "93": [
        115,
        73,
        46
    ],
    "94": [
        116,
        73,
        47
    ],
    "95": [
        117,
        74,
        47
    ],
    "96": [
        119,
        75,
        48
    ],
    "97": [
        120,
        76,
        48
    ],
    "98": [
        121,
        77,
        49
    ],
    "99": [
        122,
        77,
        49
    ],
    "100": [
        124,
        78,
        50
    ],
    "101": [
        125,
        79,
        50
    ],
    "102": [
        126,
        80,
        51
    ],
    "103": [
        127,
        80,
        51
    ],
    "104": [
        128,
        81,
        52
    ],
    "105": [
        130,
        82,
        52
    ],
    "106": [
        131,
        83,
        53
    ],
    "107": [
        132,
        84,
        53
    ],
    "108": [
        133,
        84,
        54
    ],
    "109": [
        135,
        85,
        54
    ],
    "110": [
        136,
        86,
        55
    ],
    "111": [
        137,
        87,
        55
    ],
    "112": [
        138,
        87,
        56
    ],
    "113": [
        140,
        88,
        56
    ],
    "114": [
        141,
        89,
        57
    ],
    "115": [
        142,
        90,
        57
    ],
    "116": [
        143,
        91,
        58
    ],
    "117": [
        145,
        91,
        58
    ],
    "118": [
        146,
        92,
        59
    ],
    "119": [
        147,
        93,
        59
    ],
    "120": [
        148,
        94,
        60
    ],
    "121": [
        149,
        95,
        60
    ],
    "122": [
        151,
        95,
        61
    ],
    "123": [
        152,
        96,
        61
    ],
    "124": [
        153,
        97,
        62
    ],
    "125": [
        154,
        98,
        62
    ],
    "126": [
        156,
        98,
        63
    ],
    "127": [
        157,
        99,
        63
    ],
    "128": [
        158,
        100,
        64
    ],
    "129": [
        159,
        101,
        64
    ],
    "130": [
        161,
        102,
        65
    ],
    "131": [
        162,
        102,
        65
    ],
    "132": [
        163,
        103,
        66
    ],
    "133": [
        164,
        104,
        66
    ],
    "134": [
        166,
        105,
        67
    ],
    "135": [
        167,
        105,
        67
    ],
    "136": [
        168,
        106,
        68
    ],
    "137": [
        169,
        107,
        68
    ],
    "138": [
        170,
        108,
        69
    ],
    "139": [
        172,
        109,
        69
    ],
    "140": [
        173,
        109,
        70
    ],
    "141": [
        174,
        110,
        70
    ],
    "142": [
        175,
        111,
        71
    ],
    "143": [
        177,
        112,
        71
    ],
    "144": [
        178,
        112,
        72
    ],
    "145": [
        179,
        113,
        72
    ],
    "146": [
        180,
        114,
        73
    ],
    "147": [
        182,
        115,
        73
    ],
    "148": [
        183,
        116,
        74
    ],
    "149": [
        184,
        116,
        74
    ],
    "150": [
        185,
        117,
        75
    ],
    "151": [
        187,
        118,
        75
    ],
    "152": [
        188,
        119,
        76
    ],
    "153": [
        189,
        120,
        76
    ],
    "154": [
        190,
        120,
        77
    ],
    "155": [
        191,
        121,
        77
    ],
    "156": [
        193,
        122,
        78
    ],
    "157": [
        194,
        123,
        78
    ],
    "158": [
        195,
        123,
        79
    ],
    "159": [
        196,
        124,
        79
    ],
    "160": [
        198,
        125,
        80
    ],
    "161": [
        199,
        126,
        80
    ],
    "162": [
        200,
        127,
        81
    ],
    "163": [
        201,
        127,
        81
    ],
    "164": [
        203,
        128,
        82
    ],
    "165": [
        204,
        129,
        82
    ],
    "166": [
        205,
        130,
        83
    ],
    "167": [
        206,
        130,
        83
    ],
    "168": [
        208,
        131,
        84
    ],
    "169": [
        209,
        132,
        84
    ],
    "170": [
        210,
        133,
        85
    ],
    "171": [
        211,
        134,
        85
    ],
    "172": [
        212,
        134,
        86
    ],
    "173": [
        214,
        135,
        86
    ],
    "174": [
        215,
        136,
        87
    ],
    "175": [
        216,
        137,
        87
    ],
    "176": [
        217,
        137,
        88
    ],
    "177": [
        219,
        138,
        88
    ],
    "178": [
        220,
        139,
        89
    ],
    "179": [
        221,
        140,
        89
    ],
    "180": [
        222,
        141,
        90
    ],
    "181": [
        224,
        141,
        90
    ],
    "182": [
        225,
        142,
        91
    ],
    "183": [
        226,
        143,
        91
    ],
    "184": [
        227,
        144,
        92
    ],
    "185": [
        229,
        145,
        92
    ],
    "186": [
        230,
        145,
        93
    ],
    "187": [
        231,
        146,
        93
    ],
    "188": [
        232,
        147,
        94
    ],
    "189": [
        233,
        148,
        94
    ],
    "190": [
        235,
        148,
        95
    ],
    "191": [
        236,
        149,
        95
    ],
    "192": [
        237,
        150,
        96
    ],
    "193": [
        238,
        151,
        96
    ],
    "194": [
        240,
        152,
        97
    ],
    "195": [
        241,
        152,
        97
    ],
    "196": [
        242,
        153,
        98
    ],
    "197": [
        243,
        154,
        98
    ],
    "198": [
        245,
        155,
        99
    ],
    "199": [
        246,
        155,
        99
    ],
    "200": [
        247,
        156,
        100
    ],
    "201": [
        248,
        157,
        100
    ],
    "202": [
        250,
        158,
        100
    ],
    "203": [
        251,
        159,
        101
    ],
    "204": [
        252,
        159,
        101
    ],
    "205": [
        253,
        160,
        102
    ],
    "206": [
        254,
        161,
        102
    ],
    "207": [
        255,
        162,
        103
    ],
    "208": [
        255,
        162,
        103
    ],
    "209": [
        255,
        163,
        104
    ],
    "210": [
        255,
        164,
        104
    ],
    "211": [
        255,
        165,
        105
    ],
    "212": [
        255,
        166,
        105
    ],
    "213": [
        255,
        166,
        106
    ],
    "214": [
        255,
        167,
        106
    ],
    "215": [
        255,
        168,
        107
    ],
    "216": [
        255,
        169,
        107
    ],
    "217": [
        255,
        170,
        108
    ],
    "218": [
        255,
        170,
        108
    ],
    "219": [
        255,
        171,
        109
    ],
    "220": [
        255,
        172,
        109
    ],
    "221": [
        255,
        173,
        110
    ],
    "222": [
        255,
        173,
        110
    ],
    "223": [
        255,
        174,
        111
    ],
    "224": [
        255,
        175,
        111
    ],
    "225": [
        255,
        176,
        112
    ],
    "226": [
        255,
        177,
        112
    ],
    "227": [
        255,
        177,
        113
    ],
    "228": [
        255,
        178,
        113
    ],
    "229": [
        255,
        179,
        114
    ],
    "230": [
        255,
        180,
        114
    ],
    "231": [
        255,
        180,
        115
    ],
    "232": [
        255,
        181,
        115
    ],
    "233": [
        255,
        182,
        116
    ],
    "234": [
        255,
        183,
        116
    ],
    "235": [
        255,
        184,
        117
    ],
    "236": [
        255,
        184,
        117
    ],
    "237": [
        255,
        185,
        118
    ],
    "238": [
        255,
        186,
        118
    ],
    "239": [
        255,
        187,
        119
    ],
    "240": [
        255,
        187,
        119
    ],
    "241": [
        255,
        188,
        120
    ],
    "242": [
        255,
        189,
        120
    ],
    "243": [
        255,
        190,
        121
    ],
    "244": [
        255,
        191,
        121
    ],
    "245": [
        255,
        191,
        122
    ],
    "246": [
        255,
        192,
        122
    ],
    "247": [
        255,
        193,
        123
    ],
    "248": [
        255,
        194,
        123
    ],
    "249": [
        255,
        195,
        124
    ],
    "250": [
        255,
        195,
        124
    ],
    "251": [
        255,
        196,
        125
    ],
    "252": [
        255,
        197,
        125
    ],
    "253": [
        255,
        198,
        126
    ],
    "254": [
        255,
        198,
        126
    ],
    "255": [
        255,
        199,
        127
    ]
}