{
    "0": [
        0,
        0,
        0
    ],
    "1": [
        2,
        1,
        2
    ],
    "2": [
        3,
        1,
        3
    ],
    "3": [
        5,
        2,
        5
    ],
    "4": [
        7,
        2,
        6
    ],
    "5": [
        8,
        3,
        8
    ],
    "6": [
        10,
        3,
        10
    ],
    "7": [
        11,
        4,
        12
    ],
    "8": [
        12,
        5,
        14
    ],
    "9": [
        14,
        5,
        15
    ],
    "10": [
        15,
        6,
        17
    ],
    "11": [
        16,
        7,
        19
    ],
    "12": [
        17,
        8,
        21
    ],
    "13": [
        18,
        8,
        23
    ],
    "14": [
        19,
        9,
        25
    ],
    "15": [
        20,
        10,
        27
    ],
    "16": [
        21,
        11,
        29
    ],
    "17": [
        22,
        12,
        31
    ],
    "18": [
        22,
        13,
        33
    ],
    "19": [
        23,
        14,
        35
    ],
    "20": [
        24,
        15,
        37
    ],
    "21": [
        24,
        16,
        39
    ],
    "22": [
        25,
        17,
        41
    ],
    "23": [
        25,
        18,
        43
    ],
    "24": [
        25,
        19,
        45
    ],
    "25": [
        26,
        20,
        47
    ],
    "26": [
        26,
        22,
        49
    ],
    "27": [
        26,
        23,
        51
    ],
    "28": [
        26,
        24,
        53
    ],
    "29": [
        27,
        26,
        54
    ],
    "30": [
        27,
        27,
        56
    ],
    "31": [
        27,
        28,
        58
    ],
    "32": [
        27,
        30,
        59
    ],
    "33": [
        27,
        31,
        61
    ],
    "34": [
        26,
        33,
        62
    ],
    "35": [
        26,
        34,
        64
    ],
    "36": [
        26,
        36,
        65
    ],
    "37": [
        26,
        37,
        67
    ],
    "38": [
        26,
        39,
        68
    ],
    "39": [
        25,
        40,
        69
    ],
    "40": [
        25,
        42,
        70
    ],
    "41": [
        25,
        44,
        71
    ],
    "42": [
        25,
        45,
        72
    ],
    "43": [
        24,
        47,
        73
    ],
    "44": [
        24,
        49,
        74
    ],
    "45": [
        24,
        50,
        75
    ],
    "46": [
        23,
        52,
        76
    ],
    "47": [
        23,
        54,
        76
    ],
    "48": [
        23,
        55,
        77
    ],
    "49": [
        22,
        57,
        77
    ],
    "50": [
        22,
        59,
        78
    ],
    "51": [
        22,
        61,
        78
    ],
    "52": [
        22,
        63,
        78
    ],
    "53": [
        22,
        64,
        78
    ],
    "54": [
        21,
        66,
        78
    ],
    "55": [
        21,
        68,
        79
    ],
    "56": [
        21,
        70,
        78
    ],
    "57": [
        21,
        71,
        78
    ],
    "58": [
        21,
        73,
        78
    ],
    "59": [
        21,
        75,
        78
    ],
    "60": [
        21,
        77,
        78
    ],
    "61": [
        21,
        78,
        77
    ],
    "62": [
        21,
        80,
        77
    ],
    "63": [
        21,
        82,
        76
    ],
    "64": [
        22,
        83,
        76
    ],
    "65": [
        22,
        85,
        75
    ],
    "66": [
        22,
        87,
        75
    ],
    "67": [
        23,
        88,
        74
    ],
    "68": [
        23,
        90,
        73
    ],
    "69": [
        24,
        91,
        72
    ],
    "70": [
        25,
        93,
        72
    ],
    "71": [
        25,
        94,
        71
    ],
    "72": [
        26,
        96,
        70
    ],
    "73": [
        27,
        97,
        69
    ],
    "74": [
        28,
        99,
        68
    ],
    "75": [
        29,
        100,
        67
    ],
    "76": [
        30,
        101,
        66
    ],
    "77": [
        31,
        103,
        65
    ],
    "78": [
        32,
        104,
        64
    ],
    "79": [
        34,
        105,
        63
    ],
    "80": [
        35,
        106,
        62
    ],
    "81": [
        37,
        107,
        61
    ],
    "82": [
        38,
        108,
        60
    ],
    "83": [
        40,
        109,
        59
    ],
    "84": [
        42,
        110,
        58
    ],
    "85": [
        43,
        111,
        57
    ],
    "86": [
        45,
        112,
        56
    ],
    "87": [
        47,
        113,
        55
    ],
    "88": [
        49,
        114,
        54
    ],
    "89": [
        51,
        115,
        53
    ],
    "90": [
        53,
        116,
        53
    ],
    "91": [
        56,
        116,
        52
    ],
    "92": [
        58,
        117,
        51
    ],
    "93": [
        60,
        118,
        50
    ],
    "94": [
        63,
        118,
        50
    ],
    "95": [
        65,
        119,
        49
    ],
    "96": [
        68,
        119,
        49
    ],
    "97": [
        70,
        120,
        48
    ],
    "98": [
        73,
        120,
        48
    ],
    "99": [
        76,
        121,
        47
    ],
    "100": [
        78,
        121,
        47
    ],
    "101": [
        81,
        121,
        47
    ],
    "102": [
        84,
        121,
        47
    ],
    "103": [
        87,
        122,
        47
    ],
    "104": [
        90,
        122,
        47
    ],
    "105": [
        93,
        122,
        47
    ],
    "106": [
        96,
        122,
        47
    ],
    "107": [
        99,
        122,
        47
    ],
    "108": [
        102,
        122,
        48
    ],
    "109": [
        105,
        123,
        48
    ],
    "110": [
        108,
        123,
        49
    ],
    "111": [
        111,
        123,
        49
    ],
    "112": [
        114,
        123,
        50
    ],
    "113": [
        117,
        123,
        51
    ],
    "114": [
        120,
        123,
        52
    ],
    "115": [
        123,
        122,
        53
    ],
    "116": [
        126,
        122,
        54
    ],
    "117": [
        129,
        122,
        55
    ],
    "118": [
        132,
        122,
        56
    ],
    "119": [
        135,
        122,
        58
    ],
    "120": [
        138,
        122,
        59
    ],
    "121": [
        141,
        122,
        61
    ],
    "122": [
        144,
        122,
        62
    ],
    "123": [
        147,
        122,
        64
    ],
    "124": [
        150,
        122,
        66
    ],
    "125": [
        153,
        121,
        68
    ],
    "126": [
        156,
        121,
        70
    ],
    "127": [
        159,
        121,
        72
    ],
    "128": [
        161,
        121,
        74
    ],
    "129": [
        164,
        121,
        76
    ],
    "130": [
        167,
        121,
        79
    ],
    "131": [
        169,
        121,
        81
    ],
    "132": [
        172,
        121,
        84
    ],
    "133": [
        174,
        121,
        86
    ],
    "134": [
        177,
        121,
        89
    ],
    "135": [
        179,
        121,
        91
    ],
    "136": [
        181,
        121,
        94
    ],
    "137": [
        183,
        121,
        97
    ],
    "138": [
        185,
        121,
        100
    ],
    "139": [
        188,
        121,
        103
    ],
    "140": [
        190,
        121,
        106
    ],
    "141": [
        191,
        121,
        109
    ],
    "142": [
        193,
        122,
        112
    ],
    "143": [
        195,
        122,
        115
    ],
    "144": [
        197,
        122,
        118
    ],
    "145": [
        198,
        122,
        121
    ],
    "146": [
        200,
        123,
        124
    ],
    "147": [
        201,
        123,
        127
    ],
    "148": [
        202,
        124,
        131
    ],
    "149": [
        204,
        124,
        134
    ],
    "150": [
        205,
        125,
        137
    ],
    "151": [
        206,
        125,
        140
    ],
    "152": [
        207,
        126,
        143
    ],
    "153": [
        208,
        126,
        147
    ],
    "154": [
        209,
        127,
        150
    ],
    "155": [
        209,
        128,
        153
    ],
    "156": [
        210,
        128,
        156
    ],
    "157": [
        211,
        129,
        160
    ],
    "158": [
        211,
        130,
        163
    ],
    "159": [
        211,
        131,
        166
    ],
    "160": [
        212,
        132,
        169
    ],
    "161": [
        212,
        133,
        172
    ],
    "162": [
        212,
        134,
        175
    ],
    "163": [
        212,
        135,
        178
    ],
    "164": [
        213,
        136,
        181
    ],
    "165": [
        213,
        137,
        184
    ],
    "166": [
        212,
        138,
        187
    ],
    "167": [
        212,
        140,
        190
    ],
    "168": [
        212,
        141,
        193
    ],
    "169": [
        212,
        142,
        195
    ],
    "170": [
        212,
        144,
        198
    ],
    "171": [
        211,
        145,
        201
    ],
    "172": [
        211,
        146,
        203
    ],
    "173": [
        210,
        148,
        206
    ],
    "174": [
        210,
        149,
        208
    ],
    "175": [
        210,
        151,
        210
    ],
    "176": [
        209,
        152,
        212
    ],
    "177": [
        208,
        154,
        215
    ],
    "178": [
        208,
        156,
        217
    ],
    "179": [
        207,
        157,
        219
    ],
    "180": [
        207,
        159,
        221
    ],
    "181": [
        206,
        161,
        223
    ],
    "182": [
        205,
        162,
        224
    ],
    "183": [
        204,
        164,
        226
    ],
    "184": [
        204,
        166,
        228
    ],
    "185": [
        203,
        168,
        229
    ],
    "186": [
        202,
        169,
        231
    ],
    "187": [
        202,
        171,
        232
    ],
    "188": [
        201,
        173,
        233
    ],
    "189": [
        200,
        175,
        234
    ],
    "190": [
        200,
        177,
        236
    ],
    "191": [
        199,
        178,
        237
    ],
    "192": [
        198,
        180,
        238
    ],
    "193": [
        198,
        182,
        238
    ],
    "194": [
        197,
        184,
        239
    ],
    "195": [
        197,
        186,
        240
    ],
    "196": [
        196,
        188,
        241
    ],
    "197": [
        196,
        189,
        241
    ],
    "198": [
        195,
        191,
        242
    ],
    "199": [
        195,
        193,
        242
    ],
    "200": [
        194,
        195,
        242
    ],
    "201": [
        194,
        197,
        243
    ],
    "202": [
        194,
        198,
        243
    ],
    "203": [
        194,
        200,
        243
    ],
    "204": [
        193,
        202,
        243
    ],
    "205": [
        193,
        204,
        243
    ],
    "206": [
        193,
        205,
        243
    ],
    "207": [
        193,
        207,
        243
    ],
    "208": [
        193,
        209,
        243
    ],
    "209": [
        194,
        210,
        243
    ],
    "210": [
        194,
        212,
        243
    ],
    "211": [
        194,
        214,
        243
    ],
    "212": [
        194,
        215,
        243
    ],
    "213": [
        195,
        217,
        243
    ],
    "214": [
        195,
        218,
        242
    ],
    "215": [
        196,
        220,
        242
    ],
    "216": [
        196,
        221,
        242
    ],
    "217": [
        197,
        223,
        242
    ],
    "218": [
        198,
        224,
        241
    ],
    "219": [
        198,
        225,
        241
    ],
    "220": [
        199,
        227,
        241
    ],
    "221": [
        200,
        228,
        240
    ],
    "222": [
        201,
        229,
        240
    ],
    "223": [
        202,
        231,
        240
    ],
    "224": [
        203,
        232,
        240
    ],
    "225": [
        204,
        233,
        239
    ],
    "226": [
        205,
        234,
        239
    ],
    "227": [
        207,
        235,
        239
    ],
    "228": [
        208,
        236,
        239
    ],
    "229": [
        209,
        237,
        239
    ],
    "230": [
        211,
        238,
        239
    ],
    "231": [
        212,
        239,
        239
    ],
    "232": [
        214,
        240,
        239
    ],
    "233": [
        215,
        241,
        239
    ],
    "234": [
        217,
        242,
        239
    ],
    "235": [
        219,
        243,
        239
    ],
    "236": [
        220,
        243,
        239
    ],
    "237": [
        222,
        244,
        239
    ],
    "238": [
        224,
        245,
        240
    ],
    "239": [
        226,
        246,
        240
    ],
    "240": [
        227,
        246,
        240
    ],
    "241": [
        229,
        247,
        241
    ],
    "242": [
        231,
        248,
        241
    ],
    "243": [
        233,
        248,
        242
    ],
    "244": [
        235,
        249,
        243
    ],
    "245": [
        237,
        250,
        244
    ],
    "246": [
        239,
        250,
        244
    ],
    "247": [
        240,
        251,
        245
    ],
    "248": [
        242,
        251,
        246
    ],
    "249": [
        244,
        252,
        247
    ],
    "250": [
        246,
        252,
        248
    ],
    "251": [
        248,
        253,
        250
    ],
    "252": [
        250,
        253,
        251
    ],
    "253": [
        251,
        254,
        252
    ],
    "254": [
        253,
        254,
        254
    ],
    "255": [
        255,
        255,
        255
    ]
}