{
    "0": [
        27,
        158,
        119
    ],
    "1": [
        32,
        156,
        116
    ],
    "2": [
        37,
        155,
        113
    ],
    "3": [
        43,
        153,
        109
    ],
    "4": [
        48,
        151,
        106
    ],
    "5": [
        53,
        149,
        103
    ],
    "6": [
        58,
        148,
        100
    ],
    "7": [
        64,
        146,
        97
    ],
    "8": [
        69,
        144,
        93
    ],
    "9": [
        74,
        142,
        90
    ],
    "10": [
        79,
        141,
        87
    ],
    "11": [
        84,
        139,
        84
    ],
    "12": [
        90,
        137,
        80
    ],
    "13": [
        95,
        136,
        77
    ],
    "14": [
        100,
        134,
        74
    ],
    "15": [
        105,
        132,
        71
    ],
    "16": [
        110,
        130,
        68
    ],
    "17": [
        116,
        129,
        64
    ],
    "18": [
        121,
        127,
        61
    ],
    "19": [
        126,
        125,
        58
    ],
    "20": [
        131,
        123,
        55
    ],
    "21": [
        137,
        122,
        52
    ],
    "22": [
        142,
        120,
        48
    ],
    "23": [
        147,
        118,
        45
    ],
    "24": [
        152,
        116,
        42
    ],
    "25": [
        157,
        115,
        39
    ],
    "26": [
        163,
        113,
        35
    ],
    "27": [
        168,
        111,
        32
    ],
    "28": [
        173,
        110,
        29
    ],
    "29": [
        178,
        108,
        26
    ],
    "30": [
        183,
        106,
        23
    ],
    "31": [
        189,
        104,
        19
    ],
    "32": [
        194,
        103,
        16
    ],
    "33": [
        199,
        101,
        13
    ],
    "34": [
        204,
        99,
        10
    ],
    "35": [
        210,
        97,
        7
    ],
    "36": [
        215,
        96,
        3
    ],
    "37": [
        215,
        95,
        5
    ],
    "38": [
        213,
        96,
        10
    ],
    "39": [
        210,
        96,
        14
    ],
    "40": [
        207,
        97,
        19
    ],
    "41": [
        204,
        97,
        24
    ],
    "42": [
        202,
        98,
        29
    ],
    "43": [
        199,
        98,
        34
    ],
    "44": [
        196,
        99,
        39
    ],
    "45": [
        193,
        99,
        44
    ],
    "46": [
        191,
        99,
        49
    ],
    "47": [
        188,
        100,
        53
    ],
    "48": [
        185,
        100,
        58
    ],
    "49": [
        182,
        101,
        63
    ],
    "50": [
        180,
        101,
        68
    ],
    "51": [
        177,
        102,
        73
    ],
    "52": [
        174,
        102,
        78
    ],
    "53": [
        172,
        103,
        83
    ],
    "54": [
        169,
        103,
        87
    ],
    "55": [
        166,
        104,
        92
    ],
    "56": [
        163,
        104,
        97
    ],
    "57": [
        161,
        105,
        102
    ],
    "58": [
        158,
        105,
        107
    ],
    "59": [
        155,
        106,
        112
    ],
    "60": [
        152,
        106,
        117
    ],
    "61": [
        150,
        106,
        121
    ],
    "62": [
        147,
        107,
        126
    ],
    "63": [
        144,
        107,
        131
    ],
    "64": [
        141,
        108,
        136
    ],
    "65": [
        139,
        108,
        141
    ],
    "66": [
        136,
        109,
        146
    ],
    "67": [
        133,
        109,
        151
    ],
    "68": [
        130,
        110,
        155
    ],
    "69": [
        128,
        110,
        160
    ],
    "70": [
        125,
        111,
        165
    ],
    "71": [
        122,
        111,
        170
    ],
    "72": [
        119,
        112,
        175
    ],
    "73": [
        117,
        112,
        179
    ],
    "74": [
        121,
        110,
        178
    ],
    "75": [
        124,
        108,
        177
    ],
    "76": [
        127,
        106,
        175
    ],
    "77": [
        130,
        104,
        174
    ],
    "78": [
        133,
        102,
        173
    ],
    "79": [
        136,
        100,
        172
    ],
    "80": [
        139,
        98,
        171
    ],
    "81": [
        142,
        96,
        170
    ],
    "82": [
        146,
        94,
        169
    ],
    "83": [
        149,
        92,
        168
    ],
    "84": [
        152,
        90,
        166
    ],
    "85": [
        155,
        88,
        165
    ],
    "86": [
        158,
        86,
        164
    ],
    "87": [
        161,
        84,
        163
    ],
    "88": [
        164,
        82,
        162
    ],
    "89": [
        168,
        81,
        161
    ],
    "90": [
        171,
        79,
        160
    ],
    "91": [
        174,
        77,
        159
    ],
    "92": [
        177,
        75,
        157
    ],
    "93": [
        180,
        73,
        156
    ],
    "94": [
        183,
        71,
        155
    ],
    "95": [
        186,
        69,
        154
    ],
    "96": [
        189,
        67,
        153
    ],
    "97": [
        193,
        65,
        152
    ],
    "98": [
        196,
        63,
        151
    ],
    "99": [
        199,
        61,
        150
    ],
    "100": [
        202,
        59,
        148
    ],
    "101": [
        205,
        57,
        147
    ],
    "102": [
        208,
        55,
        146
    ],
    "103": [
        211,
        53,
        145
    ],
    "104": [
        214,
        51,
        144
    ],
    "105": [
        218,
        49,
        143
    ],
    "106": [
        221,
        47,
        142
    ],
    "107": [
        224,
        45,
        141
    ],
    "108": [
        227,
        44,
        139
    ],
    "109": [
        230,
        42,
        138
    ],
    "110": [
        228,
        43,
        136
    ],
    "111": [
        225,
        47,
        133
    ],
    "112": [
        221,
        50,
        130
    ],
    "113": [
        218,
        54,
        127
    ],
    "114": [
        214,
        57,
        124
    ],
    "115": [
        211,
        61,
        121
    ],
    "116": [
        207,
        64,
        118
    ],
    "117": [
        204,
        67,
        115
    ],
    "118": [
        200,
        71,
        112
    ],
    "119": [
        197,
        74,
        109
    ],
    "120": [
        193,
        78,
        106
    ],
    "121": [
        190,
        81,
        103
    ],
    "122": [
        186,
        85,
        100
    ],
    "123": [
        182,
        88,
        97
    ],
    "124": [
        179,
        91,
        94
    ],
    "125": [
        175,
        95,
        91
    ],
    "126": [
        172,
        98,
        88
    ],
    "127": [
        168,
        102,
        85
    ],
    "128": [
        165,
        105,
        83
    ],
    "129": [
        161,
        109,
        80
    ],
    "130": [
        158,
        112,
        77
    ],
    "131": [
        154,
        116,
        74
    ],
    "132": [
        151,
        119,
        71
    ],
    "133": [
        147,
        122,
        68
    ],
    "134": [
        143,
        126,
        65
    ],
    "135": [
        140,
        129,
        62
    ],
    "136": [
        136,
        133,
        59
    ],
    "137": [
        133,
        136,
        56
    ],
    "138": [
        129,
        140,
        53
    ],
    "139": [
        126,
        143,
        50
    ],
    "140": [
        122,
        146,
        47
    ],
    "141": [
        119,
        150,
        44
    ],
    "142": [
        115,
        153,
        41
    ],
    "143": [
        112,
        157,
        38
    ],
    "144": [
        108,
        160,
        35
    ],
    "145": [
        105,
        164,
        32
    ],
    "146": [
        103,
        166,
        30
    ],
    "147": [
        107,
        166,
        29
    ],
    "148": [
        110,
        166,
        28
    ],
    "149": [
        114,
        166,
        27
    ],
    "150": [
        117,
        167,
        27
    ],
    "151": [
        121,
        167,
        26
    ],
    "152": [
        124,
        167,
        25
    ],
    "153": [
        128,
        167,
        24
    ],
    "154": [
        131,
        167,
        24
    ],
    "155": [
        135,
        167,
        23
    ],
    "156": [
        138,
        167,
        22
    ],
    "157": [
        142,
        168,
        21
    ],
    "158": [
        145,
        168,
        21
    ],
    "159": [
        149,
        168,
        20
    ],
    "160": [
        152,
        168,
        19
    ],
    "161": [
        156,
        168,
        18
    ],
    "162": [
        159,
        168,
        17
    ],
    "163": [
        163,
        168,
        17
    ],
    "164": [
        166,
        169,
        16
    ],
    "165": [
        170,
        169,
        15
    ],
    "166": [
        173,
        169,
        14
    ],
    "167": [
        177,
        169,
        14
    ],
    "168": [
        180,
        169,
        13
    ],
    "169": [
        184,
        169,
        12
    ],
    "170": [
        187,
        169,
        11
    ],
    "171": [
        191,
        169,
        11
    ],
    "172": [
        194,
        170,
        10
    ],
    "173": [
        198,
        170,
        9
    ],
    "174": [
        201,
        170,
        8
    ],
    "175": [
        205,
        170,
        7
    ],
    "176": [
        208,
        170,
        7
    ],
    "177": [
        212,
        170,
        6
    ],
    "178": [
        215,
        170,
        5
    ],
    "179": [
        219,
        171,
        4
    ],
    "180": [
        222,
        171,
        4
    ],
    "181": [
        226,
        171,
        3
    ],
    "182": [
        229,
        171,
        2
    ],
    "183": [
        228,
        170,
        3
    ],
    "184": [
        227,
        168,
        3
    ],
    "185": [
        225,
        167,
        4
    ],
    "186": [
        223,
        165,
        5
    ],
    "187": [
        221,
        164,
        6
    ],
    "188": [
        220,
        162,
        6
    ],
    "189": [
        218,
        161,
        7
    ],
    "190": [
        216,
        160,
        8
    ],
    "191": [
        214,
        158,
        9
    ],
    "192": [
        213,
        157,
        9
    ],
    "193": [
        211,
        155,
        10
    ],
    "194": [
        209,
        154,
        11
    ],
    "195": [
        207,
        152,
        12
    ],
    "196": [
        206,
        151,
        12
    ],
    "197": [
        204,
        149,
        13
    ],
    "198": [
        202,
        148,
        14
    ],
    "199": [
        200,
        146,
        14
    ],
    "200": [
        199,
        145,
        15
    ],
    "201": [
        197,
        144,
        16
    ],
    "202": [
        195,
        142,
        17
    ],
    "203": [
        193,
        141,
        17
    ],
    "204": [
        192,
        139,
        18
    ],
    "205": [
        190,
        138,
        19
    ],
    "206": [
        188,
        136,
        20
    ],
    "207": [
        186,
        135,
        20
    ],
    "208": [
        185,
        133,
        21
    ],
    "209": [
        183,
        132,
        22
    ],
    "210": [
        181,
        130,
        23
    ],
    "211": [
        179,
        129,
        23
    ],
    "212": [
        178,
        128,
        24
    ],
    "213": [
        176,
        126,
        25
    ],
    "214": [
        174,
        125,
        26
    ],
    "215": [
        172,
        123,
        26
    ],
    "216": [
        171,
        122,
        27
    ],
    "217": [
        169,
        120,
        28
    ],
    "218": [
        167,
        119,
        29
    ],
    "219": [
        165,
        118,
        30
    ],
    "220": [
        163,
        117,
        32
    ],
    "221": [
        162,
        117,
        34
    ],
    "222": [
        160,
        116,
        36
    ],
    "223": [
        158,
        116,
        38
    ],
    "224": [
        156,
        116,
        40
    ],
    "225": [
        155,
        115,
        42
    ],
    "226": [
        153,
        115,
        44
    ],
    "227": [
        151,
        114,
        46
    ],
    "228": [
        149,
        114,
        48
    ],
    "229": [
        148,
        113,
        50
    ],
    "230": [
        146,
        113,
        52
    ],
    "231": [
        144,
        113,
        54
    ],
    "232": [
        142,
        112,
        56
    ],
    "233": [
        141,
        112,
        58
    ],
    "234": [
        139,
        111,
        60
    ],
    "235": [
        137,
        111,
        62
    ],
    "236": [
        135,
        110,
        64
    ],
    "237": [
        134,
        110,
        66
    ],
    "238": [
        132,
        109,
        68
    ],
    "239": [
        130,
        109,
        70
    ],
    "240": [
        128,
        109,
        72
    ],
    "241": [
        127,
        108,
        74
    ],
    "242": [
        125,
        108,
        76
    ],
    "243": [
        123,
        107,
        78
    ],
    "244": [
        121,
        107,
        80
    ],
    "245": [
        120,
        106,
        82
    ],
    "246": [
        118,
        106,
        84
    ],
    "247": [
        116,
        106,
        86
    ],
    "248": [
        114,
        105,
        88
    ],
    "249": [
        113,
        105,
        90
    ],
    "250": [
        111,
        104,
        92
    ],
    "251": [
        109,
        104,
        94
    ],
    "252": [
        107,
        103,
        96
    ],
    "253": [
        106,
        103,
        98
    ],
    "254": [
        104,
        102,
        100
    ],
    "255": [
        102,
        102,
        102
    ]
}