{
    "0": [
        255,
        0,
        0
    ],
    "1": [
        255,
        96,
        53
    ],
    "2": [
        255,
        179,
        126
    ],
    "3": [
        255,
        234,
        198
    ],
    "4": [
        255,
        255,
        255
    ],
    "5": [
        205,
        238,
        255
    ],
    "6": [
        133,
        185,
        255
    ],
    "7": [
        60,
        105,
        255
    ],
    "8": [
        0,
        9,
        255
    ],
    "9": [
        0,
        0,
        208
    ],
    "10": [
        0,
        0,
        136
    ],
    "11": [
        0,
        0,
        63
    ],
    "12": [
        0,
        0,
        0
    ],
    "13": [
        44,
        0,
        0
    ],
    "14": [
        115,
        0,
        0
    ],
    "15": [
        188,
        0,
        0
    ],
    "16": [
        252,
        0,
        0
    ],
    "17": [
        255,
        79,
        41
    ],
    "18": [
        255,
        165,
        112
    ],
    "19": [
        255,
        226,
        185
    ],
    "20": [
        255,
        254,
        250
    ],
    "21": [
        217,
        244,
        255
    ],
    "22": [
        147,
        198,
        255
    ],
    "23": [
        73,
        122,
        255
    ],
    "24": [
        8,
        28,
        255
    ],
    "25": [
        0,
        0,
        221
    ],
    "26": [
        0,
        0,
        150
    ],
    "27": [
        0,
        0,
        77
    ],
    "28": [
        0,
        0,
        11
    ],
    "29": [
        31,
        0,
        0
    ],
    "30": [
        101,
        0,
        0
    ],
    "31": [
        175,
        0,
        0
    ],
    "32": [
        241,
        0,
        0
    ],
    "33": [
        255,
        61,
        28
    ],
    "34": [
        255,
        150,
        98
    ],
    "35": [
        255,
        217,
        171
    ],
    "36": [
        255,
        251,
        238
    ],
    "37": [
        230,
        249,
        255
    ],
    "38": [
        161,
        209,
        255
    ],
    "39": [
        87,
        138,
        255
    ],
    "40": [
        19,
        47,
        255
    ],
    "41": [
        0,
        0,
        233
    ],
    "42": [
        0,
        0,
        164
    ],
    "43": [
        0,
        0,
        91
    ],
    "44": [
        0,
        0,
        22
    ],
    "45": [
        19,
        0,
        0
    ],
    "46": [
        87,
        0,
        0
    ],
    "47": [
        161,
        0,
        0
    ],
    "48": [
        230,
        0,
        0
    ],
    "49": [
        255,
        42,
        17
    ],
    "50": [
        255,
        134,
        84
    ],
    "51": [
        255,
        206,
        157
    ],
    "52": [
        255,
        248,
        227
    ],
    "53": [
        241,
        252,
        255
    ],
    "54": [
        175,
        219,
        255
    ],
    "55": [
        101,
        154,
        255
    ],
    "56": [
        31,
        65,
        255
    ],
    "57": [
        0,
        0,
        244
    ],
    "58": [
        0,
        0,
        178
    ],
    "59": [
        0,
        0,
        105
    ],
    "60": [
        0,
        0,
        34
    ],
    "61": [
        8,
        0,
        0
    ],
    "62": [
        73,
        0,
        0
    ],
    "63": [
        147,
        0,
        0
    ],
    "64": [
        217,
        0,
        0
    ],
    "65": [
        255,
        24,
        5
    ],
    "66": [
        255,
        118,
        70
    ],
    "67": [
        255,
        195,
        143
    ],
    "68": [
        255,
        243,
        214
    ],
    "69": [
        252,
        254,
        255
    ],
    "70": [
        188,
        228,
        255
    ],
    "71": [
        115,
        168,
        255
    ],
    "72": [
        44,
        83,
        255
    ],
    "73": [
        0,
        0,
        255
    ],
    "74": [
        0,
        0,
        192
    ],
    "75": [
        0,
        0,
        119
    ],
    "76": [
        0,
        0,
        47
    ],
    "77": [
        0,
        0,
        0
    ],
    "78": [
        60,
        0,
        0
    ],
    "79": [
        133,
        0,
        0
    ],
    "80": [
        205,
        0,
        0
    ],
    "81": [
        255,
        5,
        0
    ],
    "82": [
        255,
        101,
        57
    ],
    "83": [
        255,
        182,
        129
    ],
    "84": [
        255,
        236,
        202
    ],
    "85": [
        255,
        255,
        255
    ],
    "86": [
        202,
        236,
        255
    ],
    "87": [
        129,
        182,
        255
    ],
    "88": [
        57,
        101,
        255
    ],
    "89": [
        0,
        5,
        255
    ],
    "90": [
        0,
        0,
        205
    ],
    "91": [
        0,
        0,
        133
    ],
    "92": [
        0,
        0,
        60
    ],
    "93": [
        0,
        0,
        0
    ],
    "94": [
        47,
        0,
        0
    ],
    "95": [
        119,
        0,
        0
    ],
    "96": [
        192,
        0,
        0
    ],
    "97": [
        255,
        0,
        0
    ],
    "98": [
        255,
        83,
        44
    ],
    "99": [
        255,
        168,
        115
    ],
    "100": [
        255,
        228,
        188
    ],
    "101": [
        255,
        254,
        252
    ],
    "102": [
        214,
        243,
        255
    ],
    "103": [
        143,
        195,
        255
    ],
    "104": [
        70,
        118,
        255
    ],
    "105": [
        5,
        24,
        255
    ],
    "106": [
        0,
        0,
        217
    ],
    "107": [
        0,
        0,
        147
    ],
    "108": [
        0,
        0,
        73
    ],
    "109": [
        0,
        0,
        8
    ],
    "110": [
        34,
        0,
        0
    ],
    "111": [
        105,
        0,
        0
    ],
    "112": [
        178,
        0,
        0
    ],
    "113": [
        244,
        0,
        0
    ],
    "114": [
        255,
        65,
        31
    ],
    "115": [
        255,
        154,
        101
    ],
    "116": [
        255,
        219,
        175
    ],
    "117": [
        255,
        252,
        241
    ],
    "118": [
        227,
        248,
        255
    ],
    "119": [
        157,
        206,
        255
    ],
    "120": [
        84,
        134,
        255
    ],
    "121": [
        17,
        42,
        255
    ],
    "122": [
        0,
        0,
        230
    ],
    "123": [
        0,
        0,
        161
    ],
    "124": [
        0,
        0,
        87
    ],
    "125": [
        0,
        0,
        19
    ],
    "126": [
        22,
        0,
        0
    ],
    "127": [
        91,
        0,
        0
    ],
    "128": [
        164,
        0,
        0
    ],
    "129": [
        233,
        0,
        0
    ],
    "130": [
        255,
        47,
        19
    ],
    "131": [
        255,
        138,
        87
    ],
    "132": [
        255,
        209,
        161
    ],
    "133": [
        255,
        249,
        230
    ],
    "134": [
        238,
        251,
        255
    ],
    "135": [
        171,
        217,
        255
    ],
    "136": [
        98,
        150,
        255
    ],
    "137": [
        28,
        61,
        255
    ],
    "138": [
        0,
        0,
        241
    ],
    "139": [
        0,
        0,
        175
    ],
    "140": [
        0,
        0,
        101
    ],
    "141": [
        0,
        0,
        31
    ],
    "142": [
        11,
        0,
        0
    ],
    "143": [
        77,
        0,
        0
    ],
    "144": [
        150,
        0,
        0
    ],
    "145": [
        221,
        0,
        0
    ],
    "146": [
        255,
        28,
        8
    ],
    "147": [
        255,
        122,
        73
    ],
    "148": [
        255,
        198,
        147
    ],
    "149": [
        255,
        244,
        217
    ],
    "150": [
        250,
        254,
        255
    ],
    "151": [
        185,
        226,
        255
    ],
    "152": [
        112,
        165,
        255
    ],
    "153": [
        41,
        79,
        255
    ],
    "154": [
        0,
        0,
        252
    ],
    "155": [
        0,
        0,
        188
    ],
    "156": [
        0,
        0,
        115
    ],
    "157": [
        0,
        0,
        44
    ],
    "158": [
        0,
        0,
        0
    ],
    "159": [
        63,
        0,
        0
    ],
    "160": [
        136,
        0,
        0
    ],
    "161": [
        208,
        0,
        0
    ],
    "162": [
        255,
        9,
        0
    ],
    "163": [
        255,
        105,
        60
    ],
    "164": [
        255,
        185,
        133
    ],
    "165": [
        255,
        238,
        205
    ],
    "166": [
        255,
        255,
        255
    ],
    "167": [
        198,
        234,
        255
    ],
    "168": [
        126,
        179,
        255
    ],
    "169": [
        53,
        96,
        255
    ],
    "170": [
        0,
        0,
        255
    ],
    "171": [
        0,
        0,
        202
    ],
    "172": [
        0,
        0,
        129
    ],
    "173": [
        0,
        0,
        57
    ],
    "174": [
        0,
        0,
        0
    ],
    "175": [
        50,
        0,
        0
    ],
    "176": [
        122,
        0,
        0
    ],
    "177": [
        195,
        0,
        0
    ],
    "178": [
        255,
        0,
        0
    ],
    "179": [
        255,
        88,
        47
    ],
    "180": [
        255,
        172,
        119
    ],
    "181": [
        255,
        230,
        192
    ],
    "182": [
        255,
        255,
        255
    ],
    "183": [
        211,
        241,
        255
    ],
    "184": [
        140,
        192,
        255
    ],
    "185": [
        67,
        114,
        255
    ],
    "186": [
        3,
        19,
        255
    ],
    "187": [
        0,
        0,
        214
    ],
    "188": [
        0,
        0,
        143
    ],
    "189": [
        0,
        0,
        70
    ],
    "190": [
        0,
        0,
        5
    ],
    "191": [
        38,
        0,
        0
    ],
    "192": [
        108,
        0,
        0
    ],
    "193": [
        182,
        0,
        0
    ],
    "194": [
        247,
        0,
        0
    ],
    "195": [
        255,
        70,
        34
    ],
    "196": [
        255,
        157,
        105
    ],
    "197": [
        255,
        222,
        178
    ],
    "198": [
        255,
        253,
        244
    ],
    "199": [
        224,
        247,
        255
    ],
    "200": [
        154,
        203,
        255
    ],
    "201": [
        80,
        130,
        255
    ],
    "202": [
        14,
        38,
        255
    ],
    "203": [
        0,
        0,
        227
    ],
    "204": [
        0,
        0,
        157
    ],
    "205": [
        0,
        0,
        84
    ],
    "206": [
        0,
        0,
        17
    ],
    "207": [
        25,
        0,
        0
    ],
    "208": [
        94,
        0,
        0
    ],
    "209": [
        168,
        0,
        0
    ],
    "210": [
        236,
        0,
        0
    ],
    "211": [
        255,
        51,
        22
    ],
    "212": [
        255,
        142,
        91
    ],
    "213": [
        255,
        212,
        164
    ],
    "214": [
        255,
        250,
        233
    ],
    "215": [
        236,
        251,
        255
    ],
    "216": [
        168,
        214,
        255
    ],
    "217": [
        94,
        146,
        255
    ],
    "218": [
        25,
        56,
        255
    ],
    "219": [
        0,
        0,
        238
    ],
    "220": [
        0,
        0,
        171
    ],
    "221": [
        0,
        0,
        98
    ],
    "222": [
        0,
        0,
        28
    ],
    "223": [
        14,
        0,
        0
    ],
    "224": [
        80,
        0,
        0
    ],
    "225": [
        154,
        0,
        0
    ],
    "226": [
        224,
        0,
        0
    ],
    "227": [
        255,
        33,
        11
    ],
    "228": [
        255,
        126,
        77
    ],
    "229": [
        255,
        201,
        150
    ],
    "230": [
        255,
        245,
        221
    ],
    "231": [
        247,
        253,
        255
    ],
    "232": [
        182,
        224,
        255
    ],
    "233": [
        108,
        161,
        255
    ],
    "234": [
        38,
        74,
        255
    ],
    "235": [
        0,
        0,
        250
    ],
    "236": [
        0,
        0,
        185
    ],
    "237": [
        0,
        0,
        112
    ],
    "238": [
        0,
        0,
        41
    ],
    "239": [
        3,
        0,
        0
    ],
    "240": [
        67,
        0,
        0
    ],
    "241": [
        140,
        0,
        0
    ],
    "242": [
        211,
        0,
        0
    ],
    "243": [
        255,
        14,
        0
    ],
    "244": [
        255,
        109,
        63
    ],
    "245": [
        255,
        188,
        136
    ],
    "246": [
        255,
        239,
        208
    ],
    "247": [
        255,
        255,
        255
    ],
    "248": [
        195,
        232,
        255
    ],
    "249": [
        122,
        175,
        255
    ],
    "250": [
        50,
        92,
        255
    ],
    "251": [
        0,
        0,
        255
    ],
    "252": [
        0,
        0,
        198
    ],
    "253": [
        0,
        0,
        126
    ],
    "254": [
        0,
        0,
        53
    ],
    "255": [
        0,
        0,
        0
    ]
}