{
    "0": [
        0,
        0,
        128
    ],
    "1": [
        0,
        7,
        119
    ],
    "2": [
        0,
        15,
        109
    ],
    "3": [
        0,
        22,
        100
    ],
    "4": [
        0,
        29,
        90
    ],
    "5": [
        0,
        36,
        81
    ],
    "6": [
        0,
        44,
        72
    ],
    "7": [
        0,
        51,
        62
    ],
    "8": [
        0,
        58,
        53
    ],
    "9": [
        0,
        66,
        43
    ],
    "10": [
        0,
        73,
        34
    ],
    "11": [
        0,
        80,
        25
    ],
    "12": [
        0,
        88,
        15
    ],
    "13": [
        0,
        95,
        6
    ],
    "14": [
        0,
        88,
        22
    ],
    "15": [
        0,
        81,
        39
    ],
    "16": [
        0,
        75,
        55
    ],
    "17": [
        0,
        68,
        72
    ],
    "18": [
        0,
        61,
        89
    ],
    "19": [
        0,
        54,
        105
    ],
    "20": [
        0,
        47,
        122
    ],
    "21": [
        0,
        41,
        139
    ],
    "22": [
        0,
        34,
        155
    ],
    "23": [
        0,
        27,
        172
    ],
    "24": [
        0,
        20,
        188
    ],
    "25": [
        0,
        14,
        205
    ],
    "26": [
        0,
        7,
        222
    ],
    "27": [
        0,
        0,
        238
    ],
    "28": [
        0,
        14,
        255
    ],
    "29": [
        0,
        28,
        255
    ],
    "30": [
        0,
        42,
        255
    ],
    "31": [
        0,
        56,
        255
    ],
    "32": [
        0,
        71,
        255
    ],
    "33": [
        0,
        85,
        255
    ],
    "34": [
        0,
        99,
        255
    ],
    "35": [
        0,
        113,
        255
    ],
    "36": [
        0,
        127,
        255
    ],
    "37": [
        0,
        141,
        255
    ],
    "38": [
        0,
        155,
        255
    ],
    "39": [
        0,
        169,
        255
    ],
    "40": [
        0,
        184,
        255
    ],
    "41": [
        0,
        192,
        255
    ],
    "42": [
        0,
        198,
        255
    ],
    "43": [
        0,
        202,
        255
    ],
    "44": [
        0,
        206,
        255
    ],
    "45": [
        0,
        211,
        255
    ],
    "46": [
        0,
        215,
        255
    ],
    "47": [
        0,
        220,
        255
    ],
    "48": [
        0,
        224,
        255
    ],
    "49": [
        0,
        229,
        255
    ],
    "50": [
        0,
        233,
        255
    ],
    "51": [
        0,
        237,
        255
    ],
    "52": [
        0,
        242,
        255
    ],
    "53": [
        0,
        246,
        248
    ],
    "54": [
        0,
        251,
        242
    ],
    "55": [
        0,
        255,
        235
    ],
    "56": [
        0,
        255,
        229
    ],
    "57": [
        0,
        254,
        222
    ],
    "58": [
        0,
        254,
        216
    ],
    "59": [
        0,
        253,
        209
    ],
    "60": [
        0,
        253,
        203
    ],
    "61": [
        0,
        252,
        196
    ],
    "62": [
        0,
        252,
        189
    ],
    "63": [
        0,
        251,
        183
    ],
    "64": [
        0,
        251,
        176
    ],
    "65": [
        0,
        250,
        170
    ],
    "66": [
        0,
        250,
        163
    ],
    "67": [
        0,
        250,
        157
    ],
    "68": [
        0,
        250,
        146
    ],
    "69": [
        0,
        250,
        136
    ],
    "70": [
        0,
        250,
        125
    ],
    "71": [
        0,
        251,
        115
    ],
    "72": [
        0,
        251,
        104
    ],
    "73": [
        0,
        252,
        94
    ],
    "74": [
        0,
        252,
        84
    ],
    "75": [
        0,
        253,
        73
    ],
    "76": [
        0,
        253,
        63
    ],
    "77": [
        0,
        253,
        52
    ],
    "78": [
        0,
        254,
        42
    ],
    "79": [
        0,
        254,
        31
    ],
    "80": [
        6,
        255,
        21
    ],
    "81": [
        13,
        255,
        11
    ],
    "82": [
        19,
        251,
        0
    ],
    "83": [
        25,
        247,
        0
    ],
    "84": [
        32,
        244,
        0
    ],
    "85": [
        38,
        240,
        0
    ],
    "86": [
        45,
        236,
        0
    ],
    "87": [
        51,
        232,
        0
    ],
    "88": [
        57,
        229,
        0
    ],
    "89": [
        64,
        225,
        0
    ],
    "90": [
        70,
        221,
        0
    ],
    "91": [
        76,
        217,
        0
    ],
    "92": [
        83,
        214,
        0
    ],
    "93": [
        89,
        210,
        0
    ],
    "94": [
        96,
        206,
        0
    ],
    "95": [
        102,
        209,
        0
    ],
    "96": [
        104,
        213,
        0
    ],
    "97": [
        106,
        216,
        0
    ],
    "98": [
        108,
        219,
        0
    ],
    "99": [
        110,
        222,
        0
    ],
    "100": [
        112,
        226,
        0
    ],
    "101": [
        114,
        229,
        0
    ],
    "102": [
        116,
        232,
        0
    ],
    "103": [
        118,
        235,
        0
    ],
    "104": [
        120,
        239,
        0
    ],
    "105": [
        122,
        242,
        0
    ],
    "106": [
        124,
        245,
        0
    ],
    "107": [
        126,
        248,
        4
    ],
    "108": [
        128,
        252,
        8
    ],
    "109": [
        132,
        255,
        12
    ],
    "110": [
        137,
        255,
        16
    ],
    "111": [
        141,
        255,
        20
    ],
    "112": [
        146,
        255,
        24
    ],
    "113": [
        150,
        255,
        28
    ],
    "114": [
        155,
        255,
        32
    ],
    "115": [
        159,
        255,
        36
    ],
    "116": [
        164,
        255,
        40
    ],
    "117": [
        169,
        255,
        44
    ],
    "118": [
        173,
        255,
        48
    ],
    "119": [
        178,
        255,
        52
    ],
    "120": [
        182,
        255,
        56
    ],
    "121": [
        187,
        255,
        60
    ],
    "122": [
        191,
        255,
        56
    ],
    "123": [
        196,
        255,
        52
    ],
    "124": [
        200,
        255,
        48
    ],
    "125": [
        205,
        255,
        44
    ],
    "126": [
        210,
        255,
        40
    ],
    "127": [
        214,
        255,
        36
    ],
    "128": [
        219,
        255,
        32
    ],
    "129": [
        223,
        255,
        28
    ],
    "130": [
        228,
        255,
        24
    ],
    "131": [
        232,
        255,
        20
    ],
    "132": [
        237,
        255,
        16
    ],
    "133": [
        241,
        255,
        12
    ],
    "134": [
        246,
        253,
        8
    ],
    "135": [
        250,
        250,
        4
    ],
    "136": [
        255,
        248,
        0
    ],
    "137": [
        255,
        245,
        0
    ],
    "138": [
        255,
        243,
        0
    ],
    "139": [
        255,
        240,
        0
    ],
    "140": [
        255,
        238,
        0
    ],
    "141": [
        255,
        235,
        0
    ],
    "142": [
        255,
        233,
        0
    ],
    "143": [
        255,
        230,
        0
    ],
    "144": [
        255,
        228,
        0
    ],
    "145": [
        255,
        225,
        0
    ],
    "146": [
        255,
        223,
        0
    ],
    "147": [
        255,
        220,
        0
    ],
    "148": [
        255,
        218,
        0
    ],
    "149": [
        255,
        216,
        1
    ],
    "150": [
        255,
        213,
        2
    ],
    "151": [
        255,
        211,
        3
    ],
    "152": [
        255,
        208,
        4
    ],
    "153": [
        255,
        206,
        5
    ],
    "154": [
        255,
        203,
        6
    ],
    "155": [
        255,
        201,
        8
    ],
    "156": [
        255,
        198,
        9
    ],
    "157": [
        255,
        196,
        10
    ],
    "158": [
        255,
        193,
        11
    ],
    "159": [
        255,
        191,
        12
    ],
    "160": [
        255,
        188,
        13
    ],
    "161": [
        255,
        186,
        14
    ],
    "162": [
        255,
        178,
        13
    ],
    "163": [
        255,
        170,
        12
    ],
    "164": [
        255,
        161,
        11
    ],
    "165": [
        255,
        153,
        10
    ],
    "166": [
        255,
        145,
        9
    ],
    "167": [
        255,
        137,
        8
    ],
    "168": [
        255,
        129,
        7
    ],
    "169": [
        255,
        120,
        7
    ],
    "170": [
        255,
        112,
        6
    ],
    "171": [
        255,
        104,
        5
    ],
    "172": [
        255,
        96,
        4
    ],
    "173": [
        255,
        88,
        3
    ],
    "174": [
        255,
        80,
        2
    ],
    "175": [
        255,
        71,
        1
    ],
    "176": [
        255,
        67,
        0
    ],
    "177": [
        255,
        62,
        0
    ],
    "178": [
        255,
        57,
        0
    ],
    "179": [
        255,
        52,
        0
    ],
    "180": [
        255,
        48,
        0
    ],
    "181": [
        255,
        43,
        0
    ],
    "182": [
        255,
        38,
        0
    ],
    "183": [
        255,
        33,
        0
    ],
    "184": [
        255,
        29,
        0
    ],
    "185": [
        255,
        24,
        0
    ],
    "186": [
        255,
        19,
        0
    ],
    "187": [
        255,
        14,
        0
    ],
    "188": [
        255,
        10,
        0
    ],
    "189": [
        255,
        5,
        18
    ],
    "190": [
        255,
        0,
        35
    ],
    "191": [
        255,
        0,
        53
    ],
    "192": [
        255,
        0,
        71
    ],
    "193": [
        255,
        0,
        88
    ],
    "194": [
        255,
        0,
        106
    ],
    "195": [
        255,
        0,
        124
    ],
    "196": [
        255,
        0,
        142
    ],
    "197": [
        255,
        0,
        159
    ],
    "198": [
        255,
        0,
        177
    ],
    "199": [
        255,
        0,
        195
    ],
    "200": [
        255,
        0,
        213
    ],
    "201": [
        255,
        0,
        230
    ],
    "202": [
        255,
        0,
        248
    ],
    "203": [
        248,
        3,
        252
    ],
    "204": [
        241,
        7,
        255
    ],
    "205": [
        234,
        10,
        255
    ],
    "206": [
        228,
        14,
        255
    ],
    "207": [
        221,
        17,
        255
    ],
    "208": [
        214,
        21,
        255
    ],
    "209": [
        207,
        24,
        255
    ],
    "210": [
        200,
        28,
        255
    ],
    "211": [
        193,
        31,
        255
    ],
    "212": [
        186,
        34,
        255
    ],
    "213": [
        179,
        38,
        255
    ],
    "214": [
        172,
        41,
        255
    ],
    "215": [
        166,
        45,
        255
    ],
    "216": [
        159,
        51,
        254
    ],
    "217": [
        164,
        57,
        253
    ],
    "218": [
        170,
        63,
        251
    ],
    "219": [
        176,
        68,
        250
    ],
    "220": [
        182,
        74,
        249
    ],
    "221": [
        188,
        80,
        248
    ],
    "222": [
        194,
        86,
        247
    ],
    "223": [
        200,
        92,
        245
    ],
    "224": [
        206,
        98,
        244
    ],
    "225": [
        212,
        104,
        243
    ],
    "226": [
        218,
        110,
        242
    ],
    "227": [
        224,
        116,
        241
    ],
    "228": [
        230,
        122,
        239
    ],
    "229": [
        235,
        128,
        238
    ],
    "230": [
        236,
        132,
        239
    ],
    "231": [
        237,
        137,
        239
    ],
    "232": [
        238,
        141,
        240
    ],
    "233": [
        238,
        146,
        241
    ],
    "234": [
        239,
        151,
        241
    ],
    "235": [
        240,
        155,
        242
    ],
    "236": [
        240,
        160,
        242
    ],
    "237": [
        241,
        165,
        243
    ],
    "238": [
        242,
        169,
        244
    ],
    "239": [
        243,
        174,
        244
    ],
    "240": [
        243,
        179,
        245
    ],
    "241": [
        244,
        183,
        245
    ],
    "242": [
        245,
        188,
        246
    ],
    "243": [
        245,
        192,
        247
    ],
    "244": [
        246,
        197,
        247
    ],
    "245": [
        247,
        202,
        248
    ],
    "246": [
        248,
        206,
        249
    ],
    "247": [
        248,
        211,
        249
    ],
    "248": [
        249,
        216,
        250
    ],
    "249": [
        250,
        220,
        250
    ],
    "250": [
        250,
        225,
        251
    ],
    "251": [
        251,
        229,
        252
    ],
    "252": [
        252,
        234,
        252
    ],
    "253": [
        253,
        239,
        253
    ],
    "254": [
        253,
        243,
        253
    ],
    "255": [
        254,
        248,
        254
    ]
}