{
    "0": [
        0,
        0,
        0
    ],
    "1": [
        1,
        0,
        43
    ],
    "2": [
        1,
        0,
        57
    ],
    "3": [
        2,
        0,
        67
    ],
    "4": [
        3,
        0,
        78
    ],
    "5": [
        3,
        0,
        89
    ],
    "6": [
        4,
        0,
        100
    ],
    "7": [
        5,
        0,
        110
    ],
    "8": [
        5,
        2,
        116
    ],
    "9": [
        6,
        5,
        116
    ],
    "10": [
        7,
        7,
        116
    ],
    "11": [
        7,
        9,
        117
    ],
    "12": [
        8,
        11,
        117
    ],
    "13": [
        9,
        14,
        117
    ],
    "14": [
        9,
        16,
        117
    ],
    "15": [
        10,
        18,
        117
    ],
    "16": [
        11,
        21,
        117
    ],
    "17": [
        11,
        23,
        118
    ],
    "18": [
        12,
        25,
        118
    ],
    "19": [
        13,
        28,
        118
    ],
    "20": [
        13,
        30,
        118
    ],
    "21": [
        14,
        32,
        118
    ],
    "22": [
        15,
        34,
        119
    ],
    "23": [
        15,
        37,
        119
    ],
    "24": [
        16,
        39,
        119
    ],
    "25": [
        17,
        41,
        119
    ],
    "26": [
        17,
        44,
        119
    ],
    "27": [
        18,
        46,
        119
    ],
    "28": [
        19,
        48,
        120
    ],
    "29": [
        19,
        50,
        120
    ],
    "30": [
        20,
        52,
        120
    ],
    "31": [
        21,
        55,
        120
    ],
    "32": [
        21,
        57,
        120
    ],
    "33": [
        22,
        59,
        121
    ],
    "34": [
        23,
        61,
        121
    ],
    "35": [
        23,
        63,
        121
    ],
    "36": [
        24,
        65,
        121
    ],
    "37": [
        25,
        67,
        121
    ],
    "38": [
        25,
        69,
        121
    ],
    "39": [
        26,
        71,
        122
    ],
    "40": [
        27,
        73,
        122
    ],
    "41": [
        27,
        75,
        122
    ],
    "42": [
        28,
        77,
        122
    ],
    "43": [
        29,
        79,
        122
    ],
    "44": [
        29,
        81,
        123
    ],
    "45": [
        30,
        83,
        123
    ],
    "46": [
        31,
        85,
        123
    ],
    "47": [
        31,
        87,
        123
    ],
    "48": [
        32,
        89,
        123
    ],
    "49": [
        33,
        90,
        123
    ],
    "50": [
        33,
        92,
        124
    ],
    "51": [
        34,
        94,
        124
    ],
    "52": [
        35,
        96,
        124
    ],
    "53": [
        35,
        98,
        124
    ],
    "54": [
        36,
        100,
        124
    ],
    "55": [
        37,
        101,
        125
    ],
    "56": [
        37,
        103,
        125
    ],
    "57": [
        38,
        104,
        125
    ],
    "58": [
        39,
        106,
        125
    ],
    "59": [
        39,
        107,
        125
    ],
    "60": [
        40,
        109,
        125
    ],
    "61": [
        41,
        111,
        126
    ],
    "62": [
        41,
        112,
        126
    ],
    "63": [
        42,
        114,
        126
    ],
    "64": [
        43,
        115,
        126
    ],
    "65": [
        43,
        117,
        126
    ],
    "66": [
        44,
        119,
        127
    ],
    "67": [
        45,
        120,
        127
    ],
    "68": [
        45,
        122,
        127
    ],
    "69": [
        46,
        123,
        127
    ],
    "70": [
        47,
        125,
        127
    ],
    "71": [
        47,
        126,
        127
    ],
    "72": [
        48,
        128,
        128
    ],
    "73": [
        48,
        129,
        126
    ],
    "74": [
        49,
        129,
        125
    ],
    "75": [
        49,
        130,
        124
    ],
    "76": [
        50,
        130,
        123
    ],
    "77": [
        50,
        131,
        121
    ],
    "78": [
        51,
        131,
        120
    ],
    "79": [
        51,
        132,
        119
    ],
    "80": [
        52,
        133,
        118
    ],
    "81": [
        52,
        133,
        117
    ],
    "82": [
        53,
        134,
        115
    ],
    "83": [
        53,
        134,
        114
    ],
    "84": [
        54,
        135,
        113
    ],
    "85": [
        54,
        135,
        112
    ],
    "86": [
        55,
        136,
        110
    ],
    "87": [
        55,
        137,
        109
    ],
    "88": [
        56,
        137,
        108
    ],
    "89": [
        56,
        138,
        107
    ],
    "90": [
        56,
        138,
        106
    ],
    "91": [
        57,
        139,
        104
    ],
    "92": [
        57,
        140,
        103
    ],
    "93": [
        58,
        140,
        102
    ],
    "94": [
        58,
        141,
        101
    ],
    "95": [
        59,
        141,
        99
    ],
    "96": [
        59,
        142,
        98
    ],
    "97": [
        60,
        142,
        97
    ],
    "98": [
        60,
        143,
        96
    ],
    "99": [
        61,
        144,
        95
    ],
    "100": [
        61,
        144,
        93
    ],
    "101": [
        62,
        145,
        92
    ],
    "102": [
        62,
        145,
        91
    ],
    "103": [
        63,
        146,
        90
    ],
    "104": [
        63,
        146,
        88
    ],
    "105": [
        64,
        147,
        87
    ],
    "106": [
        64,
        148,
        86
    ],
    "107": [
        64,
        148,
        85
    ],
    "108": [
        65,
        149,
        84
    ],
    "109": [
        65,
        149,
        82
    ],
    "110": [
        66,
        150,
        81
    ],
    "111": [
        66,
        150,
        80
    ],
    "112": [
        67,
        151,
        79
    ],
    "113": [
        67,
        152,
        77
    ],
    "114": [
        68,
        152,
        76
    ],
    "115": [
        68,
        153,
        75
    ],
    "116": [
        69,
        153,
        74
    ],
    "117": [
        69,
        154,
        73
    ],
    "118": [
        71,
        154,
        71
    ],
    "119": [
        74,
        155,
        70
    ],
    "120": [
        76,
        156,
        71
    ],
    "121": [
        78,
        156,
        71
    ],
    "122": [
        80,
        157,
        72
    ],
    "123": [
        83,
        157,
        72
    ],
    "124": [
        85,
        158,
        73
    ],
    "125": [
        87,
        159,
        74
    ],
    "126": [
        89,
        159,
        74
    ],
    "127": [
        91,
        160,
        75
    ],
    "128": [
        94,
        160,
        75
    ],
    "129": [
        96,
        161,
        76
    ],
    "130": [
        98,
        161,
        76
    ],
    "131": [
        100,
        162,
        77
    ],
    "132": [
        103,
        163,
        78
    ],
    "133": [
        105,
        163,
        78
    ],
    "134": [
        107,
        164,
        79
    ],
    "135": [
        109,
        164,
        79
    ],
    "136": [
        111,
        164,
        80
    ],
    "137": [
        114,
        165,
        81
    ],
    "138": [
        116,
        165,
        81
    ],
    "139": [
        118,
        166,
        82
    ],
    "140": [
        120,
        166,
        82
    ],
    "141": [
        122,
        167,
        82
    ],
    "142": [
        124,
        167,
        83
    ],
    "143": [
        125,
        168,
        83
    ],
    "144": [
        127,
        168,
        83
    ],
    "145": [
        129,
        168,
        84
    ],
    "146": [
        130,
        169,
        84
    ],
    "147": [
        132,
        169,
        84
    ],
    "148": [
        134,
        170,
        85
    ],
    "149": [
        135,
        170,
        85
    ],
    "150": [
        137,
        171,
        85
    ],
    "151": [
        138,
        171,
        86
    ],
    "152": [
        140,
        171,
        86
    ],
    "153": [
        142,
        172,
        86
    ],
    "154": [
        143,
        172,
        86
    ],
    "155": [
        145,
        173,
        87
    ],
    "156": [
        147,
        173,
        87
    ],
    "157": [
        148,
        174,
        87
    ],
    "158": [
        150,
        174,
        88
    ],
    "159": [
        152,
        175,
        88
    ],
    "160": [
        153,
        175,
        88
    ],
    "161": [
        155,
        175,
        89
    ],
    "162": [
        157,
        176,
        89
    ],
    "163": [
        158,
        176,
        89
    ],
    "164": [
        160,
        177,
        90
    ],
    "165": [
        162,
        177,
        90
    ],
    "166": [
        163,
        178,
        90
    ],
    "167": [
        165,
        178,
        91
    ],
    "168": [
        167,
        178,
        91
    ],
    "169": [
        168,
        179,
        91
    ],
    "170": [
        170,
        179,
        92
    ],
    "171": [
        171,
        180,
        92
    ],
    "172": [
        173,
        180,
        92
    ],
    "173": [
        175,
        181,
        92
    ],
    "174": [
        176,
        181,
        93
    ],
    "175": [
        178,
        182,
        93
    ],
    "176": [
        180,
        182,
        93
    ],
    "177": [
        181,
        182,
        94
    ],
    "178": [
        183,
        183,
        94
    ],
    "179": [
        183,
        182,
        94
    ],
    "180": [
        184,
        181,
        95
    ],
    "181": [
        184,
        180,
        95
    ],
    "182": [
        185,
        179,
        95
    ],
    "183": [
        185,
        179,
        96
    ],
    "184": [
        185,
        178,
        96
    ],
    "185": [
        186,
        177,
        96
    ],
    "186": [
        186,
        176,
        97
    ],
    "187": [
        187,
        175,
        97
    ],
    "188": [
        187,
        174,
        97
    ],
    "189": [
        188,
        173,
        98
    ],
    "190": [
        188,
        172,
        98
    ],
    "191": [
        188,
        172,
        98
    ],
    "192": [
        189,
        171,
        98
    ],
    "193": [
        189,
        170,
        99
    ],
    "194": [
        190,
        169,
        99
    ],
    "195": [
        190,
        168,
        99
    ],
    "196": [
        191,
        167,
        100
    ],
    "197": [
        191,
        166,
        100
    ],
    "198": [
        191,
        166,
        100
    ],
    "199": [
        192,
        165,
        101
    ],
    "200": [
        192,
        164,
        101
    ],
    "201": [
        193,
        163,
        103
    ],
    "202": [
        194,
        164,
        106
    ],
    "203": [
        195,
        164,
        108
    ],
    "204": [
        196,
        164,
        111
    ],
    "205": [
        197,
        165,
        113
    ],
    "206": [
        198,
        165,
        116
    ],
    "207": [
        199,
        166,
        118
    ],
    "208": [
        200,
        167,
        121
    ],
    "209": [
        202,
        168,
        123
    ],
    "210": [
        203,
        169,
        126
    ],
    "211": [
        204,
        170,
        128
    ],
    "212": [
        205,
        170,
        130
    ],
    "213": [
        206,
        171,
        133
    ],
    "214": [
        207,
        172,
        135
    ],
    "215": [
        208,
        173,
        138
    ],
    "216": [
        209,
        174,
        140
    ],
    "217": [
        211,
        175,
        143
    ],
    "218": [
        212,
        176,
        145
    ],
    "219": [
        213,
        177,
        148
    ],
    "220": [
        214,
        177,
        150
    ],
    "221": [
        215,
        178,
        152
    ],
    "222": [
        216,
        180,
        155
    ],
    "223": [
        217,
        181,
        157
    ],
    "224": [
        218,
        183,
        160
    ],
    "225": [
        219,
        184,
        162
    ],
    "226": [
        221,
        185,
        165
    ],
    "227": [
        222,
        187,
        167
    ],
    "228": [
        223,
        188,
        170
    ],
    "229": [
        224,
        189,
        173
    ],
    "230": [
        225,
        191,
        176
    ],
    "231": [
        226,
        193,
        179
    ],
    "232": [
        227,
        195,
        182
    ],
    "233": [
        228,
        197,
        185
    ],
    "234": [
        230,
        199,
        188
    ],
    "235": [
        231,
        201,
        191
    ],
    "236": [
        232,
        203,
        194
    ],
    "237": [
        233,
        205,
        197
    ],
    "238": [
        234,
        207,
        200
    ],
    "239": [
        235,
        209,
        203
    ],
    "240": [
        236,
        211,
        206
    ],
    "241": [
        237,
        213,
        209
    ],
    "242": [
        238,
        216,
        212
    ],
    "243": [
        240,
        218,
        215
    ],
    "244": [
        241,
        220,
        218
    ],
    "245": [
        242,
        222,
        221
    ],
    "246": [
        243,
        225,
        224
    ],
    "247": [
        244,
        228,
        227
    ],
    "248": [
        245,
        231,
        230
    ],
    "249": [
        246,
        234,
        233
    ],
    "250": [
        247,
        236,
        236
    ],
    "251": [
        249,
        239,
        239
    ],
    "252": [
        250,
        242,
        242
    ],
    "253": [
        251,
        245,
        245
    ],
    "254": [
        252,
        248,
        248
    ],
    "255": [
        253,
        251,
        251
    ]
}