{
    "0": [
        255,
        0,
        41
    ],
    "1": [
        255,
        0,
        35
    ],
    "2": [
        255,
        0,
        30
    ],
    "3": [
        255,
        0,
        25
    ],
    "4": [
        255,
        0,
        19
    ],
    "5": [
        255,
        0,
        14
    ],
    "6": [
        255,
        0,
        9
    ],
    "7": [
        255,
        0,
        3
    ],
    "8": [
        255,
        2,
        0
    ],
    "9": [
        255,
        7,
        0
    ],
    "10": [
        255,
        13,
        0
    ],
    "11": [
        255,
        18,
        0
    ],
    "12": [
        255,
        24,
        0
    ],
    "13": [
        255,
        29,
        0
    ],
    "14": [
        255,
        34,
        0
    ],
    "15": [
        255,
        40,
        0
    ],
    "16": [
        255,
        45,
        0
    ],
    "17": [
        255,
        51,
        0
    ],
    "18": [
        255,
        56,
        0
    ],
    "19": [
        255,
        61,
        0
    ],
    "20": [
        255,
        67,
        0
    ],
    "21": [
        255,
        72,
        0
    ],
    "22": [
        255,
        78,
        0
    ],
    "23": [
        255,
        83,
        0
    ],
    "24": [
        255,
        88,
        0
    ],
    "25": [
        255,
        94,
        0
    ],
    "26": [
        255,
        99,
        0
    ],
    "27": [
        255,
        105,
        0
    ],
    "28": [
        255,
        110,
        0
    ],
    "29": [
        255,
        115,
        0
    ],
    "30": [
        255,
        121,
        0
    ],
    "31": [
        255,
        126,
        0
    ],
    "32": [
        255,
        132,
        0
    ],
    "33": [
        255,
        137,
        0
    ],
    "34": [
        255,
        142,
        0
    ],
    "35": [
        255,
        148,
        0
    ],
    "36": [
        255,
        153,
        0
    ],
    "37": [
        255,
        159,
        0
    ],
    "38": [
        255,
        164,
        0
    ],
    "39": [
        255,
        169,
        0
    ],
    "40": [
        255,
        175,
        0
    ],
    "41": [
        255,
        180,
        0
    ],
    "42": [
        255,
        186,
        0
    ],
    "43": [
        255,
        191,
        0
    ],
    "44": [
        255,
        196,
        0
    ],
    "45": [
        255,
        202,
        0
    ],
    "46": [
        255,
        207,
        0
    ],
    "47": [
        255,
        213,
        0
    ],
    "48": [
        255,
        218,
        0
    ],
    "49": [
        255,
        224,
        0
    ],
    "50": [
        255,
        229,
        0
    ],
    "51": [
        255,
        234,
        0
    ],
    "52": [
        255,
        240,
        0
    ],
    "53": [
        255,
        245,
        0
    ],
    "54": [
        255,
        251,
        0
    ],
    "55": [
        254,
        255,
        0
    ],
    "56": [
        249,
        255,
        0
    ],
    "57": [
        243,
        255,
        0
    ],
    "58": [
        238,
        255,
        0
    ],
    "59": [
        232,
        255,
        0
    ],
    "60": [
        227,
        255,
        0
    ],
    "61": [
        222,
        255,
        0
    ],
    "62": [
        216,
        255,
        0
    ],
    "63": [
        211,
        255,
        0
    ],
    "64": [
        205,
        255,
        0
    ],
    "65": [
        200,
        255,
        0
    ],
    "66": [
        195,
        255,
        0
    ],
    "67": [
        189,
        255,
        0
    ],
    "68": [
        184,
        255,
        0
    ],
    "69": [
        178,
        255,
        0
    ],
    "70": [
        173,
        255,
        0
    ],
    "71": [
        168,
        255,
        0
    ],
    "72": [
        162,
        255,
        0
    ],
    "73": [
        157,
        255,
        0
    ],
    "74": [
        151,
        255,
        0
    ],
    "75": [
        146,
        255,
        0
    ],
    "76": [
        141,
        255,
        0
    ],
    "77": [
        135,
        255,
        0
    ],
    "78": [
        130,
        255,
        0
    ],
    "79": [
        124,
        255,
        0
    ],
    "80": [
        119,
        255,
        0
    ],
    "81": [
        114,
        255,
        0
    ],
    "82": [
        108,
        255,
        0
    ],
    "83": [
        103,
        255,
        0
    ],
    "84": [
        97,
        255,
        0
    ],
    "85": [
        92,
        255,
        0
    ],
    "86": [
        86,
        255,
        0
    ],
    "87": [
        81,
        255,
        0
    ],
    "88": [
        76,
        255,
        0
    ],
    "89": [
        70,
        255,
        0
    ],
    "90": [
        65,
        255,
        0
    ],
    "91": [
        59,
        255,
        0
    ],
    "92": [
        54,
        255,
        0
    ],
    "93": [
        49,
        255,
        0
    ],
    "94": [
        43,
        255,
        0
    ],
    "95": [
        38,
        255,
        0
    ],
    "96": [
        32,
        255,
        0
    ],
    "97": [
        27,
        255,
        0
    ],
    "98": [
        22,
        255,
        0
    ],
    "99": [
        16,
        255,
        0
    ],
    "100": [
        11,
        255,
        0
    ],
    "101": [
        5,
        255,
        0
    ],
    "102": [
        0,
        255,
        0
    ],
    "103": [
        0,
        255,
        5
    ],
    "104": [
        0,
        255,
        11
    ],
    "105": [
        0,
        255,
        16
    ],
    "106": [
        0,
        255,
        22
    ],
    "107": [
        0,
        255,
        27
    ],
    "108": [
        0,
        255,
        32
    ],
    "109": [
        0,
        255,
        38
    ],
    "110": [
        0,
        255,
        43
    ],
    "111": [
        0,
        255,
        48
    ],
    "112": [
        0,
        255,
        54
    ],
    "113": [
        0,
        255,
        59
    ],
    "114": [
        0,
        255,
        65
    ],
    "115": [
        0,
        255,
        70
    ],
    "116": [
        0,
        255,
        75
    ],
    "117": [
        0,
        255,
        81
    ],
    "118": [
        0,
        255,
        86
    ],
    "119": [
        0,
        255,
        91
    ],
    "120": [
        0,
        255,
        97
    ],
    "121": [
        0,
        255,
        102
    ],
    "122": [
        0,
        255,
        108
    ],
    "123": [
        0,
        255,
        113
    ],
    "124": [
        0,
        255,
        118
    ],
    "125": [
        0,
        255,
        124
    ],
    "126": [
        0,
        255,
        129
    ],
    "127": [
        0,
        255,
        134
    ],
    "128": [
        0,
        255,
        140
    ],
    "129": [
        0,
        255,
        145
    ],
    "130": [
        0,
        255,
        151
    ],
    "131": [
        0,
        255,
        156
    ],
    "132": [
        0,
        255,
        161
    ],
    "133": [
        0,
        255,
        167
    ],
    "134": [
        0,
        255,
        172
    ],
    "135": [
        0,
        255,
        177
    ],
    "136": [
        0,
        255,
        183
    ],
    "137": [
        0,
        255,
        188
    ],
    "138": [
        0,
        255,
        194
    ],
    "139": [
        0,
        255,
        199
    ],
    "140": [
        0,
        255,
        204
    ],
    "141": [
        0,
        255,
        210
    ],
    "142": [
        0,
        255,
        215
    ],
    "143": [
        0,
        255,
        220
    ],
    "144": [
        0,
        255,
        226
    ],
    "145": [
        0,
        255,
        231
    ],
    "146": [
        0,
        255,
        237
    ],
    "147": [
        0,
        255,
        242
    ],
    "148": [
        0,
        255,
        247
    ],
    "149": [
        0,
        255,
        253
    ],
    "150": [
        0,
        252,
        255
    ],
    "151": [
        0,
        246,
        255
    ],
    "152": [
        0,
        241,
        255
    ],
    "153": [
        0,
        236,
        255
    ],
    "154": [
        0,
        230,
        255
    ],
    "155": [
        0,
        225,
        255
    ],
    "156": [
        0,
        219,
        255
    ],
    "157": [
        0,
        214,
        255
    ],
    "158": [
        0,
        208,
        255
    ],
    "159": [
        0,
        203,
        255
    ],
    "160": [
        0,
        198,
        255
    ],
    "161": [
        0,
        192,
        255
    ],
    "162": [
        0,
        187,
        255
    ],
    "163": [
        0,
        181,
        255
    ],
    "164": [
        0,
        176,
        255
    ],
    "165": [
        0,
        170,
        255
    ],
    "166": [
        0,
        165,
        255
    ],
    "167": [
        0,
        160,
        255
    ],
    "168": [
        0,
        154,
        255
    ],
    "169": [
        0,
        149,
        255
    ],
    "170": [
        0,
        143,
        255
    ],
    "171": [
        0,
        138,
        255
    ],
    "172": [
        0,
        132,
        255
    ],
    "173": [
        0,
        127,
        255
    ],
    "174": [
        0,
        121,
        255
    ],
    "175": [
        0,
        116,
        255
    ],
    "176": [
        0,
        111,
        255
    ],
    "177": [
        0,
        105,
        255
    ],
    "178": [
        0,
        100,
        255
    ],
    "179": [
        0,
        94,
        255
    ],
    "180": [
        0,
        89,
        255
    ],
    "181": [
        0,
        83,
        255
    ],
    "182": [
        0,
        78,
        255
    ],
    "183": [
        0,
        73,
        255
    ],
    "184": [
        0,
        67,
        255
    ],
    "185": [
        0,
        62,
        255
    ],
    "186": [
        0,
        56,
        255
    ],
    "187": [
        0,
        51,
        255
    ],
    "188": [
        0,
        45,
        255
    ],
    "189": [
        0,
        40,
        255
    ],
    "190": [
        0,
        35,
        255
    ],
    "191": [
        0,
        29,
        255
    ],
    "192": [
        0,
        24,
        255
    ],
    "193": [
        0,
        18,
        255
    ],
    "194": [
        0,
        13,
        255
    ],
    "195": [
        0,
        7,
        255
    ],
    "196": [
        0,
        2,
        255
    ],
    "197": [
        4,
        0,
        255
    ],
    "198": [
        9,
        0,
        255
    ],
    "199": [
        14,
        0,
        255
    ],
    "200": [
        20,
        0,
        255
    ],
    "201": [
        25,
        0,
        255
    ],
    "202": [
        31,
        0,
        255
    ],
    "203": [
        36,
        0,
        255
    ],
    "204": [
        42,
        0,
        255
    ],
    "205": [
        47,
        0,
        255
    ],
    "206": [
        52,
        0,
        255
    ],
    "207": [
        58,
        0,
        255
    ],
    "208": [
        63,
        0,
        255
    ],
    "209": [
        69,
        0,
        255
    ],
    "210": [
        74,
        0,
        255
    ],
    "211": [
        80,
        0,
        255
    ],
    "212": [
        85,
        0,
        255
    ],
    "213": [
        90,
        0,
        255
    ],
    "214": [
        96,
        0,
        255
    ],
    "215": [
        101,
        0,
        255
    ],
    "216": [
        107,
        0,
        255
    ],
    "217": [
        112,
        0,
        255
    ],
    "218": [
        118,
        0,
        255
    ],
    "219": [
        123,
        0,
        255
    ],
    "220": [
        129,
        0,
        255
    ],
    "221": [
        134,
        0,
        255
    ],
    "222": [
        139,
        0,
        255
    ],
    "223": [
        145,
        0,
        255
    ],
    "224": [
        150,
        0,
        255
    ],
    "225": [
        156,
        0,
        255
    ],
    "226": [
        161,
        0,
        255
    ],
    "227": [
        167,
        0,
        255
    ],
    "228": [
        172,
        0,
        255
    ],
    "229": [
        177,
        0,
        255
    ],
    "230": [
        183,
        0,
        255
    ],
    "231": [
        188,
        0,
        255
    ],
    "232": [
        194,
        0,
        255
    ],
    "233": [
        199,
        0,
        255
    ],
    "234": [
        205,
        0,
        255
    ],
    "235": [
        210,
        0,
        255
    ],
    "236": [
        215,
        0,
        255
    ],
    "237": [
        221,
        0,
        255
    ],
    "238": [
        226,
        0,
        255
    ],
    "239": [
        232,
        0,
        255
    ],
    "240": [
        237,
        0,
        255
    ],
    "241": [
        243,
        0,
        255
    ],
    "242": [
        248,
        0,
        255
    ],
    "243": [
        254,
        0,
        255
    ],
    "244": [
        255,
        0,
        251
    ],
    "245": [
        255,
        0,
        246
    ],
    "246": [
        255,
        0,
        240
    ],
    "247": [
        255,
        0,
        235
    ],
    "248": [
        255,
        0,
        229
    ],
    "249": [
        255,
        0,
        224
    ],
    "250": [
        255,
        0,
        218
    ],
    "251": [
        255,
        0,
        213
    ],
    "252": [
        255,
        0,
        208
    ],
    "253": [
        255,
        0,
        202
    ],
    "254": [
        255,
        0,
        197
    ],
    "255": [
        255,
        0,
        191
    ]
}