{
    "0": [
        247,
        252,
        240
    ],
    "1": [
        246,
        252,
        239
    ],
    "2": [
        246,
        251,
        239
    ],
    "3": [
        245,
        251,
        238
    ],
    "4": [
        244,
        251,
        237
    ],
    "5": [
        243,
        251,
        237
    ],
    "6": [
        243,
        250,
        236
    ],
    "7": [
        242,
        250,
        235
    ],
    "8": [
        241,
        250,
        235
    ],
    "9": [
        241,
        249,
        234
    ],
    "10": [
        240,
        249,
        233
    ],
    "11": [
        239,
        249,
        233
    ],
    "12": [
        238,
        249,
        232
    ],
    "13": [
        238,
        248,
        231
    ],
    "14": [
        237,
        248,
        231
    ],
    "15": [
        236,
        248,
        230
    ],
    "16": [
        235,
        247,
        229
    ],
    "17": [
        235,
        247,
        229
    ],
    "18": [
        234,
        247,
        228
    ],
    "19": [
        233,
        247,
        227
    ],
    "20": [
        233,
        246,
        227
    ],
    "21": [
        232,
        246,
        226
    ],
    "22": [
        231,
        246,
        226
    ],
    "23": [
        230,
        246,
        225
    ],
    "24": [
        230,
        245,
        224
    ],
    "25": [
        229,
        245,
        224
    ],
    "26": [
        228,
        245,
        223
    ],
    "27": [
        228,
        244,
        222
    ],
    "28": [
        227,
        244,
        222
    ],
    "29": [
        226,
        244,
        221
    ],
    "30": [
        225,
        244,
        220
    ],
    "31": [
        225,
        243,
        220
    ],
    "32": [
        224,
        243,
        219
    ],
    "33": [
        223,
        243,
        218
    ],
    "34": [
        223,
        242,
        218
    ],
    "35": [
        222,
        242,
        217
    ],
    "36": [
        221,
        242,
        216
    ],
    "37": [
        221,
        242,
        215
    ],
    "38": [
        220,
        241,
        215
    ],
    "39": [
        220,
        241,
        214
    ],
    "40": [
        219,
        241,
        213
    ],
    "41": [
        218,
        241,
        213
    ],
    "42": [
        218,
        240,
        212
    ],
    "43": [
        217,
        240,
        211
    ],
    "44": [
        216,
        240,
        211
    ],
    "45": [
        216,
        240,
        210
    ],
    "46": [
        215,
        239,
        209
    ],
    "47": [
        215,
        239,
        209
    ],
    "48": [
        214,
        239,
        208
    ],
    "49": [
        213,
        239,
        207
    ],
    "50": [
        213,
        238,
        206
    ],
    "51": [
        212,
        238,
        206
    ],
    "52": [
        211,
        238,
        205
    ],
    "53": [
        211,
        238,
        204
    ],
    "54": [
        210,
        237,
        204
    ],
    "55": [
        209,
        237,
        203
    ],
    "56": [
        209,
        237,
        202
    ],
    "57": [
        208,
        237,
        202
    ],
    "58": [
        208,
        236,
        201
    ],
    "59": [
        207,
        236,
        200
    ],
    "60": [
        206,
        236,
        200
    ],
    "61": [
        206,
        236,
        199
    ],
    "62": [
        205,
        235,
        198
    ],
    "63": [
        204,
        235,
        198
    ],
    "64": [
        204,
        235,
        197
    ],
    "65": [
        203,
        234,
        196
    ],
    "66": [
        201,
        234,
        196
    ],
    "67": [
        200,
        234,
        195
    ],
    "68": [
        199,
        233,
        195
    ],
    "69": [
        198,
        233,
        194
    ],
    "70": [
        197,
        232,
        194
    ],
    "71": [
        196,
        232,
        193
    ],
    "72": [
        195,
        231,
        193
    ],
    "73": [
        194,
        231,
        192
    ],
    "74": [
        192,
        230,
        192
    ],
    "75": [
        191,
        230,
        191
    ],
    "76": [
        190,
        230,
        191
    ],
    "77": [
        189,
        229,
        190
    ],
    "78": [
        188,
        229,
        190
    ],
    "79": [
        187,
        228,
        189
    ],
    "80": [
        186,
        228,
        189
    ],
    "81": [
        185,
        227,
        188
    ],
    "82": [
        183,
        227,
        188
    ],
    "83": [
        182,
        227,
        187
    ],
    "84": [
        181,
        226,
        187
    ],
    "85": [
        180,
        226,
        186
    ],
    "86": [
        179,
        225,
        186
    ],
    "87": [
        178,
        225,
        185
    ],
    "88": [
        177,
        224,
        185
    ],
    "89": [
        175,
        224,
        184
    ],
    "90": [
        174,
        223,
        184
    ],
    "91": [
        173,
        223,
        183
    ],
    "92": [
        172,
        223,
        183
    ],
    "93": [
        171,
        222,
        182
    ],
    "94": [
        170,
        222,
        182
    ],
    "95": [
        169,
        221,
        181
    ],
    "96": [
        167,
        221,
        181
    ],
    "97": [
        166,
        220,
        182
    ],
    "98": [
        165,
        220,
        182
    ],
    "99": [
        163,
        219,
        183
    ],
    "100": [
        162,
        219,
        183
    ],
    "101": [
        160,
        218,
        184
    ],
    "102": [
        159,
        218,
        184
    ],
    "103": [
        158,
        217,
        184
    ],
    "104": [
        156,
        217,
        185
    ],
    "105": [
        155,
        216,
        185
    ],
    "106": [
        153,
        215,
        186
    ],
    "107": [
        152,
        215,
        186
    ],
    "108": [
        151,
        214,
        187
    ],
    "109": [
        149,
        214,
        187
    ],
    "110": [
        148,
        213,
        188
    ],
    "111": [
        146,
        213,
        188
    ],
    "112": [
        145,
        212,
        189
    ],
    "113": [
        143,
        212,
        189
    ],
    "114": [
        142,
        211,
        190
    ],
    "115": [
        141,
        211,
        190
    ],
    "116": [
        139,
        210,
        191
    ],
    "117": [
        138,
        210,
        191
    ],
    "118": [
        136,
        209,
        192
    ],
    "119": [
        135,
        209,
        192
    ],
    "120": [
        134,
        208,
        192
    ],
    "121": [
        132,
        207,
        193
    ],
    "122": [
        131,
        207,
        193
    ],
    "123": [
        129,
        206,
        194
    ],
    "124": [
        128,
        206,
        194
    ],
    "125": [
        127,
        205,
        195
    ],
    "126": [
        125,
        205,
        195
    ],
    "127": [
        124,
        204,
        196
    ],
    "128": [
        122,
        204,
        196
    ],
    "129": [
        121,
        203,
        197
    ],
    "130": [
        119,
        202,
        197
    ],
    "131": [
        118,
        201,
        198
    ],
    "132": [
        117,
        200,
        198
    ],
    "133": [
        115,
        200,
        199
    ],
    "134": [
        114,
        199,
        199
    ],
    "135": [
        112,
        198,
        200
    ],
    "136": [
        111,
        197,
        200
    ],
    "137": [
        110,
        197,
        200
    ],
    "138": [
        108,
        196,
        201
    ],
    "139": [
        107,
        195,
        201
    ],
    "140": [
        105,
        194,
        202
    ],
    "141": [
        104,
        193,
        202
    ],
    "142": [
        103,
        193,
        203
    ],
    "143": [
        101,
        192,
        203
    ],
    "144": [
        100,
        191,
        204
    ],
    "145": [
        98,
        190,
        204
    ],
    "146": [
        97,
        189,
        205
    ],
    "147": [
        95,
        189,
        205
    ],
    "148": [
        94,
        188,
        206
    ],
    "149": [
        93,
        187,
        206
    ],
    "150": [
        91,
        186,
        207
    ],
    "151": [
        90,
        186,
        207
    ],
    "152": [
        88,
        185,
        208
    ],
    "153": [
        87,
        184,
        208
    ],
    "154": [
        86,
        183,
        208
    ],
    "155": [
        84,
        182,
        209
    ],
    "156": [
        83,
        182,
        209
    ],
    "157": [
        81,
        181,
        210
    ],
    "158": [
        80,
        180,
        210
    ],
    "159": [
        79,
        179,
        211
    ],
    "160": [
        77,
        178,
        211
    ],
    "161": [
        76,
        177,
        210
    ],
    "162": [
        75,
        176,
        209
    ],
    "163": [
        74,
        175,
        209
    ],
    "164": [
        73,
        173,
        208
    ],
    "165": [
        72,
        172,
        207
    ],
    "166": [
        71,
        171,
        207
    ],
    "167": [
        70,
        170,
        206
    ],
    "168": [
        69,
        168,
        205
    ],
    "169": [
        67,
        167,
        205
    ],
    "170": [
        66,
        166,
        204
    ],
    "171": [
        65,
        165,
        203
    ],
    "172": [
        64,
        164,
        203
    ],
    "173": [
        63,
        162,
        202
    ],
    "174": [
        62,
        161,
        201
    ],
    "175": [
        61,
        160,
        201
    ],
    "176": [
        60,
        159,
        200
    ],
    "177": [
        59,
        157,
        199
    ],
    "178": [
        58,
        156,
        199
    ],
    "179": [
        56,
        155,
        198
    ],
    "180": [
        55,
        154,
        197
    ],
    "181": [
        54,
        153,
        197
    ],
    "182": [
        53,
        151,
        196
    ],
    "183": [
        52,
        150,
        195
    ],
    "184": [
        51,
        149,
        195
    ],
    "185": [
        50,
        148,
        194
    ],
    "186": [
        49,
        146,
        193
    ],
    "187": [
        48,
        145,
        193
    ],
    "188": [
        47,
        144,
        192
    ],
    "189": [
        45,
        143,
        191
    ],
    "190": [
        44,
        142,
        191
    ],
    "191": [
        43,
        140,
        190
    ],
    "192": [
        42,
        139,
        190
    ],
    "193": [
        41,
        138,
        189
    ],
    "194": [
        40,
        137,
        188
    ],
    "195": [
        39,
        136,
        188
    ],
    "196": [
        38,
        135,
        187
    ],
    "197": [
        37,
        134,
        187
    ],
    "198": [
        36,
        132,
        186
    ],
    "199": [
        34,
        131,
        186
    ],
    "200": [
        33,
        130,
        185
    ],
    "201": [
        32,
        129,
        184
    ],
    "202": [
        31,
        128,
        184
    ],
    "203": [
        30,
        127,
        183
    ],
    "204": [
        29,
        126,
        183
    ],
    "205": [
        28,
        124,
        182
    ],
    "206": [
        27,
        123,
        182
    ],
    "207": [
        26,
        122,
        181
    ],
    "208": [
        25,
        121,
        181
    ],
    "209": [
        24,
        120,
        180
    ],
    "210": [
        22,
        119,
        179
    ],
    "211": [
        21,
        118,
        179
    ],
    "212": [
        20,
        117,
        178
    ],
    "213": [
        19,
        115,
        178
    ],
    "214": [
        18,
        114,
        177
    ],
    "215": [
        17,
        113,
        177
    ],
    "216": [
        16,
        112,
        176
    ],
    "217": [
        15,
        111,
        175
    ],
    "218": [
        14,
        110,
        175
    ],
    "219": [
        13,
        109,
        174
    ],
    "220": [
        11,
        108,
        174
    ],
    "221": [
        10,
        106,
        173
    ],
    "222": [
        9,
        105,
        173
    ],
    "223": [
        8,
        104,
        172
    ],
    "224": [
        8,
        103,
        171
    ],
    "225": [
        8,
        102,
        169
    ],
    "226": [
        8,
        100,
        168
    ],
    "227": [
        8,
        99,
        167
    ],
    "228": [
        8,
        98,
        165
    ],
    "229": [
        8,
        97,
        164
    ],
    "230": [
        8,
        95,
        163
    ],
    "231": [
        8,
        94,
        161
    ],
    "232": [
        8,
        93,
        160
    ],
    "233": [
        8,
        92,
        159
    ],
    "234": [
        8,
        90,
        157
    ],
    "235": [
        8,
        89,
        156
    ],
    "236": [
        8,
        88,
        155
    ],
    "237": [
        8,
        87,
        153
    ],
    "238": [
        8,
        85,
        152
    ],
    "239": [
        8,
        84,
        151
    ],
    "240": [
        8,
        83,
        149
    ],
    "241": [
        8,
        82,
        148
    ],
    "242": [
        8,
        80,
        147
    ],
    "243": [
        8,
        79,
        145
    ],
    "244": [
        8,
        78,
        144
    ],
    "245": [
        8,
        77,
        142
    ],
    "246": [
        8,
        75,
        141
    ],
    "247": [
        8,
        74,
        140
    ],
    "248": [
        8,
        73,
        138
    ],
    "249": [
        8,
        72,
        137
    ],
    "250": [
        8,
        70,
        136
    ],
    "251": [
        8,
        69,
        134
    ],
    "252": [
        8,
        68,
        133
    ],
    "253": [
        8,
        67,
        132
    ],
    "254": [
        8,
        65,
        130
    ],
    "255": [
        8,
        64,
        129
    ]
}