{
    "0": [
        0,
        0,
        0
    ],
    "1": [
        16,
        0,
        6
    ],
    "2": [
        23,
        0,
        13
    ],
    "3": [
        28,
        0,
        19
    ],
    "4": [
        32,
        0,
        25
    ],
    "5": [
        36,
        0,
        31
    ],
    "6": [
        39,
        0,
        38
    ],
    "7": [
        42,
        0,
        44
    ],
    "8": [
        45,
        0,
        50
    ],
    "9": [
        48,
        0,
        56
    ],
    "10": [
        50,
        0,
        62
    ],
    "11": [
        53,
        0,
        68
    ],
    "12": [
        55,
        0,
        74
    ],
    "13": [
        58,
        0,
        80
    ],
    "14": [
        60,
        0,
        86
    ],
    "15": [
        62,
        0,
        92
    ],
    "16": [
        64,
        0,
        98
    ],
    "17": [
        66,
        0,
        104
    ],
    "18": [
        68,
        0,
        109
    ],
    "19": [
        70,
        0,
        115
    ],
    "20": [
        71,
        0,
        121
    ],
    "21": [
        73,
        0,
        126
    ],
    "22": [
        75,
        0,
        132
    ],
    "23": [
        77,
        0,
        137
    ],
    "24": [
        78,
        0,
        142
    ],
    "25": [
        80,
        0,
        147
    ],
    "26": [
        81,
        0,
        152
    ],
    "27": [
        83,
        0,
        157
    ],
    "28": [
        84,
        0,
        162
    ],
    "29": [
        86,
        0,
        167
    ],
    "30": [
        87,
        0,
        172
    ],
    "31": [
        89,
        0,
        176
    ],
    "32": [
        90,
        1,
        181
    ],
    "33": [
        92,
        1,
        185
    ],
    "34": [
        93,
        1,
        190
    ],
    "35": [
        94,
        1,
        194
    ],
    "36": [
        96,
        1,
        198
    ],
    "37": [
        97,
        1,
        202
    ],
    "38": [
        98,
        1,
        205
    ],
    "39": [
        100,
        1,
        209
    ],
    "40": [
        101,
        1,
        213
    ],
    "41": [
        102,
        1,
        216
    ],
    "42": [
        103,
        1,
        219
    ],
    "43": [
        105,
        1,
        222
    ],
    "44": [
        106,
        1,
        225
    ],
    "45": [
        107,
        1,
        228
    ],
    "46": [
        108,
        1,
        231
    ],
    "47": [
        109,
        2,
        234
    ],
    "48": [
        111,
        2,
        236
    ],
    "49": [
        112,
        2,
        238
    ],
    "50": [
        113,
        2,
        241
    ],
    "51": [
        114,
        2,
        243
    ],
    "52": [
        115,
        2,
        244
    ],
    "53": [
        116,
        2,
        246
    ],
    "54": [
        117,
        2,
        248
    ],
    "55": [
        118,
        3,
        249
    ],
    "56": [
        119,
        3,
        250
    ],
    "57": [
        121,
        3,
        251
    ],
    "58": [
        122,
        3,
        252
    ],
    "59": [
        123,
        3,
        253
    ],
    "60": [
        124,
        3,
        254
    ],
    "61": [
        125,
        3,
        254
    ],
    "62": [
        126,
        4,
        255
    ],
    "63": [
        127,
        4,
        255
    ],
    "64": [
        128,
        4,
        255
    ],
    "65": [
        129,
        4,
        255
    ],
    "66": [
        130,
        4,
        255
    ],
    "67": [
        131,
        5,
        254
    ],
    "68": [
        132,
        5,
        254
    ],
    "69": [
        133,
        5,
        253
    ],
    "70": [
        134,
        5,
        252
    ],
    "71": [
        135,
        6,
        251
    ],
    "72": [
        135,
        6,
        250
    ],
    "73": [
        136,
        6,
        248
    ],
    "74": [
        137,
        6,
        247
    ],
    "75": [
        138,
        6,
        245
    ],
    "76": [
        139,
        7,
        243
    ],
    "77": [
        140,
        7,
        242
    ],
    "78": [
        141,
        7,
        239
    ],
    "79": [
        142,
        8,
        237
    ],
    "80": [
        143,
        8,
        235
    ],
    "81": [
        144,
        8,
        232
    ],
    "82": [
        145,
        8,
        230
    ],
    "83": [
        145,
        9,
        227
    ],
    "84": [
        146,
        9,
        224
    ],
    "85": [
        147,
        9,
        221
    ],
    "86": [
        148,
        10,
        218
    ],
    "87": [
        149,
        10,
        214
    ],
    "88": [
        150,
        10,
        211
    ],
    "89": [
        151,
        11,
        207
    ],
    "90": [
        151,
        11,
        203
    ],
    "91": [
        152,
        12,
        200
    ],
    "92": [
        153,
        12,
        196
    ],
    "93": [
        154,
        12,
        192
    ],
    "94": [
        155,
        13,
        187
    ],
    "95": [
        156,
        13,
        183
    ],
    "96": [
        156,
        14,
        179
    ],
    "97": [
        157,
        14,
        174
    ],
    "98": [
        158,
        14,
        169
    ],
    "99": [
        159,
        15,
        165
    ],
    "100": [
        160,
        15,
        160
    ],
    "101": [
        160,
        16,
        155
    ],
    "102": [
        161,
        16,
        150
    ],
    "103": [
        162,
        17,
        145
    ],
    "104": [
        163,
        17,
        140
    ],
    "105": [
        164,
        18,
        134
    ],
    "106": [
        164,
        18,
        129
    ],
    "107": [
        165,
        19,
        123
    ],
    "108": [
        166,
        19,
        118
    ],
    "109": [
        167,
        20,
        112
    ],
    "110": [
        167,
        20,
        107
    ],
    "111": [
        168,
        21,
        101
    ],
    "112": [
        169,
        22,
        95
    ],
    "113": [
        170,
        22,
        89
    ],
    "114": [
        170,
        23,
        83
    ],
    "115": [
        171,
        23,
        77
    ],
    "116": [
        172,
        24,
        71
    ],
    "117": [
        173,
        25,
        65
    ],
    "118": [
        173,
        25,
        59
    ],
    "119": [
        174,
        26,
        53
    ],
    "120": [
        175,
        27,
        47
    ],
    "121": [
        176,
        27,
        41
    ],
    "122": [
        176,
        28,
        34
    ],
    "123": [
        177,
        29,
        28
    ],
    "124": [
        178,
        29,
        22
    ],
    "125": [
        179,
        30,
        16
    ],
    "126": [
        179,
        31,
        9
    ],
    "127": [
        180,
        32,
        3
    ],
    "128": [
        181,
        32,
        0
    ],
    "129": [
        181,
        33,
        0
    ],
    "130": [
        182,
        34,
        0
    ],
    "131": [
        183,
        35,
        0
    ],
    "132": [
        183,
        35,
        0
    ],
    "133": [
        184,
        36,
        0
    ],
    "134": [
        185,
        37,
        0
    ],
    "135": [
        186,
        38,
        0
    ],
    "136": [
        186,
        39,
        0
    ],
    "137": [
        187,
        40,
        0
    ],
    "138": [
        188,
        40,
        0
    ],
    "139": [
        188,
        41,
        0
    ],
    "140": [
        189,
        42,
        0
    ],
    "141": [
        190,
        43,
        0
    ],
    "142": [
        190,
        44,
        0
    ],
    "143": [
        191,
        45,
        0
    ],
    "144": [
        192,
        46,
        0
    ],
    "145": [
        192,
        47,
        0
    ],
    "146": [
        193,
        48,
        0
    ],
    "147": [
        194,
        49,
        0
    ],
    "148": [
        194,
        50,
        0
    ],
    "149": [
        195,
        51,
        0
    ],
    "150": [
        196,
        52,
        0
    ],
    "151": [
        196,
        53,
        0
    ],
    "152": [
        197,
        54,
        0
    ],
    "153": [
        198,
        55,
        0
    ],
    "154": [
        198,
        56,
        0
    ],
    "155": [
        199,
        57,
        0
    ],
    "156": [
        199,
        58,
        0
    ],
    "157": [
        200,
        60,
        0
    ],
    "158": [
        201,
        61,
        0
    ],
    "159": [
        201,
        62,
        0
    ],
    "160": [
        202,
        63,
        0
    ],
    "161": [
        203,
        64,
        0
    ],
    "162": [
        203,
        65,
        0
    ],
    "163": [
        204,
        67,
        0
    ],
    "164": [
        204,
        68,
        0
    ],
    "165": [
        205,
        69,
        0
    ],
    "166": [
        206,
        70,
        0
    ],
    "167": [
        206,
        72,
        0
    ],
    "168": [
        207,
        73,
        0
    ],
    "169": [
        208,
        74,
        0
    ],
    "170": [
        208,
        76,
        0
    ],
    "171": [
        209,
        77,
        0
    ],
    "172": [
        209,
        78,
        0
    ],
    "173": [
        210,
        80,
        0
    ],
    "174": [
        211,
        81,
        0
    ],
    "175": [
        211,
        82,
        0
    ],
    "176": [
        212,
        84,
        0
    ],
    "177": [
        212,
        85,
        0
    ],
    "178": [
        213,
        87,
        0
    ],
    "179": [
        214,
        88,
        0
    ],
    "180": [
        214,
        90,
        0
    ],
    "181": [
        215,
        91,
        0
    ],
    "182": [
        215,
        93,
        0
    ],
    "183": [
        216,
        94,
        0
    ],
    "184": [
        217,
        96,
        0
    ],
    "185": [
        217,
        97,
        0
    ],
    "186": [
        218,
        99,
        0
    ],
    "187": [
        218,
        101,
        0
    ],
    "188": [
        219,
        102,
        0
    ],
    "189": [
        220,
        104,
        0
    ],
    "190": [
        220,
        105,
        0
    ],
    "191": [
        221,
        107,
        0
    ],
    "192": [
        221,
        109,
        0
    ],
    "193": [
        222,
        111,
        0
    ],
    "194": [
        222,
        112,
        0
    ],
    "195": [
        223,
        114,
        0
    ],
    "196": [
        224,
        116,
        0
    ],
    "197": [
        224,
        118,
        0
    ],
    "198": [
        225,
        119,
        0
    ],
    "199": [
        225,
        121,
        0
    ],
    "200": [
        226,
        123,
        0
    ],
    "201": [
        226,
        125,
        0
    ],
    "202": [
        227,
        127,
        0
    ],
    "203": [
        228,
        129,
        0
    ],
    "204": [
        228,
        131,
        0
    ],
    "205": [
        229,
        132,
        0
    ],
    "206": [
        229,
        134,
        0
    ],
    "207": [
        230,
        136,
        0
    ],
    "208": [
        230,
        138,
        0
    ],
    "209": [
        231,
        140,
        0
    ],
    "210": [
        231,
        142,
        0
    ],
    "211": [
        232,
        144,
        0
    ],
    "212": [
        233,
        147,
        0
    ],
    "213": [
        233,
        149,
        0
    ],
    "214": [
        234,
        151,
        0
    ],
    "215": [
        234,
        153,
        0
    ],
    "216": [
        235,
        155,
        0
    ],
    "217": [
        235,
        157,
        0
    ],
    "218": [
        236,
        159,
        0
    ],
    "219": [
        236,
        162,
        0
    ],
    "220": [
        237,
        164,
        0
    ],
    "221": [
        237,
        166,
        0
    ],
    "222": [
        238,
        168,
        0
    ],
    "223": [
        238,
        171,
        0
    ],
    "224": [
        239,
        173,
        0
    ],
    "225": [
        240,
        175,
        0
    ],
    "226": [
        240,
        178,
        0
    ],
    "227": [
        241,
        180,
        0
    ],
    "228": [
        241,
        182,
        0
    ],
    "229": [
        242,
        185,
        0
    ],
    "230": [
        242,
        187,
        0
    ],
    "231": [
        243,
        190,
        0
    ],
    "232": [
        243,
        192,
        0
    ],
    "233": [
        244,
        195,
        0
    ],
    "234": [
        244,
        197,
        0
    ],
    "235": [
        245,
        200,
        0
    ],
    "236": [
        245,
        202,
        0
    ],
    "237": [
        246,
        205,
        0
    ],
    "238": [
        246,
        207,
        0
    ],
    "239": [
        247,
        210,
        0
    ],
    "240": [
        247,
        213,
        0
    ],
    "241": [
        248,
        215,
        0
    ],
    "242": [
        248,
        218,
        0
    ],
    "243": [
        249,
        221,
        0
    ],
    "244": [
        249,
        223,
        0
    ],
    "245": [
        250,
        226,
        0
    ],
    "246": [
        250,
        229,
        0
    ],
    "247": [
        251,
        232,
        0
    ],
    "248": [
        251,
        235,
        0
    ],
    "249": [
        252,
        237,
        0
    ],
    "250": [
        252,
        240,
        0
    ],
    "251": [
        253,
        243,
        0
    ],
    "252": [
        253,
        246,
        0
    ],
    "253": [
        254,
        249,
        0
    ],
    "254": [
        254,
        252,
        0
    ],
    "255": [
        255,
        255,
        0
    ]
}