{
    "0": [
        0,
        0,
        0
    ],
    "1": [
        0,
        0,
        4
    ],
    "2": [
        0,
        0,
        8
    ],
    "3": [
        0,
        0,
        12
    ],
    "4": [
        0,
        0,
        16
    ],
    "5": [
        0,
        0,
        20
    ],
    "6": [
        0,
        0,
        24
    ],
    "7": [
        0,
        0,
        28
    ],
    "8": [
        0,
        0,
        32
    ],
    "9": [
        0,
        0,
        36
    ],
    "10": [
        0,
        0,
        40
    ],
    "11": [
        0,
        0,
        44
    ],
    "12": [
        0,
        0,
        48
    ],
    "13": [
        0,
        0,
        52
    ],
    "14": [
        0,
        0,
        56
    ],
    "15": [
        0,
        0,
        60
    ],
    "16": [
        0,
        0,
        64
    ],
    "17": [
        0,
        0,
        68
    ],
    "18": [
        0,
        0,
        72
    ],
    "19": [
        0,
        0,
        76
    ],
    "20": [
        0,
        0,
        80
    ],
    "21": [
        0,
        0,
        84
    ],
    "22": [
        0,
        0,
        88
    ],
    "23": [
        0,
        0,
        92
    ],
    "24": [
        0,
        0,
        96
    ],
    "25": [
        0,
        0,
        100
    ],
    "26": [
        0,
        0,
        104
    ],
    "27": [
        0,
        0,
        108
    ],
    "28": [
        0,
        0,
        112
    ],
    "29": [
        0,
        0,
        116
    ],
    "30": [
        0,
        0,
        120
    ],
    "31": [
        0,
        0,
        124
    ],
    "32": [
        0,
        0,
        128
    ],
    "33": [
        0,
        0,
        132
    ],
    "34": [
        0,
        0,
        136
    ],
    "35": [
        0,
        0,
        140
    ],
    "36": [
        0,
        0,
        144
    ],
    "37": [
        0,
        0,
        148
    ],
    "38": [
        0,
        0,
        152
    ],
    "39": [
        0,
        0,
        156
    ],
    "40": [
        0,
        0,
        160
    ],
    "41": [
        0,
        0,
        164
    ],
    "42": [
        0,
        0,
        168
    ],
    "43": [
        0,
        0,
        172
    ],
    "44": [
        0,
        0,
        176
    ],
    "45": [
        0,
        0,
        180
    ],
    "46": [
        0,
        0,
        184
    ],
    "47": [
        0,
        0,
        188
    ],
    "48": [
        0,
        0,
        192
    ],
    "49": [
        0,
        0,
        196
    ],
    "50": [
        0,
        0,
        200
    ],
    "51": [
        0,
        0,
        204
    ],
    "52": [
        0,
        0,
        208
    ],
    "53": [
        0,
        0,
        212
    ],
    "54": [
        0,
        0,
        216
    ],
    "55": [
        0,
        0,
        220
    ],
    "56": [
        0,
        0,
        224
    ],
    "57": [
        0,
        0,
        228
    ],
    "58": [
        0,
        0,
        232
    ],
    "59": [
        0,
        0,
        236
    ],
    "60": [
        0,
        0,
        240
    ],
    "61": [
        0,
        0,
        244
    ],
    "62": [
        0,
        0,
        248
    ],
    "63": [
        0,
        0,
        252
    ],
    "64": [
        1,
        0,
        255
    ],
    "65": [
        4,
        0,
        255
    ],
    "66": [
        7,
        0,
        255
    ],
    "67": [
        10,
        0,
        255
    ],
    "68": [
        13,
        0,
        255
    ],
    "69": [
        16,
        0,
        255
    ],
    "70": [
        20,
        0,
        255
    ],
    "71": [
        23,
        0,
        255
    ],
    "72": [
        26,
        0,
        255
    ],
    "73": [
        29,
        0,
        255
    ],
    "74": [
        32,
        0,
        255
    ],
    "75": [
        35,
        0,
        255
    ],
    "76": [
        38,
        0,
        255
    ],
    "77": [
        41,
        0,
        255
    ],
    "78": [
        45,
        0,
        255
    ],
    "79": [
        48,
        0,
        255
    ],
    "80": [
        51,
        0,
        255
    ],
    "81": [
        54,
        0,
        255
    ],
    "82": [
        57,
        0,
        255
    ],
    "83": [
        60,
        0,
        255
    ],
    "84": [
        63,
        0,
        255
    ],
    "85": [
        66,
        0,
        255
    ],
    "86": [
        70,
        0,
        255
    ],
    "87": [
        73,
        0,
        255
    ],
    "88": [
        76,
        0,
        255
    ],
    "89": [
        79,
        0,
        255
    ],
    "90": [
        82,
        0,
        255
    ],
    "91": [
        85,
        0,
        255
    ],
    "92": [
        88,
        0,
        255
    ],
    "93": [
        91,
        0,
        255
    ],
    "94": [
        95,
        0,
        255
    ],
    "95": [
        98,
        0,
        255
    ],
    "96": [
        101,
        0,
        255
    ],
    "97": [
        104,
        0,
        255
    ],
    "98": [
        107,
        0,
        255
    ],
    "99": [
        110,
        0,
        255
    ],
    "100": [
        113,
        0,
        255
    ],
    "101": [
        116,
        0,
        255
    ],
    "102": [
        120,
        0,
        255
    ],
    "103": [
        123,
        0,
        255
    ],
    "104": [
        126,
        0,
        255
    ],
    "105": [
        129,
        0,
        255
    ],
    "106": [
        132,
        0,
        255
    ],
    "107": [
        135,
        0,
        255
    ],
    "108": [
        138,
        2,
        253
    ],
    "109": [
        141,
        4,
        251
    ],
    "110": [
        145,
        6,
        249
    ],
    "111": [
        148,
        8,
        247
    ],
    "112": [
        151,
        10,
        245
    ],
    "113": [
        154,
        12,
        243
    ],
    "114": [
        157,
        14,
        241
    ],
    "115": [
        160,
        16,
        239
    ],
    "116": [
        163,
        18,
        237
    ],
    "117": [
        166,
        20,
        235
    ],
    "118": [
        170,
        22,
        233
    ],
    "119": [
        173,
        24,
        231
    ],
    "120": [
        176,
        26,
        229
    ],
    "121": [
        179,
        28,
        227
    ],
    "122": [
        182,
        30,
        225
    ],
    "123": [
        185,
        32,
        223
    ],
    "124": [
        188,
        34,
        221
    ],
    "125": [
        191,
        36,
        219
    ],
    "126": [
        195,
        38,
        217
    ],
    "127": [
        198,
        40,
        215
    ],
    "128": [
        201,
        42,
        213
    ],
    "129": [
        204,
        44,
        211
    ],
    "130": [
        207,
        46,
        209
    ],
    "131": [
        210,
        48,
        207
    ],
    "132": [
        213,
        50,
        205
    ],
    "133": [
        216,
        52,
        203
    ],
    "134": [
        220,
        54,
        201
    ],
    "135": [
        223,
        56,
        199
    ],
    "136": [
        226,
        58,
        197
    ],
    "137": [
        229,
        60,
        195
    ],
    "138": [
        232,
        62,
        193
    ],
    "139": [
        235,
        64,
        191
    ],
    "140": [
        238,
        66,
        189
    ],
    "141": [
        241,
        68,
        187
    ],
    "142": [
        245,
        70,
        185
    ],
    "143": [
        248,
        72,
        183
    ],
    "144": [
        251,
        74,
        181
    ],
    "145": [
        254,
        76,
        179
    ],
    "146": [
        255,
        78,
        177
    ],
    "147": [
        255,
        80,
        175
    ],
    "148": [
        255,
        82,
        173
    ],
    "149": [
        255,
        84,
        171
    ],
    "150": [
        255,
        86,
        169
    ],
    "151": [
        255,
        88,
        167
    ],
    "152": [
        255,
        90,
        165
    ],
    "153": [
        255,
        92,
        163
    ],
    "154": [
        255,
        94,
        161
    ],
    "155": [
        255,
        96,
        159
    ],
    "156": [
        255,
        98,
        157
    ],
    "157": [
        255,
        100,
        155
    ],
    "158": [
        255,
        102,
        153
    ],
    "159": [
        255,
        104,
        151
    ],
    "160": [
        255,
        106,
        149
    ],
    "161": [
        255,
        108,
        147
    ],
    "162": [
        255,
        110,
        145
    ],
    "163": [
        255,
        112,
        143
    ],
    "164": [
        255,
        114,
        141
    ],
    "165": [
        255,
        116,
        139
    ],
    "166": [
        255,
        118,
        137
    ],
    "167": [
        255,
        120,
        135
    ],
    "168": [
        255,
        122,
        133
    ],
    "169": [
        255,
        124,
        131
    ],
    "170": [
        255,
        126,
        129
    ],
    "171": [
        255,
        128,
        127
    ],
    "172": [
        255,
        130,
        125
    ],
    "173": [
        255,
        132,
        123
    ],
    "174": [
        255,
        134,
        121
    ],
    "175": [
        255,
        136,
        119
    ],
    "176": [
        255,
        138,
        117
    ],
    "177": [
        255,
        140,
        115
    ],
    "178": [
        255,
        142,
        113
    ],
    "179": [
        255,
        144,
        111
    ],
    "180": [
        255,
        146,
        109
    ],
    "181": [
        255,
        148,
        107
    ],
    "182": [
        255,
        150,
        105
    ],
    "183": [
        255,
        152,
        103
    ],
    "184": [
        255,
        154,
        101
    ],
    "185": [
        255,
        156,
        99
    ],
    "186": [
        255,
        158,
        97
    ],
    "187": [
        255,
        160,
        95
    ],
    "188": [
        255,
        162,
        93
    ],
    "189": [
        255,
        164,
        91
    ],
    "190": [
        255,
        166,
        89
    ],
    "191": [
        255,
        168,
        87
    ],
    "192": [
        255,
        170,
        85
    ],
    "193": [
        255,
        172,
        83
    ],
    "194": [
        255,
        174,
        81
    ],
    "195": [
        255,
        176,
        79
    ],
    "196": [
        255,
        178,
        77
    ],
    "197": [
        255,
        180,
        75
    ],
    "198": [
        255,
        182,
        73
    ],
    "199": [
        255,
        184,
        71
    ],
    "200": [
        255,
        186,
        69
    ],
    "201": [
        255,
        188,
        67
    ],
    "202": [
        255,
        190,
        65
    ],
    "203": [
        255,
        192,
        63
    ],
    "204": [
        255,
        194,
        61
    ],
    "205": [
        255,
        196,
        59
    ],
    "206": [
        255,
        198,
        57
    ],
    "207": [
        255,
        200,
        55
    ],
    "208": [
        255,
        202,
        53
    ],
    "209": [
        255,
        204,
        51
    ],
    "210": [
        255,
        206,
        49
    ],
    "211": [
        255,
        208,
        47
    ],
    "212": [
        255,
        210,
        45
    ],
    "213": [
        255,
        212,
        43
    ],
    "214": [
        255,
        214,
        41
    ],
    "215": [
        255,
        216,
        39
    ],
    "216": [
        255,
        218,
        37
    ],
    "217": [
        255,
        220,
        35
    ],
    "218": [
        255,
        222,
        33
    ],
    "219": [
        255,
        224,
        31
    ],
    "220": [
        255,
        226,
        29
    ],
    "221": [
        255,
        228,
        27
    ],
    "222": [
        255,
        230,
        25
    ],
    "223": [
        255,
        232,
        23
    ],
    "224": [
        255,
        234,
        21
    ],
    "225": [
        255,
        236,
        19
    ],
    "226": [
        255,
        238,
        17
    ],
    "227": [
        255,
        240,
        15
    ],
    "228": [
        255,
        242,
        13
    ],
    "229": [
        255,
        244,
        11
    ],
    "230": [
        255,
        246,
        9
    ],
    "231": [
        255,
        248,
        7
    ],
    "232": [
        255,
        250,
        5
    ],
    "233": [
        255,
        252,
        3
    ],
    "234": [
        255,
        254,
        1
    ],
    "235": [
        255,
        255,
        5
    ],
    "236": [
        255,
        255,
        17
    ],
    "237": [
        255,
        255,
        30
    ],
    "238": [
        255,
        255,
        42
    ],
    "239": [
        255,
        255,
        55
    ],
    "240": [
        255,
        255,
        67
    ],
    "241": [
        255,
        255,
        80
    ],
    "242": [
        255,
        255,
        92
    ],
    "243": [
        255,
        255,
        105
    ],
    "244": [
        255,
        255,
        117
    ],
    "245": [
        255,
        255,
        130
    ],
    "246": [
        255,
        255,
        142
    ],
    "247": [
        255,
        255,
        155
    ],
    "248": [
        255,
        255,
        167
    ],
    "249": [
        255,
        255,
        180
    ],
    "250": [
        255,
        255,
        192
    ],
    "251": [
        255,
        255,
        205
    ],
    "252": [
        255,
        255,
        218
    ],
    "253": [
        255,
        255,
        230
    ],
    "254": [
        255,
        255,
        243
    ],
    "255": [
        255,
        255,
        255
    ]
}