{
    "0": [
        247,
        252,
        245
    ],
    "1": [
        246,
        252,
        244
    ],
    "2": [
        246,
        252,
        244
    ],
    "3": [
        245,
        251,
        243
    ],
    "4": [
        245,
        251,
        242
    ],
    "5": [
        244,
        251,
        242
    ],
    "6": [
        244,
        251,
        241
    ],
    "7": [
        243,
        250,
        240
    ],
    "8": [
        242,
        250,
        240
    ],
    "9": [
        242,
        250,
        239
    ],
    "10": [
        241,
        250,
        238
    ],
    "11": [
        241,
        250,
        238
    ],
    "12": [
        240,
        249,
        237
    ],
    "13": [
        240,
        249,
        236
    ],
    "14": [
        239,
        249,
        236
    ],
    "15": [
        239,
        249,
        235
    ],
    "16": [
        238,
        248,
        234
    ],
    "17": [
        237,
        248,
        234
    ],
    "18": [
        237,
        248,
        233
    ],
    "19": [
        236,
        248,
        232
    ],
    "20": [
        236,
        248,
        232
    ],
    "21": [
        235,
        247,
        231
    ],
    "22": [
        235,
        247,
        231
    ],
    "23": [
        234,
        247,
        230
    ],
    "24": [
        233,
        247,
        229
    ],
    "25": [
        233,
        247,
        229
    ],
    "26": [
        232,
        246,
        228
    ],
    "27": [
        232,
        246,
        227
    ],
    "28": [
        231,
        246,
        227
    ],
    "29": [
        231,
        246,
        226
    ],
    "30": [
        230,
        245,
        225
    ],
    "31": [
        229,
        245,
        225
    ],
    "32": [
        229,
        245,
        224
    ],
    "33": [
        228,
        245,
        223
    ],
    "34": [
        227,
        244,
        222
    ],
    "35": [
        226,
        244,
        221
    ],
    "36": [
        225,
        243,
        220
    ],
    "37": [
        224,
        243,
        219
    ],
    "38": [
        223,
        243,
        218
    ],
    "39": [
        222,
        242,
        217
    ],
    "40": [
        221,
        242,
        216
    ],
    "41": [
        220,
        242,
        215
    ],
    "42": [
        219,
        241,
        214
    ],
    "43": [
        219,
        241,
        213
    ],
    "44": [
        218,
        240,
        212
    ],
    "45": [
        217,
        240,
        211
    ],
    "46": [
        216,
        240,
        210
    ],
    "47": [
        215,
        239,
        209
    ],
    "48": [
        214,
        239,
        208
    ],
    "49": [
        213,
        239,
        207
    ],
    "50": [
        212,
        238,
        206
    ],
    "51": [
        211,
        238,
        205
    ],
    "52": [
        210,
        237,
        204
    ],
    "53": [
        209,
        237,
        203
    ],
    "54": [
        208,
        237,
        202
    ],
    "55": [
        207,
        236,
        201
    ],
    "56": [
        206,
        236,
        200
    ],
    "57": [
        205,
        236,
        199
    ],
    "58": [
        204,
        235,
        198
    ],
    "59": [
        203,
        235,
        197
    ],
    "60": [
        203,
        234,
        196
    ],
    "61": [
        202,
        234,
        195
    ],
    "62": [
        201,
        234,
        194
    ],
    "63": [
        200,
        233,
        193
    ],
    "64": [
        199,
        233,
        192
    ],
    "65": [
        198,
        232,
        191
    ],
    "66": [
        196,
        232,
        189
    ],
    "67": [
        195,
        231,
        188
    ],
    "68": [
        194,
        231,
        187
    ],
    "69": [
        193,
        230,
        186
    ],
    "70": [
        192,
        230,
        185
    ],
    "71": [
        190,
        229,
        184
    ],
    "72": [
        189,
        229,
        182
    ],
    "73": [
        188,
        228,
        181
    ],
    "74": [
        187,
        228,
        180
    ],
    "75": [
        186,
        227,
        179
    ],
    "76": [
        184,
        227,
        178
    ],
    "77": [
        183,
        226,
        177
    ],
    "78": [
        182,
        226,
        175
    ],
    "79": [
        181,
        225,
        174
    ],
    "80": [
        180,
        225,
        173
    ],
    "81": [
        178,
        224,
        172
    ],
    "82": [
        177,
        224,
        171
    ],
    "83": [
        176,
        223,
        170
    ],
    "84": [
        175,
        223,
        168
    ],
    "85": [
        174,
        222,
        167
    ],
    "86": [
        172,
        222,
        166
    ],
    "87": [
        171,
        221,
        165
    ],
    "88": [
        170,
        221,
        164
    ],
    "89": [
        169,
        220,
        163
    ],
    "90": [
        168,
        220,
        162
    ],
    "91": [
        167,
        219,
        160
    ],
    "92": [
        165,
        219,
        159
    ],
    "93": [
        164,
        218,
        158
    ],
    "94": [
        163,
        218,
        157
    ],
    "95": [
        162,
        217,
        156
    ],
    "96": [
        160,
        217,
        155
    ],
    "97": [
        159,
        216,
        153
    ],
    "98": [
        158,
        215,
        152
    ],
    "99": [
        156,
        215,
        151
    ],
    "100": [
        155,
        214,
        150
    ],
    "101": [
        153,
        213,
        149
    ],
    "102": [
        152,
        213,
        148
    ],
    "103": [
        151,
        212,
        146
    ],
    "104": [
        149,
        211,
        145
    ],
    "105": [
        148,
        211,
        144
    ],
    "106": [
        146,
        210,
        143
    ],
    "107": [
        145,
        210,
        142
    ],
    "108": [
        144,
        209,
        141
    ],
    "109": [
        142,
        208,
        139
    ],
    "110": [
        141,
        208,
        138
    ],
    "111": [
        139,
        207,
        137
    ],
    "112": [
        138,
        206,
        136
    ],
    "113": [
        136,
        206,
        135
    ],
    "114": [
        135,
        205,
        134
    ],
    "115": [
        134,
        204,
        133
    ],
    "116": [
        132,
        204,
        131
    ],
    "117": [
        131,
        203,
        130
    ],
    "118": [
        129,
        202,
        129
    ],
    "119": [
        128,
        202,
        128
    ],
    "120": [
        127,
        201,
        127
    ],
    "121": [
        125,
        200,
        126
    ],
    "122": [
        124,
        200,
        124
    ],
    "123": [
        122,
        199,
        123
    ],
    "124": [
        121,
        198,
        122
    ],
    "125": [
        120,
        198,
        121
    ],
    "126": [
        118,
        197,
        120
    ],
    "127": [
        117,
        196,
        119
    ],
    "128": [
        115,
        196,
        118
    ],
    "129": [
        114,
        195,
        117
    ],
    "130": [
        112,
        194,
        116
    ],
    "131": [
        110,
        193,
        115
    ],
    "132": [
        109,
        192,
        114
    ],
    "133": [
        107,
        192,
        114
    ],
    "134": [
        106,
        191,
        113
    ],
    "135": [
        104,
        190,
        112
    ],
    "136": [
        102,
        189,
        111
    ],
    "137": [
        101,
        189,
        111
    ],
    "138": [
        99,
        188,
        110
    ],
    "139": [
        98,
        187,
        109
    ],
    "140": [
        96,
        186,
        108
    ],
    "141": [
        94,
        185,
        107
    ],
    "142": [
        93,
        185,
        107
    ],
    "143": [
        91,
        184,
        106
    ],
    "144": [
        90,
        183,
        105
    ],
    "145": [
        88,
        182,
        104
    ],
    "146": [
        86,
        181,
        103
    ],
    "147": [
        85,
        181,
        103
    ],
    "148": [
        83,
        180,
        102
    ],
    "149": [
        82,
        179,
        101
    ],
    "150": [
        80,
        178,
        100
    ],
    "151": [
        78,
        178,
        100
    ],
    "152": [
        77,
        177,
        99
    ],
    "153": [
        75,
        176,
        98
    ],
    "154": [
        74,
        175,
        97
    ],
    "155": [
        72,
        174,
        96
    ],
    "156": [
        70,
        174,
        96
    ],
    "157": [
        69,
        173,
        95
    ],
    "158": [
        67,
        172,
        94
    ],
    "159": [
        66,
        171,
        93
    ],
    "160": [
        64,
        170,
        93
    ],
    "161": [
        63,
        169,
        92
    ],
    "162": [
        63,
        168,
        91
    ],
    "163": [
        62,
        167,
        90
    ],
    "164": [
        61,
        166,
        90
    ],
    "165": [
        60,
        165,
        89
    ],
    "166": [
        59,
        164,
        88
    ],
    "167": [
        58,
        163,
        87
    ],
    "168": [
        57,
        162,
        87
    ],
    "169": [
        56,
        161,
        86
    ],
    "170": [
        55,
        160,
        85
    ],
    "171": [
        54,
        159,
        84
    ],
    "172": [
        53,
        158,
        83
    ],
    "173": [
        52,
        157,
        83
    ],
    "174": [
        51,
        156,
        82
    ],
    "175": [
        50,
        155,
        81
    ],
    "176": [
        49,
        154,
        80
    ],
    "177": [
        48,
        153,
        80
    ],
    "178": [
        47,
        152,
        79
    ],
    "179": [
        47,
        151,
        78
    ],
    "180": [
        46,
        150,
        77
    ],
    "181": [
        45,
        149,
        77
    ],
    "182": [
        44,
        148,
        76
    ],
    "183": [
        43,
        147,
        75
    ],
    "184": [
        42,
        146,
        74
    ],
    "185": [
        41,
        145,
        74
    ],
    "186": [
        40,
        144,
        73
    ],
    "187": [
        39,
        143,
        72
    ],
    "188": [
        38,
        142,
        71
    ],
    "189": [
        37,
        141,
        71
    ],
    "190": [
        36,
        140,
        70
    ],
    "191": [
        35,
        139,
        69
    ],
    "192": [
        34,
        138,
        68
    ],
    "193": [
        33,
        137,
        68
    ],
    "194": [
        32,
        136,
        67
    ],
    "195": [
        31,
        135,
        66
    ],
    "196": [
        30,
        135,
        65
    ],
    "197": [
        29,
        134,
        64
    ],
    "198": [
        28,
        133,
        64
    ],
    "199": [
        26,
        132,
        63
    ],
    "200": [
        25,
        131,
        62
    ],
    "201": [
        24,
        130,
        61
    ],
    "202": [
        23,
        129,
        61
    ],
    "203": [
        22,
        128,
        60
    ],
    "204": [
        21,
        127,
        59
    ],
    "205": [
        20,
        126,
        58
    ],
    "206": [
        19,
        125,
        57
    ],
    "207": [
        18,
        124,
        57
    ],
    "208": [
        17,
        123,
        56
    ],
    "209": [
        16,
        122,
        55
    ],
    "210": [
        14,
        121,
        54
    ],
    "211": [
        13,
        120,
        54
    ],
    "212": [
        12,
        119,
        53
    ],
    "213": [
        11,
        119,
        52
    ],
    "214": [
        10,
        118,
        51
    ],
    "215": [
        9,
        117,
        50
    ],
    "216": [
        8,
        116,
        50
    ],
    "217": [
        7,
        115,
        49
    ],
    "218": [
        6,
        114,
        48
    ],
    "219": [
        5,
        113,
        47
    ],
    "220": [
        3,
        112,
        46
    ],
    "221": [
        2,
        111,
        46
    ],
    "222": [
        1,
        110,
        45
    ],
    "223": [
        0,
        109,
        44
    ],
    "224": [
        0,
        108,
        44
    ],
    "225": [
        0,
        107,
        43
    ],
    "226": [
        0,
        105,
        42
    ],
    "227": [
        0,
        104,
        42
    ],
    "228": [
        0,
        103,
        41
    ],
    "229": [
        0,
        101,
        41
    ],
    "230": [
        0,
        100,
        40
    ],
    "231": [
        0,
        99,
        40
    ],
    "232": [
        0,
        98,
        39
    ],
    "233": [
        0,
        96,
        39
    ],
    "234": [
        0,
        95,
        38
    ],
    "235": [
        0,
        94,
        38
    ],
    "236": [
        0,
        92,
        37
    ],
    "237": [
        0,
        91,
        37
    ],
    "238": [
        0,
        90,
        36
    ],
    "239": [
        0,
        89,
        36
    ],
    "240": [
        0,
        87,
        35
    ],
    "241": [
        0,
        86,
        34
    ],
    "242": [
        0,
        85,
        34
    ],
    "243": [
        0,
        83,
        33
    ],
    "244": [
        0,
        82,
        33
    ],
    "245": [
        0,
        81,
        32
    ],
    "246": [
        0,
        80,
        32
    ],
    "247": [
        0,
        78,
        31
    ],
    "248": [
        0,
        77,
        31
    ],
    "249": [
        0,
        76,
        30
    ],
    "250": [
        0,
        74,
        30
    ],
    "251": [
        0,
        73,
        29
    ],
    "252": [
        0,
        72,
        29
    ],
    "253": [
        0,
        71,
        28
    ],
    "254": [
        0,
        69,
        28
    ],
    "255": [
        0,
        68,
        27
    ]
}