{
    "0": [
        11,
        0,
        0
    ],
    "1": [
        13,
        0,
        0
    ],
    "2": [
        16,
        0,
        0
    ],
    "3": [
        18,
        0,
        0
    ],
    "4": [
        21,
        0,
        0
    ],
    "5": [
        24,
        0,
        0
    ],
    "6": [
        26,
        0,
        0
    ],
    "7": [
        29,
        0,
        0
    ],
    "8": [
        32,
        0,
        0
    ],
    "9": [
        34,
        0,
        0
    ],
    "10": [
        37,
        0,
        0
    ],
    "11": [
        39,
        0,
        0
    ],
    "12": [
        42,
        0,
        0
    ],
    "13": [
        45,
        0,
        0
    ],
    "14": [
        47,
        0,
        0
    ],
    "15": [
        50,
        0,
        0
    ],
    "16": [
        53,
        0,
        0
    ],
    "17": [
        55,
        0,
        0
    ],
    "18": [
        58,
        0,
        0
    ],
    "19": [
        60,
        0,
        0
    ],
    "20": [
        63,
        0,
        0
    ],
    "21": [
        66,
        0,
        0
    ],
    "22": [
        68,
        0,
        0
    ],
    "23": [
        71,
        0,
        0
    ],
    "24": [
        74,
        0,
        0
    ],
    "25": [
        76,
        0,
        0
    ],
    "26": [
        79,
        0,
        0
    ],
    "27": [
        81,
        0,
        0
    ],
    "28": [
        84,
        0,
        0
    ],
    "29": [
        87,
        0,
        0
    ],
    "30": [
        89,
        0,
        0
    ],
    "31": [
        92,
        0,
        0
    ],
    "32": [
        95,
        0,
        0
    ],
    "33": [
        97,
        0,
        0
    ],
    "34": [
        100,
        0,
        0
    ],
    "35": [
        102,
        0,
        0
    ],
    "36": [
        105,
        0,
        0
    ],
    "37": [
        108,
        0,
        0
    ],
    "38": [
        110,
        0,
        0
    ],
    "39": [
        113,
        0,
        0
    ],
    "40": [
        116,
        0,
        0
    ],
    "41": [
        118,
        0,
        0
    ],
    "42": [
        121,
        0,
        0
    ],
    "43": [
        123,
        0,
        0
    ],
    "44": [
        126,
        0,
        0
    ],
    "45": [
        129,
        0,
        0
    ],
    "46": [
        131,
        0,
        0
    ],
    "47": [
        134,
        0,
        0
    ],
    "48": [
        137,
        0,
        0
    ],
    "49": [
        139,
        0,
        0
    ],
    "50": [
        142,
        0,
        0
    ],
    "51": [
        144,
        0,
        0
    ],
    "52": [
        147,
        0,
        0
    ],
    "53": [
        150,
        0,
        0
    ],
    "54": [
        152,
        0,
        0
    ],
    "55": [
        155,
        0,
        0
    ],
    "56": [
        158,
        0,
        0
    ],
    "57": [
        160,
        0,
        0
    ],
    "58": [
        163,
        0,
        0
    ],
    "59": [
        165,
        0,
        0
    ],
    "60": [
        168,
        0,
        0
    ],
    "61": [
        171,
        0,
        0
    ],
    "62": [
        173,
        0,
        0
    ],
    "63": [
        176,
        0,
        0
    ],
    "64": [
        179,
        0,
        0
    ],
    "65": [
        181,
        0,
        0
    ],
    "66": [
        184,
        0,
        0
    ],
    "67": [
        186,
        0,
        0
    ],
    "68": [
        189,
        0,
        0
    ],
    "69": [
        192,
        0,
        0
    ],
    "70": [
        194,
        0,
        0
    ],
    "71": [
        197,
        0,
        0
    ],
    "72": [
        200,
        0,
        0
    ],
    "73": [
        202,
        0,
        0
    ],
    "74": [
        205,
        0,
        0
    ],
    "75": [
        207,
        0,
        0
    ],
    "76": [
        210,
        0,
        0
    ],
    "77": [
        213,
        0,
        0
    ],
    "78": [
        215,
        0,
        0
    ],
    "79": [
        218,
        0,
        0
    ],
    "80": [
        221,
        0,
        0
    ],
    "81": [
        223,
        0,
        0
    ],
    "82": [
        226,
        0,
        0
    ],
    "83": [
        228,
        0,
        0
    ],
    "84": [
        231,
        0,
        0
    ],
    "85": [
        234,
        0,
        0
    ],
    "86": [
        236,
        0,
        0
    ],
    "87": [
        239,
        0,
        0
    ],
    "88": [
        242,
        0,
        0
    ],
    "89": [
        244,
        0,
        0
    ],
    "90": [
        247,
        0,
        0
    ],
    "91": [
        249,
        0,
        0
    ],
    "92": [
        252,
        0,
        0
    ],
    "93": [
        255,
        0,
        0
    ],
    "94": [
        255,
        2,
        0
    ],
    "95": [
        255,
        5,
        0
    ],
    "96": [
        255,
        8,
        0
    ],
    "97": [
        255,
        10,
        0
    ],
    "98": [
        255,
        13,
        0
    ],
    "99": [
        255,
        16,
        0
    ],
    "100": [
        255,
        18,
        0
    ],
    "101": [
        255,
        21,
        0
    ],
    "102": [
        255,
        23,
        0
    ],
    "103": [
        255,
        26,
        0
    ],
    "104": [
        255,
        29,
        0
    ],
    "105": [
        255,
        31,
        0
    ],
    "106": [
        255,
        34,
        0
    ],
    "107": [
        255,
        37,
        0
    ],
    "108": [
        255,
        39,
        0
    ],
    "109": [
        255,
        42,
        0
    ],
    "110": [
        255,
        44,
        0
    ],
    "111": [
        255,
        47,
        0
    ],
    "112": [
        255,
        50,
        0
    ],
    "113": [
        255,
        52,
        0
    ],
    "114": [
        255,
        55,
        0
    ],
    "115": [
        255,
        58,
        0
    ],
    "116": [
        255,
        60,
        0
    ],
    "117": [
        255,
        63,
        0
    ],
    "118": [
        255,
        65,
        0
    ],
    "119": [
        255,
        68,
        0
    ],
    "120": [
        255,
        71,
        0
    ],
    "121": [
        255,
        73,
        0
    ],
    "122": [
        255,
        76,
        0
    ],
    "123": [
        255,
        79,
        0
    ],
    "124": [
        255,
        81,
        0
    ],
    "125": [
        255,
        84,
        0
    ],
    "126": [
        255,
        86,
        0
    ],
    "127": [
        255,
        89,
        0
    ],
    "128": [
        255,
        92,
        0
    ],
    "129": [
        255,
        94,
        0
    ],
    "130": [
        255,
        97,
        0
    ],
    "131": [
        255,
        100,
        0
    ],
    "132": [
        255,
        102,
        0
    ],
    "133": [
        255,
        105,
        0
    ],
    "134": [
        255,
        107,
        0
    ],
    "135": [
        255,
        110,
        0
    ],
    "136": [
        255,
        113,
        0
    ],
    "137": [
        255,
        115,
        0
    ],
    "138": [
        255,
        118,
        0
    ],
    "139": [
        255,
        121,
        0
    ],
    "140": [
        255,
        123,
        0
    ],
    "141": [
        255,
        126,
        0
    ],
    "142": [
        255,
        128,
        0
    ],
    "143": [
        255,
        131,
        0
    ],
    "144": [
        255,
        134,
        0
    ],
    "145": [
        255,
        136,
        0
    ],
    "146": [
        255,
        139,
        0
    ],
    "147": [
        255,
        142,
        0
    ],
    "148": [
        255,
        144,
        0
    ],
    "149": [
        255,
        147,
        0
    ],
    "150": [
        255,
        149,
        0
    ],
    "151": [
        255,
        152,
        0
    ],
    "152": [
        255,
        155,
        0
    ],
    "153": [
        255,
        157,
        0
    ],
    "154": [
        255,
        160,
        0
    ],
    "155": [
        255,
        162,
        0
    ],
    "156": [
        255,
        165,
        0
    ],
    "157": [
        255,
        168,
        0
    ],
    "158": [
        255,
        170,
        0
    ],
    "159": [
        255,
        173,
        0
    ],
    "160": [
        255,
        176,
        0
    ],
    "161": [
        255,
        178,
        0
    ],
    "162": [
        255,
        181,
        0
    ],
    "163": [
        255,
        183,
        0
    ],
    "164": [
        255,
        186,
        0
    ],
    "165": [
        255,
        189,
        0
    ],
    "166": [
        255,
        191,
        0
    ],
    "167": [
        255,
        194,
        0
    ],
    "168": [
        255,
        197,
        0
    ],
    "169": [
        255,
        199,
        0
    ],
    "170": [
        255,
        202,
        0
    ],
    "171": [
        255,
        204,
        0
    ],
    "172": [
        255,
        207,
        0
    ],
    "173": [
        255,
        210,
        0
    ],
    "174": [
        255,
        212,
        0
    ],
    "175": [
        255,
        215,
        0
    ],
    "176": [
        255,
        218,
        0
    ],
    "177": [
        255,
        220,
        0
    ],
    "178": [
        255,
        223,
        0
    ],
    "179": [
        255,
        225,
        0
    ],
    "180": [
        255,
        228,
        0
    ],
    "181": [
        255,
        231,
        0
    ],
    "182": [
        255,
        233,
        0
    ],
    "183": [
        255,
        236,
        0
    ],
    "184": [
        255,
        239,
        0
    ],
    "185": [
        255,
        241,
        0
    ],
    "186": [
        255,
        244,
        0
    ],
    "187": [
        255,
        246,
        0
    ],
    "188": [
        255,
        249,
        0
    ],
    "189": [
        255,
        252,
        0
    ],
    "190": [
        255,
        254,
        0
    ],
    "191": [
        255,
        255,
        3
    ],
    "192": [
        255,
        255,
        7
    ],
    "193": [
        255,
        255,
        11
    ],
    "194": [
        255,
        255,
        15
    ],
    "195": [
        255,
        255,
        19
    ],
    "196": [
        255,
        255,
        23
    ],
    "197": [
        255,
        255,
        27
    ],
    "198": [
        255,
        255,
        31
    ],
    "199": [
        255,
        255,
        34
    ],
    "200": [
        255,
        255,
        38
    ],
    "201": [
        255,
        255,
        42
    ],
    "202": [
        255,
        255,
        46
    ],
    "203": [
        255,
        255,
        50
    ],
    "204": [
        255,
        255,
        54
    ],
    "205": [
        255,
        255,
        58
    ],
    "206": [
        255,
        255,
        62
    ],
    "207": [
        255,
        255,
        66
    ],
    "208": [
        255,
        255,
        70
    ],
    "209": [
        255,
        255,
        74
    ],
    "210": [
        255,
        255,
        78
    ],
    "211": [
        255,
        255,
        82
    ],
    "212": [
        255,
        255,
        86
    ],
    "213": [
        255,
        255,
        90
    ],
    "214": [
        255,
        255,
        94
    ],
    "215": [
        255,
        255,
        97
    ],
    "216": [
        255,
        255,
        101
    ],
    "217": [
        255,
        255,
        105
    ],
    "218": [
        255,
        255,
        109
    ],
    "219": [
        255,
        255,
        113
    ],
    "220": [
        255,
        255,
        117
    ],
    "221": [
        255,
        255,
        121
    ],
    "222": [
        255,
        255,
        125
    ],
    "223": [
        255,
        255,
        129
    ],
    "224": [
        255,
        255,
        133
    ],
    "225": [
        255,
        255,
        137
    ],
    "226": [
        255,
        255,
        141
    ],
    "227": [
        255,
        255,
        145
    ],
    "228": [
        255,
        255,
        149
    ],
    "229": [
        255,
        255,
        153
    ],
    "230": [
        255,
        255,
        157
    ],
    "231": [
        255,
        255,
        160
    ],
    "232": [
        255,
        255,
        164
    ],
    "233": [
        255,
        255,
        168
    ],
    "234": [
        255,
        255,
        172
    ],
    "235": [
        255,
        255,
        176
    ],
    "236": [
        255,
        255,
        180
    ],
    "237": [
        255,
        255,
        184
    ],
    "238": [
        255,
        255,
        188
    ],
    "239": [
        255,
        255,
        192
    ],
    "240": [
        255,
        255,
        196
    ],
    "241": [
        255,
        255,
        200
    ],
    "242": [
        255,
        255,
        204
    ],
    "243": [
        255,
        255,
        208
    ],
    "244": [
        255,
        255,
        212
    ],
    "245": [
        255,
        255,
        216
    ],
    "246": [
        255,
        255,
        220
    ],
    "247": [
        255,
        255,
        223
    ],
    "248": [
        255,
        255,
        227
    ],
    "249": [
        255,
        255,
        231
    ],
    "250": [
        255,
        255,
        235
    ],
    "251": [
        255,
        255,
        239
    ],
    "252": [
        255,
        255,
        243
    ],
    "253": [
        255,
        255,
        247
    ],
    "254": [
        255,
        255,
        251
    ],
    "255": [
        255,
        255,
        255
    ]
}