{
    "0": [
        255,
        0,
        0
    ],
    "1": [
        255,
        6,
        0
    ],
    "2": [
        255,
        12,
        0
    ],
    "3": [
        255,
        18,
        0
    ],
    "4": [
        255,
        24,
        0
    ],
    "5": [
        255,
        30,
        0
    ],
    "6": [
        255,
        35,
        0
    ],
    "7": [
        255,
        41,
        0
    ],
    "8": [
        255,
        47,
        0
    ],
    "9": [
        255,
        53,
        0
    ],
    "10": [
        255,
        59,
        0
    ],
    "11": [
        255,
        65,
        0
    ],
    "12": [
        255,
        71,
        0
    ],
    "13": [
        255,
        77,
        0
    ],
    "14": [
        255,
        83,
        0
    ],
    "15": [
        255,
        89,
        0
    ],
    "16": [
        255,
        95,
        0
    ],
    "17": [
        255,
        100,
        0
    ],
    "18": [
        255,
        106,
        0
    ],
    "19": [
        255,
        112,
        0
    ],
    "20": [
        255,
        118,
        0
    ],
    "21": [
        255,
        124,
        0
    ],
    "22": [
        255,
        130,
        0
    ],
    "23": [
        255,
        136,
        0
    ],
    "24": [
        255,
        142,
        0
    ],
    "25": [
        255,
        148,
        0
    ],
    "26": [
        255,
        154,
        0
    ],
    "27": [
        255,
        159,
        0
    ],
    "28": [
        255,
        165,
        0
    ],
    "29": [
        255,
        171,
        0
    ],
    "30": [
        255,
        177,
        0
    ],
    "31": [
        255,
        183,
        0
    ],
    "32": [
        255,
        189,
        0
    ],
    "33": [
        255,
        195,
        0
    ],
    "34": [
        255,
        201,
        0
    ],
    "35": [
        255,
        207,
        0
    ],
    "36": [
        255,
        213,
        0
    ],
    "37": [
        255,
        219,
        0
    ],
    "38": [
        255,
        224,
        0
    ],
    "39": [
        255,
        230,
        0
    ],
    "40": [
        255,
        236,
        0
    ],
    "41": [
        254,
        241,
        0
    ],
    "42": [
        252,
        245,
        0
    ],
    "43": [
        250,
        249,
        0
    ],
    "44": [
        248,
        253,
        0
    ],
    "45": [
        244,
        255,
        0
    ],
    "46": [
        238,
        255,
        0
    ],
    "47": [
        232,
        255,
        0
    ],
    "48": [
        226,
        255,
        0
    ],
    "49": [
        221,
        255,
        0
    ],
    "50": [
        215,
        255,
        0
    ],
    "51": [
        209,
        255,
        0
    ],
    "52": [
        203,
        255,
        0
    ],
    "53": [
        197,
        255,
        0
    ],
    "54": [
        191,
        255,
        0
    ],
    "55": [
        185,
        255,
        0
    ],
    "56": [
        179,
        255,
        0
    ],
    "57": [
        173,
        255,
        0
    ],
    "58": [
        167,
        255,
        0
    ],
    "59": [
        162,
        255,
        0
    ],
    "60": [
        156,
        255,
        0
    ],
    "61": [
        150,
        255,
        0
    ],
    "62": [
        144,
        255,
        0
    ],
    "63": [
        138,
        255,
        0
    ],
    "64": [
        132,
        255,
        0
    ],
    "65": [
        126,
        255,
        0
    ],
    "66": [
        120,
        255,
        0
    ],
    "67": [
        114,
        255,
        0
    ],
    "68": [
        108,
        255,
        0
    ],
    "69": [
        102,
        255,
        0
    ],
    "70": [
        97,
        255,
        0
    ],
    "71": [
        91,
        255,
        0
    ],
    "72": [
        85,
        255,
        0
    ],
    "73": [
        79,
        255,
        0
    ],
    "74": [
        73,
        255,
        0
    ],
    "75": [
        67,
        255,
        0
    ],
    "76": [
        61,
        255,
        0
    ],
    "77": [
        55,
        255,
        0
    ],
    "78": [
        49,
        255,
        0
    ],
    "79": [
        43,
        255,
        0
    ],
    "80": [
        37,
        255,
        0
    ],
    "81": [
        32,
        255,
        0
    ],
    "82": [
        26,
        255,
        0
    ],
    "83": [
        20,
        255,
        0
    ],
    "84": [
        14,
        255,
        0
    ],
    "85": [
        8,
        255,
        0
    ],
    "86": [
        6,
        255,
        4
    ],
    "87": [
        4,
        255,
        8
    ],
    "88": [
        2,
        255,
        12
    ],
    "89": [
        0,
        255,
        16
    ],
    "90": [
        0,
        255,
        22
    ],
    "91": [
        0,
        255,
        27
    ],
    "92": [
        0,
        255,
        33
    ],
    "93": [
        0,
        255,
        39
    ],
    "94": [
        0,
        255,
        45
    ],
    "95": [
        0,
        255,
        51
    ],
    "96": [
        0,
        255,
        57
    ],
    "97": [
        0,
        255,
        63
    ],
    "98": [
        0,
        255,
        69
    ],
    "99": [
        0,
        255,
        75
    ],
    "100": [
        0,
        255,
        81
    ],
    "101": [
        0,
        255,
        87
    ],
    "102": [
        0,
        255,
        92
    ],
    "103": [
        0,
        255,
        98
    ],
    "104": [
        0,
        255,
        104
    ],
    "105": [
        0,
        255,
        110
    ],
    "106": [
        0,
        255,
        116
    ],
    "107": [
        0,
        255,
        122
    ],
    "108": [
        0,
        255,
        128
    ],
    "109": [
        0,
        255,
        134
    ],
    "110": [
        0,
        255,
        140
    ],
    "111": [
        0,
        255,
        146
    ],
    "112": [
        0,
        255,
        151
    ],
    "113": [
        0,
        255,
        157
    ],
    "114": [
        0,
        255,
        163
    ],
    "115": [
        0,
        255,
        169
    ],
    "116": [
        0,
        255,
        175
    ],
    "117": [
        0,
        255,
        181
    ],
    "118": [
        0,
        255,
        187
    ],
    "119": [
        0,
        255,
        193
    ],
    "120": [
        0,
        255,
        199
    ],
    "121": [
        0,
        255,
        205
    ],
    "122": [
        0,
        255,
        211
    ],
    "123": [
        0,
        255,
        216
    ],
    "124": [
        0,
        255,
        222
    ],
    "125": [
        0,
        255,
        228
    ],
    "126": [
        0,
        255,
        234
    ],
    "127": [
        0,
        255,
        240
    ],
    "128": [
        0,
        255,
        246
    ],
    "129": [
        0,
        255,
        252
    ],
    "130": [
        0,
        252,
        255
    ],
    "131": [
        0,
        246,
        255
    ],
    "132": [
        0,
        240,
        255
    ],
    "133": [
        0,
        234,
        255
    ],
    "134": [
        0,
        229,
        255
    ],
    "135": [
        0,
        223,
        255
    ],
    "136": [
        0,
        217,
        255
    ],
    "137": [
        0,
        211,
        255
    ],
    "138": [
        0,
        205,
        255
    ],
    "139": [
        0,
        199,
        255
    ],
    "140": [
        0,
        193,
        255
    ],
    "141": [
        0,
        187,
        255
    ],
    "142": [
        0,
        181,
        255
    ],
    "143": [
        0,
        175,
        255
    ],
    "144": [
        0,
        170,
        255
    ],
    "145": [
        0,
        164,
        255
    ],
    "146": [
        0,
        158,
        255
    ],
    "147": [
        0,
        152,
        255
    ],
    "148": [
        0,
        146,
        255
    ],
    "149": [
        0,
        140,
        255
    ],
    "150": [
        0,
        134,
        255
    ],
    "151": [
        0,
        128,
        255
    ],
    "152": [
        0,
        122,
        255
    ],
    "153": [
        0,
        116,
        255
    ],
    "154": [
        0,
        110,
        255
    ],
    "155": [
        0,
        105,
        255
    ],
    "156": [
        0,
        99,
        255
    ],
    "157": [
        0,
        93,
        255
    ],
    "158": [
        0,
        87,
        255
    ],
    "159": [
        0,
        81,
        255
    ],
    "160": [
        0,
        75,
        255
    ],
    "161": [
        0,
        69,
        255
    ],
    "162": [
        0,
        63,
        255
    ],
    "163": [
        0,
        57,
        255
    ],
    "164": [
        0,
        51,
        255
    ],
    "165": [
        0,
        45,
        255
    ],
    "166": [
        0,
        40,
        255
    ],
    "167": [
        0,
        34,
        255
    ],
    "168": [
        0,
        28,
        255
    ],
    "169": [
        0,
        22,
        255
    ],
    "170": [
        0,
        16,
        255
    ],
    "171": [
        2,
        12,
        255
    ],
    "172": [
        4,
        8,
        255
    ],
    "173": [
        6,
        4,
        255
    ],
    "174": [
        8,
        0,
        255
    ],
    "175": [
        14,
        0,
        255
    ],
    "176": [
        19,
        0,
        255
    ],
    "177": [
        25,
        0,
        255
    ],
    "178": [
        31,
        0,
        255
    ],
    "179": [
        37,
        0,
        255
    ],
    "180": [
        43,
        0,
        255
    ],
    "181": [
        49,
        0,
        255
    ],
    "182": [
        55,
        0,
        255
    ],
    "183": [
        61,
        0,
        255
    ],
    "184": [
        67,
        0,
        255
    ],
    "185": [
        73,
        0,
        255
    ],
    "186": [
        79,
        0,
        255
    ],
    "187": [
        84,
        0,
        255
    ],
    "188": [
        90,
        0,
        255
    ],
    "189": [
        96,
        0,
        255
    ],
    "190": [
        102,
        0,
        255
    ],
    "191": [
        108,
        0,
        255
    ],
    "192": [
        114,
        0,
        255
    ],
    "193": [
        120,
        0,
        255
    ],
    "194": [
        126,
        0,
        255
    ],
    "195": [
        132,
        0,
        255
    ],
    "196": [
        138,
        0,
        255
    ],
    "197": [
        144,
        0,
        255
    ],
    "198": [
        149,
        0,
        255
    ],
    "199": [
        155,
        0,
        255
    ],
    "200": [
        161,
        0,
        255
    ],
    "201": [
        167,
        0,
        255
    ],
    "202": [
        173,
        0,
        255
    ],
    "203": [
        179,
        0,
        255
    ],
    "204": [
        185,
        0,
        255
    ],
    "205": [
        191,
        0,
        255
    ],
    "206": [
        197,
        0,
        255
    ],
    "207": [
        203,
        0,
        255
    ],
    "208": [
        208,
        0,
        255
    ],
    "209": [
        214,
        0,
        255
    ],
    "210": [
        220,
        0,
        255
    ],
    "211": [
        226,
        0,
        255
    ],
    "212": [
        232,
        0,
        255
    ],
    "213": [
        238,
        0,
        255
    ],
    "214": [
        244,
        0,
        255
    ],
    "215": [
        248,
        0,
        253
    ],
    "216": [
        250,
        0,
        249
    ],
    "217": [
        252,
        0,
        245
    ],
    "218": [
        254,
        0,
        241
    ],
    "219": [
        255,
        0,
        237
    ],
    "220": [
        255,
        0,
        231
    ],
    "221": [
        255,
        0,
        225
    ],
    "222": [
        255,
        0,
        219
    ],
    "223": [
        255,
        0,
        213
    ],
    "224": [
        255,
        0,
        207
    ],
    "225": [
        255,
        0,
        201
    ],
    "226": [
        255,
        0,
        195
    ],
    "227": [
        255,
        0,
        189
    ],
    "228": [
        255,
        0,
        183
    ],
    "229": [
        255,
        0,
        177
    ],
    "230": [
        255,
        0,
        172
    ],
    "231": [
        255,
        0,
        166
    ],
    "232": [
        255,
        0,
        160
    ],
    "233": [
        255,
        0,
        154
    ],
    "234": [
        255,
        0,
        148
    ],
    "235": [
        255,
        0,
        142
    ],
    "236": [
        255,
        0,
        136
    ],
    "237": [
        255,
        0,
        130
    ],
    "238": [
        255,
        0,
        124
    ],
    "239": [
        255,
        0,
        118
    ],
    "240": [
        255,
        0,
        113
    ],
    "241": [
        255,
        0,
        107
    ],
    "242": [
        255,
        0,
        101
    ],
    "243": [
        255,
        0,
        95
    ],
    "244": [
        255,
        0,
        89
    ],
    "245": [
        255,
        0,
        83
    ],
    "246": [
        255,
        0,
        77
    ],
    "247": [
        255,
        0,
        71
    ],
    "248": [
        255,
        0,
        65
    ],
    "249": [
        255,
        0,
        59
    ],
    "250": [
        255,
        0,
        53
    ],
    "251": [
        255,
        0,
        48
    ],
    "252": [
        255,
        0,
        42
    ],
    "253": [
        255,
        0,
        36
    ],
    "254": [
        255,
        0,
        30
    ],
    "255": [
        255,
        0,
        24
    ]
}