{
    "0": [
        0,
        0,
        4
    ],
    "1": [
        1,
        0,
        5
    ],
    "2": [
        1,
        1,
        6
    ],
    "3": [
        1,
        1,
        8
    ],
    "4": [
        2,
        1,
        10
    ],
    "5": [
        2,
        2,
        12
    ],
    "6": [
        2,
        2,
        14
    ],
    "7": [
        3,
        2,
        16
    ],
    "8": [
        4,
        3,
        18
    ],
    "9": [
        4,
        3,
        20
    ],
    "10": [
        5,
        4,
        23
    ],
    "11": [
        6,
        4,
        25
    ],
    "12": [
        7,
        5,
        27
    ],
    "13": [
        8,
        5,
        29
    ],
    "14": [
        9,
        6,
        31
    ],
    "15": [
        10,
        7,
        34
    ],
    "16": [
        11,
        7,
        36
    ],
    "17": [
        12,
        8,
        38
    ],
    "18": [
        13,
        8,
        41
    ],
    "19": [
        14,
        9,
        43
    ],
    "20": [
        16,
        9,
        45
    ],
    "21": [
        17,
        10,
        48
    ],
    "22": [
        18,
        10,
        50
    ],
    "23": [
        20,
        11,
        52
    ],
    "24": [
        21,
        11,
        55
    ],
    "25": [
        22,
        11,
        57
    ],
    "26": [
        24,
        12,
        60
    ],
    "27": [
        25,
        12,
        62
    ],
    "28": [
        27,
        12,
        65
    ],
    "29": [
        28,
        12,
        67
    ],
    "30": [
        30,
        12,
        69
    ],
    "31": [
        31,
        12,
        72
    ],
    "32": [
        33,
        12,
        74
    ],
    "33": [
        35,
        12,
        76
    ],
    "34": [
        36,
        12,
        79
    ],
    "35": [
        38,
        12,
        81
    ],
    "36": [
        40,
        11,
        83
    ],
    "37": [
        41,
        11,
        85
    ],
    "38": [
        43,
        11,
        87
    ],
    "39": [
        45,
        11,
        89
    ],
    "40": [
        47,
        10,
        91
    ],
    "41": [
        49,
        10,
        92
    ],
    "42": [
        50,
        10,
        94
    ],
    "43": [
        52,
        10,
        95
    ],
    "44": [
        54,
        9,
        97
    ],
    "45": [
        56,
        9,
        98
    ],
    "46": [
        57,
        9,
        99
    ],
    "47": [
        59,
        9,
        100
    ],
    "48": [
        61,
        9,
        101
    ],
    "49": [
        62,
        9,
        102
    ],
    "50": [
        64,
        10,
        103
    ],
    "51": [
        66,
        10,
        104
    ],
    "52": [
        68,
        10,
        104
    ],
    "53": [
        69,
        10,
        105
    ],
    "54": [
        71,
        11,
        106
    ],
    "55": [
        73,
        11,
        106
    ],
    "56": [
        74,
        12,
        107
    ],
    "57": [
        76,
        12,
        107
    ],
    "58": [
        77,
        13,
        108
    ],
    "59": [
        79,
        13,
        108
    ],
    "60": [
        81,
        14,
        108
    ],
    "61": [
        82,
        14,
        109
    ],
    "62": [
        84,
        15,
        109
    ],
    "63": [
        85,
        15,
        109
    ],
    "64": [
        87,
        16,
        110
    ],
    "65": [
        89,
        16,
        110
    ],
    "66": [
        90,
        17,
        110
    ],
    "67": [
        92,
        18,
        110
    ],
    "68": [
        93,
        18,
        110
    ],
    "69": [
        95,
        19,
        110
    ],
    "70": [
        97,
        19,
        110
    ],
    "71": [
        98,
        20,
        110
    ],
    "72": [
        100,
        21,
        110
    ],
    "73": [
        101,
        21,
        110
    ],
    "74": [
        103,
        22,
        110
    ],
    "75": [
        105,
        22,
        110
    ],
    "76": [
        106,
        23,
        110
    ],
    "77": [
        108,
        24,
        110
    ],
    "78": [
        109,
        24,
        110
    ],
    "79": [
        111,
        25,
        110
    ],
    "80": [
        113,
        25,
        110
    ],
    "81": [
        114,
        26,
        110
    ],
    "82": [
        116,
        26,
        110
    ],
    "83": [
        117,
        27,
        110
    ],
    "84": [
        119,
        28,
        109
    ],
    "85": [
        120,
        28,
        109
    ],
    "86": [
        122,
        29,
        109
    ],
    "87": [
        124,
        29,
        109
    ],
    "88": [
        125,
        30,
        109
    ],
    "89": [
        127,
        30,
        108
    ],
    "90": [
        128,
        31,
        108
    ],
    "91": [
        130,
        32,
        108
    ],
    "92": [
        132,
        32,
        107
    ],
    "93": [
        133,
        33,
        107
    ],
    "94": [
        135,
        33,
        107
    ],
    "95": [
        136,
        34,
        106
    ],
    "96": [
        138,
        34,
        106
    ],
    "97": [
        140,
        35,
        105
    ],
    "98": [
        141,
        35,
        105
    ],
    "99": [
        143,
        36,
        105
    ],
    "100": [
        144,
        37,
        104
    ],
    "101": [
        146,
        37,
        104
    ],
    "102": [
        147,
        38,
        103
    ],
    "103": [
        149,
        38,
        103
    ],
    "104": [
        151,
        39,
        102
    ],
    "105": [
        152,
        39,
        102
    ],
    "106": [
        154,
        40,
        101
    ],
    "107": [
        155,
        41,
        100
    ],
    "108": [
        157,
        41,
        100
    ],
    "109": [
        159,
        42,
        99
    ],
    "110": [
        160,
        42,
        99
    ],
    "111": [
        162,
        43,
        98
    ],
    "112": [
        163,
        44,
        97
    ],
    "113": [
        165,
        44,
        96
    ],
    "114": [
        166,
        45,
        96
    ],
    "115": [
        168,
        46,
        95
    ],
    "116": [
        169,
        46,
        94
    ],
    "117": [
        171,
        47,
        94
    ],
    "118": [
        173,
        48,
        93
    ],
    "119": [
        174,
        48,
        92
    ],
    "120": [
        176,
        49,
        91
    ],
    "121": [
        177,
        50,
        90
    ],
    "122": [
        179,
        50,
        90
    ],
    "123": [
        180,
        51,
        89
    ],
    "124": [
        182,
        52,
        88
    ],
    "125": [
        183,
        53,
        87
    ],
    "126": [
        185,
        53,
        86
    ],
    "127": [
        186,
        54,
        85
    ],
    "128": [
        188,
        55,
        84
    ],
    "129": [
        189,
        56,
        83
    ],
    "130": [
        191,
        57,
        82
    ],
    "131": [
        192,
        58,
        81
    ],
    "132": [
        193,
        58,
        80
    ],
    "133": [
        195,
        59,
        79
    ],
    "134": [
        196,
        60,
        78
    ],
    "135": [
        198,
        61,
        77
    ],
    "136": [
        199,
        62,
        76
    ],
    "137": [
        200,
        63,
        75
    ],
    "138": [
        202,
        64,
        74
    ],
    "139": [
        203,
        65,
        73
    ],
    "140": [
        204,
        66,
        72
    ],
    "141": [
        206,
        67,
        71
    ],
    "142": [
        207,
        68,
        70
    ],
    "143": [
        208,
        69,
        69
    ],
    "144": [
        210,
        70,
        68
    ],
    "145": [
        211,
        71,
        67
    ],
    "146": [
        212,
        72,
        66
    ],
    "147": [
        213,
        74,
        65
    ],
    "148": [
        215,
        75,
        63
    ],
    "149": [
        216,
        76,
        62
    ],
    "150": [
        217,
        77,
        61
    ],
    "151": [
        218,
        78,
        60
    ],
    "152": [
        219,
        80,
        59
    ],
    "153": [
        221,
        81,
        58
    ],
    "154": [
        222,
        82,
        56
    ],
    "155": [
        223,
        83,
        55
    ],
    "156": [
        224,
        85,
        54
    ],
    "157": [
        225,
        86,
        53
    ],
    "158": [
        226,
        87,
        52
    ],
    "159": [
        227,
        89,
        51
    ],
    "160": [
        228,
        90,
        49
    ],
    "161": [
        229,
        92,
        48
    ],
    "162": [
        230,
        93,
        47
    ],
    "163": [
        231,
        94,
        46
    ],
    "164": [
        232,
        96,
        45
    ],
    "165": [
        233,
        97,
        43
    ],
    "166": [
        234,
        99,
        42
    ],
    "167": [
        235,
        100,
        41
    ],
    "168": [
        235,
        102,
        40
    ],
    "169": [
        236,
        103,
        38
    ],
    "170": [
        237,
        105,
        37
    ],
    "171": [
        238,
        106,
        36
    ],
    "172": [
        239,
        108,
        35
    ],
    "173": [
        239,
        110,
        33
    ],
    "174": [
        240,
        111,
        32
    ],
    "175": [
        241,
        113,
        31
    ],
    "176": [
        241,
        115,
        29
    ],
    "177": [
        242,
        116,
        28
    ],
    "178": [
        243,
        118,
        27
    ],
    "179": [
        243,
        120,
        25
    ],
    "180": [
        244,
        121,
        24
    ],
    "181": [
        245,
        123,
        23
    ],
    "182": [
        245,
        125,
        21
    ],
    "183": [
        246,
        126,
        20
    ],
    "184": [
        246,
        128,
        19
    ],
    "185": [
        247,
        130,
        18
    ],
    "186": [
        247,
        132,
        16
    ],
    "187": [
        248,
        133,
        15
    ],
    "188": [
        248,
        135,
        14
    ],
    "189": [
        248,
        137,
        12
    ],
    "190": [
        249,
        139,
        11
    ],
    "191": [
        249,
        140,
        10
    ],
    "192": [
        249,
        142,
        9
    ],
    "193": [
        250,
        144,
        8
    ],
    "194": [
        250,
        146,
        7
    ],
    "195": [
        250,
        148,
        7
    ],
    "196": [
        251,
        150,
        6
    ],
    "197": [
        251,
        151,
        6
    ],
    "198": [
        251,
        153,
        6
    ],
    "199": [
        251,
        155,
        6
    ],
    "200": [
        251,
        157,
        7
    ],
    "201": [
        252,
        159,
        7
    ],
    "202": [
        252,
        161,
        8
    ],
    "203": [
        252,
        163,
        9
    ],
    "204": [
        252,
        165,
        10
    ],
    "205": [
        252,
        166,
        12
    ],
    "206": [
        252,
        168,
        13
    ],
    "207": [
        252,
        170,
        15
    ],
    "208": [
        252,
        172,
        17
    ],
    "209": [
        252,
        174,
        18
    ],
    "210": [
        252,
        176,
        20
    ],
    "211": [
        252,
        178,
        22
    ],
    "212": [
        252,
        180,
        24
    ],
    "213": [
        251,
        182,
        26
    ],
    "214": [
        251,
        184,
        29
    ],
    "215": [
        251,
        186,
        31
    ],
    "216": [
        251,
        188,
        33
    ],
    "217": [
        251,
        190,
        35
    ],
    "218": [
        250,
        192,
        38
    ],
    "219": [
        250,
        194,
        40
    ],
    "220": [
        250,
        196,
        42
    ],
    "221": [
        250,
        198,
        45
    ],
    "222": [
        249,
        199,
        47
    ],
    "223": [
        249,
        201,
        50
    ],
    "224": [
        249,
        203,
        53
    ],
    "225": [
        248,
        205,
        55
    ],
    "226": [
        248,
        207,
        58
    ],
    "227": [
        247,
        209,
        61
    ],
    "228": [
        247,
        211,
        64
    ],
    "229": [
        246,
        213,
        67
    ],
    "230": [
        246,
        215,
        70
    ],
    "231": [
        245,
        217,
        73
    ],
    "232": [
        245,
        219,
        76
    ],
    "233": [
        244,
        221,
        79
    ],
    "234": [
        244,
        223,
        83
    ],
    "235": [
        244,
        225,
        86
    ],
    "236": [
        243,
        227,
        90
    ],
    "237": [
        243,
        229,
        93
    ],
    "238": [
        242,
        230,
        97
    ],
    "239": [
        242,
        232,
        101
    ],
    "240": [
        242,
        234,
        105
    ],
    "241": [
        241,
        236,
        109
    ],
    "242": [
        241,
        237,
        113
    ],
    "243": [
        241,
        239,
        117
    ],
    "244": [
        241,
        241,
        121
    ],
    "245": [
        242,
        242,
        125
    ],
    "246": [
        242,
        244,
        130
    ],
    "247": [
        243,
        245,
        134
    ],
    "248": [
        243,
        246,
        138
    ],
    "249": [
        244,
        248,
        142
    ],
    "250": [
        245,
        249,
        146
    ],
    "251": [
        246,
        250,
        150
    ],
    "252": [
        248,
        251,
        154
    ],
    "253": [
        249,
        252,
        157
    ],
    "254": [
        250,
        253,
        161
    ],
    "255": [
        252,
        255,
        164
    ]
}