{
    "0": [
        0,
        0,
        128
    ],
    "1": [
        0,
        0,
        132
    ],
    "2": [
        0,
        0,
        137
    ],
    "3": [
        0,
        0,
        141
    ],
    "4": [
        0,
        0,
        146
    ],
    "5": [
        0,
        0,
        150
    ],
    "6": [
        0,
        0,
        155
    ],
    "7": [
        0,
        0,
        159
    ],
    "8": [
        0,
        0,
        164
    ],
    "9": [
        0,
        0,
        168
    ],
    "10": [
        0,
        0,
        173
    ],
    "11": [
        0,
        0,
        178
    ],
    "12": [
        0,
        0,
        182
    ],
    "13": [
        0,
        0,
        187
    ],
    "14": [
        0,
        0,
        191
    ],
    "15": [
        0,
        0,
        196
    ],
    "16": [
        0,
        0,
        200
    ],
    "17": [
        0,
        0,
        205
    ],
    "18": [
        0,
        0,
        209
    ],
    "19": [
        0,
        0,
        214
    ],
    "20": [
        0,
        0,
        218
    ],
    "21": [
        0,
        0,
        223
    ],
    "22": [
        0,
        0,
        227
    ],
    "23": [
        0,
        0,
        232
    ],
    "24": [
        0,
        0,
        237
    ],
    "25": [
        0,
        0,
        241
    ],
    "26": [
        0,
        0,
        246
    ],
    "27": [
        0,
        0,
        250
    ],
    "28": [
        0,
        0,
        255
    ],
    "29": [
        0,
        0,
        255
    ],
    "30": [
        0,
        0,
        255
    ],
    "31": [
        0,
        0,
        255
    ],
    "32": [
        0,
        0,
        255
    ],
    "33": [
        0,
        4,
        255
    ],
    "34": [
        0,
        8,
        255
    ],
    "35": [
        0,
        12,
        255
    ],
    "36": [
        0,
        16,
        255
    ],
    "37": [
        0,
        20,
        255
    ],
    "38": [
        0,
        24,
        255
    ],
    "39": [
        0,
        28,
        255
    ],
    "40": [
        0,
        32,
        255
    ],
    "41": [
        0,
        36,
        255
    ],
    "42": [
        0,
        40,
        255
    ],
    "43": [
        0,
        44,
        255
    ],
    "44": [
        0,
        48,
        255
    ],
    "45": [
        0,
        52,
        255
    ],
    "46": [
        0,
        56,
        255
    ],
    "47": [
        0,
        60,
        255
    ],
    "48": [
        0,
        64,
        255
    ],
    "49": [
        0,
        68,
        255
    ],
    "50": [
        0,
        72,
        255
    ],
    "51": [
        0,
        76,
        255
    ],
    "52": [
        0,
        80,
        255
    ],
    "53": [
        0,
        84,
        255
    ],
    "54": [
        0,
        88,
        255
    ],
    "55": [
        0,
        92,
        255
    ],
    "56": [
        0,
        96,
        255
    ],
    "57": [
        0,
        100,
        255
    ],
    "58": [
        0,
        104,
        255
    ],
    "59": [
        0,
        108,
        255
    ],
    "60": [
        0,
        112,
        255
    ],
    "61": [
        0,
        116,
        255
    ],
    "62": [
        0,
        120,
        255
    ],
    "63": [
        0,
        124,
        255
    ],
    "64": [
        0,
        128,
        255
    ],
    "65": [
        0,
        132,
        255
    ],
    "66": [
        0,
        136,
        255
    ],
    "67": [
        0,
        140,
        255
    ],
    "68": [
        0,
        144,
        255
    ],
    "69": [
        0,
        148,
        255
    ],
    "70": [
        0,
        152,
        255
    ],
    "71": [
        0,
        156,
        255
    ],
    "72": [
        0,
        160,
        255
    ],
    "73": [
        0,
        164,
        255
    ],
    "74": [
        0,
        168,
        255
    ],
    "75": [
        0,
        172,
        255
    ],
    "76": [
        0,
        176,
        255
    ],
    "77": [
        0,
        180,
        255
    ],
    "78": [
        0,
        184,
        255
    ],
    "79": [
        0,
        188,
        255
    ],
    "80": [
        0,
        192,
        255
    ],
    "81": [
        0,
        196,
        255
    ],
    "82": [
        0,
        200,
        255
    ],
    "83": [
        0,
        204,
        255
    ],
    "84": [
        0,
        208,
        255
    ],
    "85": [
        0,
        212,
        255
    ],
    "86": [
        0,
        216,
        255
    ],
    "87": [
        0,
        220,
        254
    ],
    "88": [
        0,
        224,
        251
    ],
    "89": [
        0,
        228,
        248
    ],
    "90": [
        2,
        232,
        244
    ],
    "91": [
        6,
        236,
        241
    ],
    "92": [
        9,
        240,
        238
    ],
    "93": [
        12,
        244,
        235
    ],
    "94": [
        15,
        248,
        231
    ],
    "95": [
        19,
        252,
        228
    ],
    "96": [
        22,
        255,
        225
    ],
    "97": [
        25,
        255,
        222
    ],
    "98": [
        28,
        255,
        219
    ],
    "99": [
        31,
        255,
        215
    ],
    "100": [
        35,
        255,
        212
    ],
    "101": [
        38,
        255,
        209
    ],
    "102": [
        41,
        255,
        206
    ],
    "103": [
        44,
        255,
        202
    ],
    "104": [
        48,
        255,
        199
    ],
    "105": [
        51,
        255,
        196
    ],
    "106": [
        54,
        255,
        193
    ],
    "107": [
        57,
        255,
        190
    ],
    "108": [
        60,
        255,
        186
    ],
    "109": [
        64,
        255,
        183
    ],
    "110": [
        67,
        255,
        180
    ],
    "111": [
        70,
        255,
        177
    ],
    "112": [
        73,
        255,
        173
    ],
    "113": [
        77,
        255,
        170
    ],
    "114": [
        80,
        255,
        167
    ],
    "115": [
        83,
        255,
        164
    ],
    "116": [
        86,
        255,
        160
    ],
    "117": [
        90,
        255,
        157
    ],
    "118": [
        93,
        255,
        154
    ],
    "119": [
        96,
        255,
        151
    ],
    "120": [
        99,
        255,
        148
    ],
    "121": [
        102,
        255,
        144
    ],
    "122": [
        106,
        255,
        141
    ],
    "123": [
        109,
        255,
        138
    ],
    "124": [
        112,
        255,
        135
    ],
    "125": [
        115,
        255,
        131
    ],
    "126": [
        119,
        255,
        128
    ],
    "127": [
        122,
        255,
        125
    ],
    "128": [
        125,
        255,
        122
    ],
    "129": [
        128,
        255,
        119
    ],
    "130": [
        131,
        255,
        115
    ],
    "131": [
        135,
        255,
        112
    ],
    "132": [
        138,
        255,
        109
    ],
    "133": [
        141,
        255,
        106
    ],
    "134": [
        144,
        255,
        102
    ],
    "135": [
        148,
        255,
        99
    ],
    "136": [
        151,
        255,
        96
    ],
    "137": [
        154,
        255,
        93
    ],
    "138": [
        157,
        255,
        90
    ],
    "139": [
        160,
        255,
        86
    ],
    "140": [
        164,
        255,
        83
    ],
    "141": [
        167,
        255,
        80
    ],
    "142": [
        170,
        255,
        77
    ],
    "143": [
        173,
        255,
        73
    ],
    "144": [
        177,
        255,
        70
    ],
    "145": [
        180,
        255,
        67
    ],
    "146": [
        183,
        255,
        64
    ],
    "147": [
        186,
        255,
        60
    ],
    "148": [
        190,
        255,
        57
    ],
    "149": [
        193,
        255,
        54
    ],
    "150": [
        196,
        255,
        51
    ],
    "151": [
        199,
        255,
        48
    ],
    "152": [
        202,
        255,
        44
    ],
    "153": [
        206,
        255,
        41
    ],
    "154": [
        209,
        255,
        38
    ],
    "155": [
        212,
        255,
        35
    ],
    "156": [
        215,
        255,
        31
    ],
    "157": [
        219,
        255,
        28
    ],
    "158": [
        222,
        255,
        25
    ],
    "159": [
        225,
        255,
        22
    ],
    "160": [
        228,
        255,
        19
    ],
    "161": [
        231,
        255,
        15
    ],
    "162": [
        235,
        255,
        12
    ],
    "163": [
        238,
        255,
        9
    ],
    "164": [
        241,
        252,
        6
    ],
    "165": [
        244,
        248,
        2
    ],
    "166": [
        248,
        245,
        0
    ],
    "167": [
        251,
        241,
        0
    ],
    "168": [
        254,
        237,
        0
    ],
    "169": [
        255,
        234,
        0
    ],
    "170": [
        255,
        230,
        0
    ],
    "171": [
        255,
        226,
        0
    ],
    "172": [
        255,
        222,
        0
    ],
    "173": [
        255,
        219,
        0
    ],
    "174": [
        255,
        215,
        0
    ],
    "175": [
        255,
        211,
        0
    ],
    "176": [
        255,
        208,
        0
    ],
    "177": [
        255,
        204,
        0
    ],
    "178": [
        255,
        200,
        0
    ],
    "179": [
        255,
        196,
        0
    ],
    "180": [
        255,
        193,
        0
    ],
    "181": [
        255,
        189,
        0
    ],
    "182": [
        255,
        185,
        0
    ],
    "183": [
        255,
        182,
        0
    ],
    "184": [
        255,
        178,
        0
    ],
    "185": [
        255,
        174,
        0
    ],
    "186": [
        255,
        171,
        0
    ],
    "187": [
        255,
        167,
        0
    ],
    "188": [
        255,
        163,
        0
    ],
    "189": [
        255,
        159,
        0
    ],
    "190": [
        255,
        156,
        0
    ],
    "191": [
        255,
        152,
        0
    ],
    "192": [
        255,
        148,
        0
    ],
    "193": [
        255,
        145,
        0
    ],
    "194": [
        255,
        141,
        0
    ],
    "195": [
        255,
        137,
        0
    ],
    "196": [
        255,
        134,
        0
    ],
    "197": [
        255,
        130,
        0
    ],
    "198": [
        255,
        126,
        0
    ],
    "199": [
        255,
        122,
        0
    ],
    "200": [
        255,
        119,
        0
    ],
    "201": [
        255,
        115,
        0
    ],
    "202": [
        255,
        111,
        0
    ],
    "203": [
        255,
        108,
        0
    ],
    "204": [
        255,
        104,
        0
    ],
    "205": [
        255,
        100,
        0
    ],
    "206": [
        255,
        96,
        0
    ],
    "207": [
        255,
        93,
        0
    ],
    "208": [
        255,
        89,
        0
    ],
    "209": [
        255,
        85,
        0
    ],
    "210": [
        255,
        82,
        0
    ],
    "211": [
        255,
        78,
        0
    ],
    "212": [
        255,
        74,
        0
    ],
    "213": [
        255,
        71,
        0
    ],
    "214": [
        255,
        67,
        0
    ],
    "215": [
        255,
        63,
        0
    ],
    "216": [
        255,
        59,
        0
    ],
    "217": [
        255,
        56,
        0
    ],
    "218": [
        255,
        52,
        0
    ],
    "219": [
        255,
        48,
        0
    ],
    "220": [
        255,
        45,
        0
    ],
    "221": [
        255,
        41,
        0
    ],
    "222": [
        255,
        37,
        0
    ],
    "223": [
        255,
        34,
        0
    ],
    "224": [
        255,
        30,
        0
    ],
    "225": [
        255,
        26,
        0
    ],
    "226": [
        255,
        22,
        0
    ],
    "227": [
        255,
        19,
        0
    ],
    "228": [
        250,
        15,
        0
    ],
    "229": [
        246,
        11,
        0
    ],
    "230": [
        241,
        8,
        0
    ],
    "231": [
        237,
        4,
        0
    ],
    "232": [
        232,
        0,
        0
    ],
    "233": [
        228,
        0,
        0
    ],
    "234": [
        223,
        0,
        0
    ],
    "235": [
        218,
        0,
        0
    ],
    "236": [
        214,
        0,
        0
    ],
    "237": [
        209,
        0,
        0
    ],
    "238": [
        205,
        0,
        0
    ],
    "239": [
        200,
        0,
        0
    ],
    "240": [
        196,
        0,
        0
    ],
    "241": [
        191,
        0,
        0
    ],
    "242": [
        187,
        0,
        0
    ],
    "243": [
        182,
        0,
        0
    ],
    "244": [
        178,
        0,
        0
    ],
    "245": [
        173,
        0,
        0
    ],
    "246": [
        168,
        0,
        0
    ],
    "247": [
        164,
        0,
        0
    ],
    "248": [
        159,
        0,
        0
    ],
    "249": [
        155,
        0,
        0
    ],
    "250": [
        150,
        0,
        0
    ],
    "251": [
        146,
        0,
        0
    ],
    "252": [
        141,
        0,
        0
    ],
    "253": [
        137,
        0,
        0
    ],
    "254": [
        132,
        0,
        0
    ],
    "255": [
        128,
        0,
        0
    ]
}