{
    "0": [
        0,
        0,
        4
    ],
    "1": [
        1,
        0,
        5
    ],
    "2": [
        1,
        1,
        6
    ],
    "3": [
        1,
        1,
        8
    ],
    "4": [
        2,
        1,
        9
    ],
    "5": [
        2,
        2,
        11
    ],
    "6": [
        2,
        2,
        13
    ],
    "7": [
        3,
        3,
        15
    ],
    "8": [
        3,
        3,
        18
    ],
    "9": [
        4,
        4,
        20
    ],
    "10": [
        5,
        4,
        22
    ],
    "11": [
        6,
        5,
        24
    ],
    "12": [
        6,
        5,
        26
    ],
    "13": [
        7,
        6,
        28
    ],
    "14": [
        8,
        7,
        30
    ],
    "15": [
        9,
        7,
        32
    ],
    "16": [
        10,
        8,
        34
    ],
    "17": [
        11,
        9,
        36
    ],
    "18": [
        12,
        9,
        38
    ],
    "19": [
        13,
        10,
        41
    ],
    "20": [
        14,
        11,
        43
    ],
    "21": [
        16,
        11,
        45
    ],
    "22": [
        17,
        12,
        47
    ],
    "23": [
        18,
        13,
        49
    ],
    "24": [
        19,
        13,
        52
    ],
    "25": [
        20,
        14,
        54
    ],
    "26": [
        21,
        14,
        56
    ],
    "27": [
        22,
        15,
        59
    ],
    "28": [
        24,
        15,
        61
    ],
    "29": [
        25,
        16,
        63
    ],
    "30": [
        26,
        16,
        66
    ],
    "31": [
        28,
        16,
        68
    ],
    "32": [
        29,
        17,
        71
    ],
    "33": [
        30,
        17,
        73
    ],
    "34": [
        32,
        17,
        75
    ],
    "35": [
        33,
        17,
        78
    ],
    "36": [
        34,
        17,
        80
    ],
    "37": [
        36,
        18,
        83
    ],
    "38": [
        37,
        18,
        85
    ],
    "39": [
        39,
        18,
        88
    ],
    "40": [
        41,
        17,
        90
    ],
    "41": [
        42,
        17,
        92
    ],
    "42": [
        44,
        17,
        95
    ],
    "43": [
        45,
        17,
        97
    ],
    "44": [
        47,
        17,
        99
    ],
    "45": [
        49,
        17,
        101
    ],
    "46": [
        51,
        16,
        103
    ],
    "47": [
        52,
        16,
        105
    ],
    "48": [
        54,
        16,
        107
    ],
    "49": [
        56,
        16,
        108
    ],
    "50": [
        57,
        15,
        110
    ],
    "51": [
        59,
        15,
        112
    ],
    "52": [
        61,
        15,
        113
    ],
    "53": [
        63,
        15,
        114
    ],
    "54": [
        64,
        15,
        116
    ],
    "55": [
        66,
        15,
        117
    ],
    "56": [
        68,
        15,
        118
    ],
    "57": [
        69,
        16,
        119
    ],
    "58": [
        71,
        16,
        120
    ],
    "59": [
        73,
        16,
        120
    ],
    "60": [
        74,
        16,
        121
    ],
    "61": [
        76,
        17,
        122
    ],
    "62": [
        78,
        17,
        123
    ],
    "63": [
        79,
        18,
        123
    ],
    "64": [
        81,
        18,
        124
    ],
    "65": [
        82,
        19,
        124
    ],
    "66": [
        84,
        19,
        125
    ],
    "67": [
        86,
        20,
        125
    ],
    "68": [
        87,
        21,
        126
    ],
    "69": [
        89,
        21,
        126
    ],
    "70": [
        90,
        22,
        126
    ],
    "71": [
        92,
        22,
        127
    ],
    "72": [
        93,
        23,
        127
    ],
    "73": [
        95,
        24,
        127
    ],
    "74": [
        96,
        24,
        128
    ],
    "75": [
        98,
        25,
        128
    ],
    "76": [
        100,
        26,
        128
    ],
    "77": [
        101,
        26,
        128
    ],
    "78": [
        103,
        27,
        128
    ],
    "79": [
        104,
        28,
        129
    ],
    "80": [
        106,
        28,
        129
    ],
    "81": [
        107,
        29,
        129
    ],
    "82": [
        109,
        29,
        129
    ],
    "83": [
        110,
        30,
        129
    ],
    "84": [
        112,
        31,
        129
    ],
    "85": [
        114,
        31,
        129
    ],
    "86": [
        115,
        32,
        129
    ],
    "87": [
        117,
        33,
        129
    ],
    "88": [
        118,
        33,
        129
    ],
    "89": [
        120,
        34,
        129
    ],
    "90": [
        121,
        34,
        130
    ],
    "91": [
        123,
        35,
        130
    ],
    "92": [
        124,
        35,
        130
    ],
    "93": [
        126,
        36,
        130
    ],
    "94": [
        128,
        37,
        130
    ],
    "95": [
        129,
        37,
        129
    ],
    "96": [
        131,
        38,
        129
    ],
    "97": [
        132,
        38,
        129
    ],
    "98": [
        134,
        39,
        129
    ],
    "99": [
        136,
        39,
        129
    ],
    "100": [
        137,
        40,
        129
    ],
    "101": [
        139,
        41,
        129
    ],
    "102": [
        140,
        41,
        129
    ],
    "103": [
        142,
        42,
        129
    ],
    "104": [
        144,
        42,
        129
    ],
    "105": [
        145,
        43,
        129
    ],
    "106": [
        147,
        43,
        128
    ],
    "107": [
        148,
        44,
        128
    ],
    "108": [
        150,
        44,
        128
    ],
    "109": [
        152,
        45,
        128
    ],
    "110": [
        153,
        45,
        128
    ],
    "111": [
        155,
        46,
        127
    ],
    "112": [
        156,
        46,
        127
    ],
    "113": [
        158,
        47,
        127
    ],
    "114": [
        160,
        47,
        127
    ],
    "115": [
        161,
        48,
        126
    ],
    "116": [
        163,
        48,
        126
    ],
    "117": [
        165,
        49,
        126
    ],
    "118": [
        166,
        49,
        125
    ],
    "119": [
        168,
        50,
        125
    ],
    "120": [
        170,
        51,
        125
    ],
    "121": [
        171,
        51,
        124
    ],
    "122": [
        173,
        52,
        124
    ],
    "123": [
        174,
        52,
        123
    ],
    "124": [
        176,
        53,
        123
    ],
    "125": [
        178,
        53,
        123
    ],
    "126": [
        179,
        54,
        122
    ],
    "127": [
        181,
        54,
        122
    ],
    "128": [
        183,
        55,
        121
    ],
    "129": [
        184,
        55,
        121
    ],
    "130": [
        186,
        56,
        120
    ],
    "131": [
        188,
        57,
        120
    ],
    "132": [
        189,
        57,
        119
    ],
    "133": [
        191,
        58,
        119
    ],
    "134": [
        192,
        58,
        118
    ],
    "135": [
        194,
        59,
        117
    ],
    "136": [
        196,
        60,
        117
    ],
    "137": [
        197,
        60,
        116
    ],
    "138": [
        199,
        61,
        115
    ],
    "139": [
        200,
        62,
        115
    ],
    "140": [
        202,
        62,
        114
    ],
    "141": [
        204,
        63,
        113
    ],
    "142": [
        205,
        64,
        113
    ],
    "143": [
        207,
        64,
        112
    ],
    "144": [
        208,
        65,
        111
    ],
    "145": [
        210,
        66,
        111
    ],
    "146": [
        211,
        67,
        110
    ],
    "147": [
        213,
        68,
        109
    ],
    "148": [
        214,
        69,
        108
    ],
    "149": [
        216,
        69,
        108
    ],
    "150": [
        217,
        70,
        107
    ],
    "151": [
        219,
        71,
        106
    ],
    "152": [
        220,
        72,
        105
    ],
    "153": [
        222,
        73,
        104
    ],
    "154": [
        223,
        74,
        104
    ],
    "155": [
        224,
        76,
        103
    ],
    "156": [
        226,
        77,
        102
    ],
    "157": [
        227,
        78,
        101
    ],
    "158": [
        228,
        79,
        100
    ],
    "159": [
        229,
        80,
        100
    ],
    "160": [
        231,
        82,
        99
    ],
    "161": [
        232,
        83,
        98
    ],
    "162": [
        233,
        84,
        98
    ],
    "163": [
        234,
        86,
        97
    ],
    "164": [
        235,
        87,
        96
    ],
    "165": [
        236,
        88,
        96
    ],
    "166": [
        237,
        90,
        95
    ],
    "167": [
        238,
        91,
        94
    ],
    "168": [
        239,
        93,
        94
    ],
    "169": [
        240,
        95,
        94
    ],
    "170": [
        241,
        96,
        93
    ],
    "171": [
        242,
        98,
        93
    ],
    "172": [
        242,
        100,
        92
    ],
    "173": [
        243,
        101,
        92
    ],
    "174": [
        244,
        103,
        92
    ],
    "175": [
        244,
        105,
        92
    ],
    "176": [
        245,
        107,
        92
    ],
    "177": [
        246,
        108,
        92
    ],
    "178": [
        246,
        110,
        92
    ],
    "179": [
        247,
        112,
        92
    ],
    "180": [
        247,
        114,
        92
    ],
    "181": [
        248,
        116,
        92
    ],
    "182": [
        248,
        118,
        92
    ],
    "183": [
        249,
        120,
        93
    ],
    "184": [
        249,
        121,
        93
    ],
    "185": [
        249,
        123,
        93
    ],
    "186": [
        250,
        125,
        94
    ],
    "187": [
        250,
        127,
        94
    ],
    "188": [
        250,
        129,
        95
    ],
    "189": [
        251,
        131,
        95
    ],
    "190": [
        251,
        133,
        96
    ],
    "191": [
        251,
        135,
        97
    ],
    "192": [
        252,
        137,
        97
    ],
    "193": [
        252,
        138,
        98
    ],
    "194": [
        252,
        140,
        99
    ],
    "195": [
        252,
        142,
        100
    ],
    "196": [
        252,
        144,
        101
    ],
    "197": [
        253,
        146,
        102
    ],
    "198": [
        253,
        148,
        103
    ],
    "199": [
        253,
        150,
        104
    ],
    "200": [
        253,
        152,
        105
    ],
    "201": [
        253,
        154,
        106
    ],
    "202": [
        253,
        155,
        107
    ],
    "203": [
        254,
        157,
        108
    ],
    "204": [
        254,
        159,
        109
    ],
    "205": [
        254,
        161,
        110
    ],
    "206": [
        254,
        163,
        111
    ],
    "207": [
        254,
        165,
        113
    ],
    "208": [
        254,
        167,
        114
    ],
    "209": [
        254,
        169,
        115
    ],
    "210": [
        254,
        170,
        116
    ],
    "211": [
        254,
        172,
        118
    ],
    "212": [
        254,
        174,
        119
    ],
    "213": [
        254,
        176,
        120
    ],
    "214": [
        254,
        178,
        122
    ],
    "215": [
        254,
        180,
        123
    ],
    "216": [
        254,
        182,
        124
    ],
    "217": [
        254,
        183,
        126
    ],
    "218": [
        254,
        185,
        127
    ],
    "219": [
        254,
        187,
        129
    ],
    "220": [
        254,
        189,
        130
    ],
    "221": [
        254,
        191,
        132
    ],
    "222": [
        254,
        193,
        133
    ],
    "223": [
        254,
        194,
        135
    ],
    "224": [
        254,
        196,
        136
    ],
    "225": [
        254,
        198,
        138
    ],
    "226": [
        254,
        200,
        140
    ],
    "227": [
        254,
        202,
        141
    ],
    "228": [
        254,
        204,
        143
    ],
    "229": [
        254,
        205,
        144
    ],
    "230": [
        254,
        207,
        146
    ],
    "231": [
        254,
        209,
        148
    ],
    "232": [
        254,
        211,
        149
    ],
    "233": [
        254,
        213,
        151
    ],
    "234": [
        254,
        215,
        153
    ],
    "235": [
        254,
        216,
        154
    ],
    "236": [
        253,
        218,
        156
    ],
    "237": [
        253,
        220,
        158
    ],
    "238": [
        253,
        222,
        160
    ],
    "239": [
        253,
        224,
        161
    ],
    "240": [
        253,
        226,
        163
    ],
    "241": [
        253,
        227,
        165
    ],
    "242": [
        253,
        229,
        167
    ],
    "243": [
        253,
        231,
        169
    ],
    "244": [
        253,
        233,
        170
    ],
    "245": [
        253,
        235,
        172
    ],
    "246": [
        252,
        236,
        174
    ],
    "247": [
        252,
        238,
        176
    ],
    "248": [
        252,
        240,
        178
    ],
    "249": [
        252,
        242,
        180
    ],
    "250": [
        252,
        244,
        182
    ],
    "251": [
        252,
        246,
        184
    ],
    "252": [
        252,
        247,
        185
    ],
    "253": [
        252,
        249,
        187
    ],
    "254": [
        252,
        251,
        189
    ],
    "255": [
        252,
        253,
        191
    ]
}