{
    "0": [
        0,
        0,
        0
    ],
    "1": [
        9,
        0,
        11
    ],
    "2": [
        19,
        0,
        21
    ],
    "3": [
        28,
        0,
        32
    ],
    "4": [
        37,
        0,
        43
    ],
    "5": [
        47,
        0,
        53
    ],
    "6": [
        56,
        0,
        64
    ],
    "7": [
        65,
        0,
        75
    ],
    "8": [
        75,
        0,
        85
    ],
    "9": [
        84,
        0,
        96
    ],
    "10": [
        93,
        0,
        107
    ],
    "11": [
        103,
        0,
        117
    ],
    "12": [
        112,
        0,
        128
    ],
    "13": [
        119,
        0,
        136
    ],
    "14": [
        121,
        0,
        138
    ],
    "15": [
        122,
        0,
        139
    ],
    "16": [
        123,
        0,
        140
    ],
    "17": [
        125,
        0,
        142
    ],
    "18": [
        126,
        0,
        143
    ],
    "19": [
        127,
        0,
        144
    ],
    "20": [
        129,
        0,
        146
    ],
    "21": [
        130,
        0,
        147
    ],
    "22": [
        131,
        0,
        148
    ],
    "23": [
        133,
        0,
        150
    ],
    "24": [
        134,
        0,
        151
    ],
    "25": [
        135,
        0,
        152
    ],
    "26": [
        131,
        0,
        154
    ],
    "27": [
        120,
        0,
        155
    ],
    "28": [
        109,
        0,
        156
    ],
    "29": [
        99,
        0,
        158
    ],
    "30": [
        88,
        0,
        159
    ],
    "31": [
        77,
        0,
        160
    ],
    "32": [
        67,
        0,
        162
    ],
    "33": [
        56,
        0,
        163
    ],
    "34": [
        45,
        0,
        164
    ],
    "35": [
        35,
        0,
        166
    ],
    "36": [
        24,
        0,
        167
    ],
    "37": [
        13,
        0,
        168
    ],
    "38": [
        3,
        0,
        170
    ],
    "39": [
        0,
        0,
        173
    ],
    "40": [
        0,
        0,
        177
    ],
    "41": [
        0,
        0,
        181
    ],
    "42": [
        0,
        0,
        185
    ],
    "43": [
        0,
        0,
        189
    ],
    "44": [
        0,
        0,
        193
    ],
    "45": [
        0,
        0,
        197
    ],
    "46": [
        0,
        0,
        201
    ],
    "47": [
        0,
        0,
        205
    ],
    "48": [
        0,
        0,
        209
    ],
    "49": [
        0,
        0,
        213
    ],
    "50": [
        0,
        0,
        217
    ],
    "51": [
        0,
        0,
        221
    ],
    "52": [
        0,
        9,
        221
    ],
    "53": [
        0,
        19,
        221
    ],
    "54": [
        0,
        28,
        221
    ],
    "55": [
        0,
        37,
        221
    ],
    "56": [
        0,
        47,
        221
    ],
    "57": [
        0,
        56,
        221
    ],
    "58": [
        0,
        65,
        221
    ],
    "59": [
        0,
        75,
        221
    ],
    "60": [
        0,
        84,
        221
    ],
    "61": [
        0,
        93,
        221
    ],
    "62": [
        0,
        103,
        221
    ],
    "63": [
        0,
        112,
        221
    ],
    "64": [
        0,
        120,
        221
    ],
    "65": [
        0,
        122,
        221
    ],
    "66": [
        0,
        125,
        221
    ],
    "67": [
        0,
        128,
        221
    ],
    "68": [
        0,
        130,
        221
    ],
    "69": [
        0,
        133,
        221
    ],
    "70": [
        0,
        136,
        221
    ],
    "71": [
        0,
        138,
        221
    ],
    "72": [
        0,
        141,
        221
    ],
    "73": [
        0,
        144,
        221
    ],
    "74": [
        0,
        146,
        221
    ],
    "75": [
        0,
        149,
        221
    ],
    "76": [
        0,
        152,
        221
    ],
    "77": [
        0,
        154,
        219
    ],
    "78": [
        0,
        155,
        215
    ],
    "79": [
        0,
        156,
        211
    ],
    "80": [
        0,
        158,
        207
    ],
    "81": [
        0,
        159,
        203
    ],
    "82": [
        0,
        160,
        199
    ],
    "83": [
        0,
        162,
        195
    ],
    "84": [
        0,
        163,
        191
    ],
    "85": [
        0,
        164,
        187
    ],
    "86": [
        0,
        166,
        183
    ],
    "87": [
        0,
        167,
        179
    ],
    "88": [
        0,
        168,
        175
    ],
    "89": [
        0,
        170,
        171
    ],
    "90": [
        0,
        170,
        168
    ],
    "91": [
        0,
        170,
        165
    ],
    "92": [
        0,
        170,
        163
    ],
    "93": [
        0,
        170,
        160
    ],
    "94": [
        0,
        170,
        157
    ],
    "95": [
        0,
        170,
        155
    ],
    "96": [
        0,
        170,
        152
    ],
    "97": [
        0,
        170,
        149
    ],
    "98": [
        0,
        170,
        147
    ],
    "99": [
        0,
        170,
        144
    ],
    "100": [
        0,
        170,
        141
    ],
    "101": [
        0,
        170,
        139
    ],
    "102": [
        0,
        170,
        136
    ],
    "103": [
        0,
        169,
        125
    ],
    "104": [
        0,
        167,
        115
    ],
    "105": [
        0,
        166,
        104
    ],
    "106": [
        0,
        165,
        93
    ],
    "107": [
        0,
        163,
        83
    ],
    "108": [
        0,
        162,
        72
    ],
    "109": [
        0,
        161,
        61
    ],
    "110": [
        0,
        159,
        51
    ],
    "111": [
        0,
        158,
        40
    ],
    "112": [
        0,
        157,
        29
    ],
    "113": [
        0,
        155,
        19
    ],
    "114": [
        0,
        154,
        8
    ],
    "115": [
        0,
        154,
        0
    ],
    "116": [
        0,
        156,
        0
    ],
    "117": [
        0,
        159,
        0
    ],
    "118": [
        0,
        162,
        0
    ],
    "119": [
        0,
        164,
        0
    ],
    "120": [
        0,
        167,
        0
    ],
    "121": [
        0,
        170,
        0
    ],
    "122": [
        0,
        172,
        0
    ],
    "123": [
        0,
        175,
        0
    ],
    "124": [
        0,
        178,
        0
    ],
    "125": [
        0,
        180,
        0
    ],
    "126": [
        0,
        183,
        0
    ],
    "127": [
        0,
        186,
        0
    ],
    "128": [
        0,
        188,
        0
    ],
    "129": [
        0,
        191,
        0
    ],
    "130": [
        0,
        194,
        0
    ],
    "131": [
        0,
        196,
        0
    ],
    "132": [
        0,
        199,
        0
    ],
    "133": [
        0,
        202,
        0
    ],
    "134": [
        0,
        204,
        0
    ],
    "135": [
        0,
        207,
        0
    ],
    "136": [
        0,
        210,
        0
    ],
    "137": [
        0,
        212,
        0
    ],
    "138": [
        0,
        215,
        0
    ],
    "139": [
        0,
        218,
        0
    ],
    "140": [
        0,
        220,
        0
    ],
    "141": [
        0,
        223,
        0
    ],
    "142": [
        0,
        226,
        0
    ],
    "143": [
        0,
        228,
        0
    ],
    "144": [
        0,
        231,
        0
    ],
    "145": [
        0,
        234,
        0
    ],
    "146": [
        0,
        236,
        0
    ],
    "147": [
        0,
        239,
        0
    ],
    "148": [
        0,
        242,
        0
    ],
    "149": [
        0,
        244,
        0
    ],
    "150": [
        0,
        247,
        0
    ],
    "151": [
        0,
        250,
        0
    ],
    "152": [
        0,
        252,
        0
    ],
    "153": [
        0,
        255,
        0
    ],
    "154": [
        15,
        255,
        0
    ],
    "155": [
        29,
        255,
        0
    ],
    "156": [
        44,
        255,
        0
    ],
    "157": [
        59,
        255,
        0
    ],
    "158": [
        73,
        255,
        0
    ],
    "159": [
        88,
        255,
        0
    ],
    "160": [
        103,
        255,
        0
    ],
    "161": [
        117,
        255,
        0
    ],
    "162": [
        132,
        255,
        0
    ],
    "163": [
        147,
        255,
        0
    ],
    "164": [
        161,
        255,
        0
    ],
    "165": [
        176,
        255,
        0
    ],
    "166": [
        188,
        255,
        0
    ],
    "167": [
        192,
        253,
        0
    ],
    "168": [
        196,
        252,
        0
    ],
    "169": [
        200,
        251,
        0
    ],
    "170": [
        204,
        249,
        0
    ],
    "171": [
        208,
        248,
        0
    ],
    "172": [
        212,
        247,
        0
    ],
    "173": [
        216,
        245,
        0
    ],
    "174": [
        220,
        244,
        0
    ],
    "175": [
        224,
        243,
        0
    ],
    "176": [
        228,
        241,
        0
    ],
    "177": [
        232,
        240,
        0
    ],
    "178": [
        236,
        239,
        0
    ],
    "179": [
        239,
        237,
        0
    ],
    "180": [
        240,
        234,
        0
    ],
    "181": [
        241,
        231,
        0
    ],
    "182": [
        243,
        229,
        0
    ],
    "183": [
        244,
        226,
        0
    ],
    "184": [
        245,
        223,
        0
    ],
    "185": [
        247,
        221,
        0
    ],
    "186": [
        248,
        218,
        0
    ],
    "187": [
        249,
        215,
        0
    ],
    "188": [
        251,
        213,
        0
    ],
    "189": [
        252,
        210,
        0
    ],
    "190": [
        253,
        207,
        0
    ],
    "191": [
        255,
        205,
        0
    ],
    "192": [
        255,
        201,
        0
    ],
    "193": [
        255,
        197,
        0
    ],
    "194": [
        255,
        193,
        0
    ],
    "195": [
        255,
        189,
        0
    ],
    "196": [
        255,
        185,
        0
    ],
    "197": [
        255,
        181,
        0
    ],
    "198": [
        255,
        177,
        0
    ],
    "199": [
        255,
        173,
        0
    ],
    "200": [
        255,
        169,
        0
    ],
    "201": [
        255,
        165,
        0
    ],
    "202": [
        255,
        161,
        0
    ],
    "203": [
        255,
        157,
        0
    ],
    "204": [
        255,
        153,
        0
    ],
    "205": [
        255,
        141,
        0
    ],
    "206": [
        255,
        129,
        0
    ],
    "207": [
        255,
        117,
        0
    ],
    "208": [
        255,
        105,
        0
    ],
    "209": [
        255,
        93,
        0
    ],
    "210": [
        255,
        81,
        0
    ],
    "211": [
        255,
        69,
        0
    ],
    "212": [
        255,
        57,
        0
    ],
    "213": [
        255,
        45,
        0
    ],
    "214": [
        255,
        33,
        0
    ],
    "215": [
        255,
        21,
        0
    ],
    "216": [
        255,
        9,
        0
    ],
    "217": [
        254,
        0,
        0
    ],
    "218": [
        252,
        0,
        0
    ],
    "219": [
        249,
        0,
        0
    ],
    "220": [
        246,
        0,
        0
    ],
    "221": [
        244,
        0,
        0
    ],
    "222": [
        241,
        0,
        0
    ],
    "223": [
        238,
        0,
        0
    ],
    "224": [
        236,
        0,
        0
    ],
    "225": [
        233,
        0,
        0
    ],
    "226": [
        230,
        0,
        0
    ],
    "227": [
        228,
        0,
        0
    ],
    "228": [
        225,
        0,
        0
    ],
    "229": [
        222,
        0,
        0
    ],
    "230": [
        220,
        0,
        0
    ],
    "231": [
        219,
        0,
        0
    ],
    "232": [
        218,
        0,
        0
    ],
    "233": [
        216,
        0,
        0
    ],
    "234": [
        215,
        0,
        0
    ],
    "235": [
        214,
        0,
        0
    ],
    "236": [
        212,
        0,
        0
    ],
    "237": [
        211,
        0,
        0
    ],
    "238": [
        210,
        0,
        0
    ],
    "239": [
        208,
        0,
        0
    ],
    "240": [
        207,
        0,
        0
    ],
    "241": [
        206,
        0,
        0
    ],
    "242": [
        204,
        0,
        0
    ],
    "243": [
        204,
        12,
        12
    ],
    "244": [
        204,
        28,
        28
    ],
    "245": [
        204,
        44,
        44
    ],
    "246": [
        204,
        60,
        60
    ],
    "247": [
        204,
        76,
        76
    ],
    "248": [
        204,
        92,
        92
    ],
    "249": [
        204,
        108,
        108
    ],
    "250": [
        204,
        124,
        124
    ],
    "251": [
        204,
        140,
        140
    ],
    "252": [
        204,
        156,
        156
    ],
    "253": [
        204,
        172,
        172
    ],
    "254": [
        204,
        188,
        188
    ],
    "255": [
        204,
        204,
        204
    ]
}