{
    "0": [
        0,
        128,
        0
    ],
    "1": [
        0,
        126,
        1
    ],
    "2": [
        0,
        124,
        2
    ],
    "3": [
        0,
        123,
        3
    ],
    "4": [
        0,
        122,
        4
    ],
    "5": [
        0,
        120,
        5
    ],
    "6": [
        0,
        118,
        6
    ],
    "7": [
        0,
        117,
        7
    ],
    "8": [
        0,
        116,
        8
    ],
    "9": [
        0,
        114,
        9
    ],
    "10": [
        0,
        112,
        10
    ],
    "11": [
        0,
        111,
        11
    ],
    "12": [
        0,
        110,
        12
    ],
    "13": [
        0,
        108,
        13
    ],
    "14": [
        0,
        106,
        14
    ],
    "15": [
        0,
        105,
        15
    ],
    "16": [
        0,
        104,
        16
    ],
    "17": [
        0,
        102,
        17
    ],
    "18": [
        0,
        100,
        18
    ],
    "19": [
        0,
        99,
        19
    ],
    "20": [
        0,
        98,
        20
    ],
    "21": [
        0,
        96,
        21
    ],
    "22": [
        0,
        94,
        22
    ],
    "23": [
        0,
        93,
        23
    ],
    "24": [
        0,
        92,
        24
    ],
    "25": [
        0,
        90,
        25
    ],
    "26": [
        0,
        88,
        26
    ],
    "27": [
        0,
        87,
        27
    ],
    "28": [
        0,
        86,
        28
    ],
    "29": [
        0,
        84,
        29
    ],
    "30": [
        0,
        82,
        30
    ],
    "31": [
        0,
        81,
        31
    ],
    "32": [
        0,
        80,
        32
    ],
    "33": [
        0,
        78,
        33
    ],
    "34": [
        0,
        76,
        34
    ],
    "35": [
        0,
        75,
        35
    ],
    "36": [
        0,
        74,
        36
    ],
    "37": [
        0,
        72,
        37
    ],
    "38": [
        0,
        70,
        38
    ],
    "39": [
        0,
        69,
        39
    ],
    "40": [
        0,
        68,
        40
    ],
    "41": [
        0,
        66,
        41
    ],
    "42": [
        0,
        64,
        42
    ],
    "43": [
        0,
        63,
        43
    ],
    "44": [
        0,
        62,
        44
    ],
    "45": [
        0,
        60,
        45
    ],
    "46": [
        0,
        59,
        46
    ],
    "47": [
        0,
        57,
        47
    ],
    "48": [
        0,
        56,
        48
    ],
    "49": [
        0,
        54,
        49
    ],
    "50": [
        0,
        52,
        50
    ],
    "51": [
        0,
        51,
        51
    ],
    "52": [
        0,
        49,
        52
    ],
    "53": [
        0,
        48,
        53
    ],
    "54": [
        0,
        47,
        54
    ],
    "55": [
        0,
        45,
        55
    ],
    "56": [
        0,
        44,
        56
    ],
    "57": [
        0,
        42,
        57
    ],
    "58": [
        0,
        40,
        58
    ],
    "59": [
        0,
        39,
        59
    ],
    "60": [
        0,
        38,
        60
    ],
    "61": [
        0,
        36,
        61
    ],
    "62": [
        0,
        35,
        62
    ],
    "63": [
        0,
        33,
        63
    ],
    "64": [
        0,
        32,
        64
    ],
    "65": [
        0,
        30,
        65
    ],
    "66": [
        0,
        29,
        66
    ],
    "67": [
        0,
        27,
        67
    ],
    "68": [
        0,
        25,
        68
    ],
    "69": [
        0,
        24,
        69
    ],
    "70": [
        0,
        22,
        70
    ],
    "71": [
        0,
        21,
        71
    ],
    "72": [
        0,
        20,
        72
    ],
    "73": [
        0,
        18,
        73
    ],
    "74": [
        0,
        17,
        74
    ],
    "75": [
        0,
        15,
        75
    ],
    "76": [
        0,
        14,
        76
    ],
    "77": [
        0,
        12,
        77
    ],
    "78": [
        0,
        10,
        78
    ],
    "79": [
        0,
        9,
        79
    ],
    "80": [
        0,
        8,
        80
    ],
    "81": [
        0,
        6,
        81
    ],
    "82": [
        0,
        5,
        82
    ],
    "83": [
        0,
        3,
        83
    ],
    "84": [
        0,
        1,
        84
    ],
    "85": [
        0,
        0,
        85
    ],
    "86": [
        0,
        1,
        86
    ],
    "87": [
        0,
        3,
        87
    ],
    "88": [
        0,
        4,
        88
    ],
    "89": [
        0,
        6,
        89
    ],
    "90": [
        0,
        7,
        90
    ],
    "91": [
        0,
        9,
        91
    ],
    "92": [
        0,
        10,
        92
    ],
    "93": [
        0,
        12,
        93
    ],
    "94": [
        0,
        14,
        94
    ],
    "95": [
        0,
        15,
        95
    ],
    "96": [
        0,
        16,
        96
    ],
    "97": [
        0,
        18,
        97
    ],
    "98": [
        0,
        19,
        98
    ],
    "99": [
        0,
        21,
        99
    ],
    "100": [
        0,
        23,
        100
    ],
    "101": [
        0,
        24,
        101
    ],
    "102": [
        0,
        26,
        102
    ],
    "103": [
        0,
        27,
        103
    ],
    "104": [
        0,
        29,
        104
    ],
    "105": [
        0,
        30,
        105
    ],
    "106": [
        0,
        32,
        106
    ],
    "107": [
        0,
        33,
        107
    ],
    "108": [
        0,
        34,
        108
    ],
    "109": [
        0,
        36,
        109
    ],
    "110": [
        0,
        38,
        110
    ],
    "111": [
        0,
        39,
        111
    ],
    "112": [
        0,
        40,
        112
    ],
    "113": [
        0,
        42,
        113
    ],
    "114": [
        0,
        43,
        114
    ],
    "115": [
        0,
        45,
        115
    ],
    "116": [
        0,
        47,
        116
    ],
    "117": [
        0,
        48,
        117
    ],
    "118": [
        0,
        49,
        118
    ],
    "119": [
        0,
        51,
        119
    ],
    "120": [
        0,
        52,
        120
    ],
    "121": [
        0,
        54,
        121
    ],
    "122": [
        0,
        55,
        122
    ],
    "123": [
        0,
        57,
        123
    ],
    "124": [
        0,
        58,
        124
    ],
    "125": [
        0,
        60,
        125
    ],
    "126": [
        0,
        62,
        126
    ],
    "127": [
        0,
        63,
        127
    ],
    "128": [
        0,
        64,
        128
    ],
    "129": [
        0,
        66,
        129
    ],
    "130": [
        0,
        67,
        130
    ],
    "131": [
        0,
        69,
        131
    ],
    "132": [
        0,
        70,
        132
    ],
    "133": [
        0,
        72,
        133
    ],
    "134": [
        0,
        74,
        134
    ],
    "135": [
        0,
        75,
        135
    ],
    "136": [
        0,
        77,
        136
    ],
    "137": [
        0,
        78,
        137
    ],
    "138": [
        0,
        80,
        138
    ],
    "139": [
        0,
        81,
        139
    ],
    "140": [
        0,
        83,
        140
    ],
    "141": [
        0,
        84,
        141
    ],
    "142": [
        0,
        86,
        142
    ],
    "143": [
        0,
        87,
        143
    ],
    "144": [
        0,
        88,
        144
    ],
    "145": [
        0,
        90,
        145
    ],
    "146": [
        0,
        91,
        146
    ],
    "147": [
        0,
        93,
        147
    ],
    "148": [
        0,
        94,
        148
    ],
    "149": [
        0,
        96,
        149
    ],
    "150": [
        0,
        98,
        150
    ],
    "151": [
        0,
        99,
        151
    ],
    "152": [
        0,
        100,
        152
    ],
    "153": [
        0,
        102,
        153
    ],
    "154": [
        0,
        103,
        154
    ],
    "155": [
        0,
        105,
        155
    ],
    "156": [
        0,
        107,
        156
    ],
    "157": [
        0,
        108,
        157
    ],
    "158": [
        0,
        110,
        158
    ],
    "159": [
        0,
        111,
        159
    ],
    "160": [
        0,
        112,
        160
    ],
    "161": [
        0,
        114,
        161
    ],
    "162": [
        0,
        115,
        162
    ],
    "163": [
        0,
        117,
        163
    ],
    "164": [
        0,
        118,
        164
    ],
    "165": [
        0,
        120,
        165
    ],
    "166": [
        0,
        122,
        166
    ],
    "167": [
        0,
        123,
        167
    ],
    "168": [
        0,
        125,
        168
    ],
    "169": [
        0,
        126,
        169
    ],
    "170": [
        0,
        128,
        170
    ],
    "171": [
        3,
        129,
        171
    ],
    "172": [
        6,
        130,
        172
    ],
    "173": [
        9,
        132,
        173
    ],
    "174": [
        12,
        133,
        174
    ],
    "175": [
        15,
        135,
        175
    ],
    "176": [
        18,
        136,
        176
    ],
    "177": [
        21,
        138,
        177
    ],
    "178": [
        24,
        139,
        178
    ],
    "179": [
        27,
        141,
        179
    ],
    "180": [
        30,
        142,
        180
    ],
    "181": [
        33,
        144,
        181
    ],
    "182": [
        36,
        146,
        182
    ],
    "183": [
        39,
        147,
        183
    ],
    "184": [
        42,
        148,
        184
    ],
    "185": [
        45,
        150,
        185
    ],
    "186": [
        48,
        151,
        186
    ],
    "187": [
        51,
        153,
        187
    ],
    "188": [
        54,
        155,
        188
    ],
    "189": [
        57,
        156,
        189
    ],
    "190": [
        60,
        158,
        190
    ],
    "191": [
        63,
        159,
        191
    ],
    "192": [
        66,
        160,
        192
    ],
    "193": [
        69,
        162,
        193
    ],
    "194": [
        72,
        163,
        194
    ],
    "195": [
        75,
        165,
        195
    ],
    "196": [
        78,
        166,
        196
    ],
    "197": [
        81,
        168,
        197
    ],
    "198": [
        84,
        170,
        198
    ],
    "199": [
        87,
        171,
        199
    ],
    "200": [
        90,
        172,
        200
    ],
    "201": [
        93,
        174,
        201
    ],
    "202": [
        96,
        176,
        202
    ],
    "203": [
        99,
        177,
        203
    ],
    "204": [
        102,
        179,
        204
    ],
    "205": [
        105,
        180,
        205
    ],
    "206": [
        108,
        182,
        206
    ],
    "207": [
        111,
        183,
        207
    ],
    "208": [
        114,
        185,
        208
    ],
    "209": [
        117,
        186,
        209
    ],
    "210": [
        120,
        188,
        210
    ],
    "211": [
        123,
        189,
        211
    ],
    "212": [
        126,
        190,
        212
    ],
    "213": [
        129,
        192,
        213
    ],
    "214": [
        132,
        194,
        214
    ],
    "215": [
        135,
        195,
        215
    ],
    "216": [
        138,
        196,
        216
    ],
    "217": [
        141,
        198,
        217
    ],
    "218": [
        144,
        199,
        218
    ],
    "219": [
        147,
        201,
        219
    ],
    "220": [
        150,
        203,
        220
    ],
    "221": [
        153,
        204,
        221
    ],
    "222": [
        156,
        206,
        222
    ],
    "223": [
        159,
        207,
        223
    ],
    "224": [
        162,
        208,
        224
    ],
    "225": [
        165,
        210,
        225
    ],
    "226": [
        168,
        211,
        226
    ],
    "227": [
        171,
        213,
        227
    ],
    "228": [
        174,
        214,
        228
    ],
    "229": [
        177,
        216,
        229
    ],
    "230": [
        180,
        218,
        230
    ],
    "231": [
        183,
        219,
        231
    ],
    "232": [
        186,
        220,
        232
    ],
    "233": [
        189,
        222,
        233
    ],
    "234": [
        192,
        224,
        234
    ],
    "235": [
        195,
        225,
        235
    ],
    "236": [
        198,
        226,
        236
    ],
    "237": [
        201,
        228,
        237
    ],
    "238": [
        204,
        229,
        238
    ],
    "239": [
        207,
        231,
        239
    ],
    "240": [
        210,
        232,
        240
    ],
    "241": [
        213,
        234,
        241
    ],
    "242": [
        216,
        235,
        242
    ],
    "243": [
        219,
        237,
        243
    ],
    "244": [
        222,
        238,
        244
    ],
    "245": [
        225,
        240,
        245
    ],
    "246": [
        228,
        242,
        246
    ],
    "247": [
        231,
        243,
        247
    ],
    "248": [
        234,
        244,
        248
    ],
    "249": [
        237,
        246,
        249
    ],
    "250": [
        240,
        247,
        250
    ],
    "251": [
        243,
        249,
        251
    ],
    "252": [
        246,
        251,
        252
    ],
    "253": [
        249,
        252,
        253
    ],
    "254": [
        252,
        254,
        254
    ],
    "255": [
        255,
        255,
        255
    ]
}