{
    "0": [
        255,
        245,
        235
    ],
    "1": [
        255,
        245,
        234
    ],
    "2": [
        255,
        244,
        233
    ],
    "3": [
        255,
        244,
        232
    ],
    "4": [
        255,
        243,
        231
    ],
    "5": [
        255,
        243,
        230
    ],
    "6": [
        255,
        242,
        230
    ],
    "7": [
        255,
        242,
        229
    ],
    "8": [
        255,
        241,
        228
    ],
    "9": [
        255,
        241,
        227
    ],
    "10": [
        255,
        240,
        226
    ],
    "11": [
        255,
        240,
        225
    ],
    "12": [
        255,
        239,
        224
    ],
    "13": [
        255,
        239,
        223
    ],
    "14": [
        255,
        238,
        222
    ],
    "15": [
        255,
        238,
        221
    ],
    "16": [
        254,
        237,
        220
    ],
    "17": [
        254,
        237,
        220
    ],
    "18": [
        254,
        237,
        219
    ],
    "19": [
        254,
        236,
        218
    ],
    "20": [
        254,
        236,
        217
    ],
    "21": [
        254,
        235,
        216
    ],
    "22": [
        254,
        235,
        215
    ],
    "23": [
        254,
        234,
        214
    ],
    "24": [
        254,
        234,
        213
    ],
    "25": [
        254,
        233,
        212
    ],
    "26": [
        254,
        233,
        211
    ],
    "27": [
        254,
        232,
        210
    ],
    "28": [
        254,
        232,
        210
    ],
    "29": [
        254,
        231,
        209
    ],
    "30": [
        254,
        231,
        208
    ],
    "31": [
        254,
        230,
        207
    ],
    "32": [
        254,
        230,
        206
    ],
    "33": [
        254,
        229,
        204
    ],
    "34": [
        254,
        229,
        203
    ],
    "35": [
        254,
        228,
        202
    ],
    "36": [
        254,
        227,
        200
    ],
    "37": [
        254,
        226,
        199
    ],
    "38": [
        254,
        226,
        198
    ],
    "39": [
        254,
        225,
        196
    ],
    "40": [
        254,
        224,
        195
    ],
    "41": [
        254,
        224,
        193
    ],
    "42": [
        254,
        223,
        192
    ],
    "43": [
        254,
        222,
        191
    ],
    "44": [
        254,
        222,
        189
    ],
    "45": [
        254,
        221,
        188
    ],
    "46": [
        254,
        220,
        187
    ],
    "47": [
        254,
        220,
        185
    ],
    "48": [
        253,
        219,
        184
    ],
    "49": [
        253,
        218,
        182
    ],
    "50": [
        253,
        217,
        181
    ],
    "51": [
        253,
        217,
        180
    ],
    "52": [
        253,
        216,
        178
    ],
    "53": [
        253,
        215,
        177
    ],
    "54": [
        253,
        215,
        175
    ],
    "55": [
        253,
        214,
        174
    ],
    "56": [
        253,
        213,
        173
    ],
    "57": [
        253,
        213,
        171
    ],
    "58": [
        253,
        212,
        170
    ],
    "59": [
        253,
        211,
        169
    ],
    "60": [
        253,
        211,
        167
    ],
    "61": [
        253,
        210,
        166
    ],
    "62": [
        253,
        209,
        164
    ],
    "63": [
        253,
        209,
        163
    ],
    "64": [
        253,
        208,
        162
    ],
    "65": [
        253,
        207,
        160
    ],
    "66": [
        253,
        206,
        158
    ],
    "67": [
        253,
        205,
        156
    ],
    "68": [
        253,
        203,
        155
    ],
    "69": [
        253,
        202,
        153
    ],
    "70": [
        253,
        201,
        151
    ],
    "71": [
        253,
        200,
        149
    ],
    "72": [
        253,
        199,
        148
    ],
    "73": [
        253,
        198,
        146
    ],
    "74": [
        253,
        197,
        144
    ],
    "75": [
        253,
        196,
        143
    ],
    "76": [
        253,
        195,
        141
    ],
    "77": [
        253,
        194,
        139
    ],
    "78": [
        253,
        193,
        137
    ],
    "79": [
        253,
        192,
        136
    ],
    "80": [
        253,
        191,
        134
    ],
    "81": [
        253,
        190,
        132
    ],
    "82": [
        253,
        189,
        131
    ],
    "83": [
        253,
        187,
        129
    ],
    "84": [
        253,
        186,
        127
    ],
    "85": [
        253,
        185,
        125
    ],
    "86": [
        253,
        184,
        124
    ],
    "87": [
        253,
        183,
        122
    ],
    "88": [
        253,
        182,
        120
    ],
    "89": [
        253,
        181,
        118
    ],
    "90": [
        253,
        180,
        117
    ],
    "91": [
        253,
        179,
        115
    ],
    "92": [
        253,
        178,
        113
    ],
    "93": [
        253,
        177,
        112
    ],
    "94": [
        253,
        176,
        110
    ],
    "95": [
        253,
        175,
        108
    ],
    "96": [
        253,
        174,
        106
    ],
    "97": [
        253,
        173,
        105
    ],
    "98": [
        253,
        172,
        103
    ],
    "99": [
        253,
        171,
        102
    ],
    "100": [
        253,
        169,
        101
    ],
    "101": [
        253,
        168,
        99
    ],
    "102": [
        253,
        167,
        98
    ],
    "103": [
        253,
        166,
        96
    ],
    "104": [
        253,
        165,
        95
    ],
    "105": [
        253,
        164,
        93
    ],
    "106": [
        253,
        163,
        92
    ],
    "107": [
        253,
        162,
        90
    ],
    "108": [
        253,
        161,
        89
    ],
    "109": [
        253,
        160,
        87
    ],
    "110": [
        253,
        159,
        86
    ],
    "111": [
        253,
        158,
        84
    ],
    "112": [
        253,
        157,
        83
    ],
    "113": [
        253,
        156,
        81
    ],
    "114": [
        253,
        155,
        80
    ],
    "115": [
        253,
        154,
        78
    ],
    "116": [
        253,
        153,
        77
    ],
    "117": [
        253,
        152,
        75
    ],
    "118": [
        253,
        151,
        74
    ],
    "119": [
        253,
        150,
        73
    ],
    "120": [
        253,
        149,
        71
    ],
    "121": [
        253,
        148,
        70
    ],
    "122": [
        253,
        147,
        68
    ],
    "123": [
        253,
        146,
        67
    ],
    "124": [
        253,
        145,
        65
    ],
    "125": [
        253,
        144,
        64
    ],
    "126": [
        253,
        143,
        62
    ],
    "127": [
        253,
        142,
        61
    ],
    "128": [
        253,
        140,
        59
    ],
    "129": [
        252,
        139,
        58
    ],
    "130": [
        252,
        138,
        57
    ],
    "131": [
        252,
        137,
        55
    ],
    "132": [
        251,
        136,
        54
    ],
    "133": [
        251,
        135,
        53
    ],
    "134": [
        251,
        134,
        52
    ],
    "135": [
        250,
        133,
        50
    ],
    "136": [
        250,
        131,
        49
    ],
    "137": [
        249,
        130,
        48
    ],
    "138": [
        249,
        129,
        46
    ],
    "139": [
        249,
        128,
        45
    ],
    "140": [
        248,
        127,
        44
    ],
    "141": [
        248,
        126,
        43
    ],
    "142": [
        248,
        125,
        41
    ],
    "143": [
        247,
        123,
        40
    ],
    "144": [
        247,
        122,
        39
    ],
    "145": [
        246,
        121,
        37
    ],
    "146": [
        246,
        120,
        36
    ],
    "147": [
        246,
        119,
        35
    ],
    "148": [
        245,
        118,
        34
    ],
    "149": [
        245,
        117,
        32
    ],
    "150": [
        245,
        116,
        31
    ],
    "151": [
        244,
        114,
        30
    ],
    "152": [
        244,
        113,
        28
    ],
    "153": [
        243,
        112,
        27
    ],
    "154": [
        243,
        111,
        26
    ],
    "155": [
        243,
        110,
        25
    ],
    "156": [
        242,
        109,
        23
    ],
    "157": [
        242,
        108,
        22
    ],
    "158": [
        242,
        107,
        21
    ],
    "159": [
        241,
        105,
        19
    ],
    "160": [
        241,
        104,
        19
    ],
    "161": [
        240,
        103,
        18
    ],
    "162": [
        239,
        102,
        18
    ],
    "163": [
        238,
        101,
        17
    ],
    "164": [
        238,
        100,
        16
    ],
    "165": [
        237,
        99,
        16
    ],
    "166": [
        236,
        98,
        15
    ],
    "167": [
        235,
        97,
        15
    ],
    "168": [
        235,
        96,
        14
    ],
    "169": [
        234,
        95,
        14
    ],
    "170": [
        233,
        94,
        13
    ],
    "171": [
        232,
        93,
        12
    ],
    "172": [
        231,
        92,
        12
    ],
    "173": [
        231,
        91,
        11
    ],
    "174": [
        230,
        90,
        11
    ],
    "175": [
        229,
        89,
        10
    ],
    "176": [
        228,
        88,
        10
    ],
    "177": [
        228,
        87,
        9
    ],
    "178": [
        227,
        86,
        8
    ],
    "179": [
        226,
        85,
        8
    ],
    "180": [
        225,
        84,
        7
    ],
    "181": [
        225,
        83,
        7
    ],
    "182": [
        224,
        82,
        6
    ],
    "183": [
        223,
        81,
        6
    ],
    "184": [
        222,
        80,
        5
    ],
    "185": [
        222,
        78,
        5
    ],
    "186": [
        221,
        77,
        4
    ],
    "187": [
        220,
        76,
        3
    ],
    "188": [
        219,
        75,
        3
    ],
    "189": [
        219,
        74,
        2
    ],
    "190": [
        218,
        73,
        2
    ],
    "191": [
        217,
        72,
        1
    ],
    "192": [
        216,
        72,
        1
    ],
    "193": [
        214,
        71,
        1
    ],
    "194": [
        213,
        70,
        1
    ],
    "195": [
        211,
        70,
        1
    ],
    "196": [
        209,
        69,
        1
    ],
    "197": [
        208,
        69,
        1
    ],
    "198": [
        206,
        68,
        1
    ],
    "199": [
        205,
        68,
        1
    ],
    "200": [
        203,
        67,
        2
    ],
    "201": [
        201,
        66,
        2
    ],
    "202": [
        200,
        66,
        2
    ],
    "203": [
        198,
        65,
        2
    ],
    "204": [
        197,
        65,
        2
    ],
    "205": [
        195,
        64,
        2
    ],
    "206": [
        193,
        64,
        2
    ],
    "207": [
        192,
        63,
        2
    ],
    "208": [
        190,
        63,
        2
    ],
    "209": [
        189,
        62,
        2
    ],
    "210": [
        187,
        61,
        2
    ],
    "211": [
        185,
        61,
        2
    ],
    "212": [
        184,
        60,
        2
    ],
    "213": [
        182,
        60,
        2
    ],
    "214": [
        181,
        59,
        2
    ],
    "215": [
        179,
        59,
        2
    ],
    "216": [
        177,
        58,
        3
    ],
    "217": [
        176,
        57,
        3
    ],
    "218": [
        174,
        57,
        3
    ],
    "219": [
        173,
        56,
        3
    ],
    "220": [
        171,
        56,
        3
    ],
    "221": [
        169,
        55,
        3
    ],
    "222": [
        168,
        55,
        3
    ],
    "223": [
        166,
        54,
        3
    ],
    "224": [
        165,
        54,
        3
    ],
    "225": [
        164,
        53,
        3
    ],
    "226": [
        162,
        53,
        3
    ],
    "227": [
        161,
        52,
        3
    ],
    "228": [
        160,
        52,
        3
    ],
    "229": [
        159,
        51,
        3
    ],
    "230": [
        158,
        51,
        3
    ],
    "231": [
        156,
        50,
        3
    ],
    "232": [
        155,
        50,
        3
    ],
    "233": [
        154,
        49,
        3
    ],
    "234": [
        153,
        49,
        3
    ],
    "235": [
        151,
        48,
        3
    ],
    "236": [
        150,
        48,
        3
    ],
    "237": [
        149,
        47,
        3
    ],
    "238": [
        148,
        47,
        3
    ],
    "239": [
        147,
        47,
        3
    ],
    "240": [
        145,
        46,
        4
    ],
    "241": [
        144,
        46,
        4
    ],
    "242": [
        143,
        45,
        4
    ],
    "243": [
        142,
        45,
        4
    ],
    "244": [
        140,
        44,
        4
    ],
    "245": [
        139,
        44,
        4
    ],
    "246": [
        138,
        43,
        4
    ],
    "247": [
        137,
        43,
        4
    ],
    "248": [
        136,
        42,
        4
    ],
    "249": [
        134,
        42,
        4
    ],
    "250": [
        133,
        41,
        4
    ],
    "251": [
        132,
        41,
        4
    ],
    "252": [
        131,
        40,
        4
    ],
    "253": [
        129,
        40,
        4
    ],
    "254": [
        128,
        39,
        4
    ],
    "255": [
        127,
        39,
        4
    ]
}