{
    "0": [
        255,
        247,
        236
    ],
    "1": [
        255,
        247,
        235
    ],
    "2": [
        255,
        246,
        234
    ],
    "3": [
        255,
        246,
        233
    ],
    "4": [
        255,
        245,
        231
    ],
    "5": [
        255,
        245,
        230
    ],
    "6": [
        255,
        244,
        229
    ],
    "7": [
        255,
        244,
        228
    ],
    "8": [
        255,
        243,
        227
    ],
    "9": [
        255,
        243,
        226
    ],
    "10": [
        255,
        242,
        225
    ],
    "11": [
        255,
        242,
        224
    ],
    "12": [
        255,
        241,
        222
    ],
    "13": [
        255,
        241,
        221
    ],
    "14": [
        255,
        240,
        220
    ],
    "15": [
        255,
        240,
        219
    ],
    "16": [
        254,
        239,
        218
    ],
    "17": [
        254,
        239,
        217
    ],
    "18": [
        254,
        239,
        216
    ],
    "19": [
        254,
        238,
        215
    ],
    "20": [
        254,
        238,
        213
    ],
    "21": [
        254,
        237,
        212
    ],
    "22": [
        254,
        237,
        211
    ],
    "23": [
        254,
        236,
        210
    ],
    "24": [
        254,
        236,
        209
    ],
    "25": [
        254,
        235,
        208
    ],
    "26": [
        254,
        235,
        207
    ],
    "27": [
        254,
        234,
        206
    ],
    "28": [
        254,
        234,
        204
    ],
    "29": [
        254,
        233,
        203
    ],
    "30": [
        254,
        233,
        202
    ],
    "31": [
        254,
        232,
        201
    ],
    "32": [
        254,
        232,
        200
    ],
    "33": [
        254,
        231,
        199
    ],
    "34": [
        254,
        231,
        197
    ],
    "35": [
        254,
        230,
        196
    ],
    "36": [
        254,
        229,
        195
    ],
    "37": [
        254,
        229,
        193
    ],
    "38": [
        254,
        228,
        192
    ],
    "39": [
        254,
        228,
        191
    ],
    "40": [
        254,
        227,
        189
    ],
    "41": [
        254,
        226,
        188
    ],
    "42": [
        254,
        226,
        187
    ],
    "43": [
        254,
        225,
        185
    ],
    "44": [
        254,
        224,
        184
    ],
    "45": [
        254,
        224,
        183
    ],
    "46": [
        254,
        223,
        181
    ],
    "47": [
        254,
        223,
        180
    ],
    "48": [
        253,
        222,
        179
    ],
    "49": [
        253,
        221,
        177
    ],
    "50": [
        253,
        221,
        176
    ],
    "51": [
        253,
        220,
        175
    ],
    "52": [
        253,
        219,
        173
    ],
    "53": [
        253,
        219,
        172
    ],
    "54": [
        253,
        218,
        171
    ],
    "55": [
        253,
        217,
        170
    ],
    "56": [
        253,
        217,
        168
    ],
    "57": [
        253,
        216,
        167
    ],
    "58": [
        253,
        216,
        166
    ],
    "59": [
        253,
        215,
        164
    ],
    "60": [
        253,
        214,
        163
    ],
    "61": [
        253,
        214,
        162
    ],
    "62": [
        253,
        213,
        160
    ],
    "63": [
        253,
        212,
        159
    ],
    "64": [
        253,
        212,
        158
    ],
    "65": [
        253,
        211,
        157
    ],
    "66": [
        253,
        210,
        156
    ],
    "67": [
        253,
        209,
        155
    ],
    "68": [
        253,
        209,
        155
    ],
    "69": [
        253,
        208,
        154
    ],
    "70": [
        253,
        207,
        153
    ],
    "71": [
        253,
        206,
        152
    ],
    "72": [
        253,
        206,
        151
    ],
    "73": [
        253,
        205,
        150
    ],
    "74": [
        253,
        204,
        150
    ],
    "75": [
        253,
        203,
        149
    ],
    "76": [
        253,
        202,
        148
    ],
    "77": [
        253,
        202,
        147
    ],
    "78": [
        253,
        201,
        146
    ],
    "79": [
        253,
        200,
        146
    ],
    "80": [
        253,
        199,
        145
    ],
    "81": [
        253,
        198,
        144
    ],
    "82": [
        253,
        198,
        143
    ],
    "83": [
        253,
        197,
        142
    ],
    "84": [
        253,
        196,
        141
    ],
    "85": [
        253,
        195,
        141
    ],
    "86": [
        253,
        195,
        140
    ],
    "87": [
        253,
        194,
        139
    ],
    "88": [
        253,
        193,
        138
    ],
    "89": [
        253,
        192,
        137
    ],
    "90": [
        253,
        191,
        137
    ],
    "91": [
        253,
        191,
        136
    ],
    "92": [
        253,
        190,
        135
    ],
    "93": [
        253,
        189,
        134
    ],
    "94": [
        253,
        188,
        133
    ],
    "95": [
        253,
        187,
        133
    ],
    "96": [
        253,
        186,
        131
    ],
    "97": [
        253,
        185,
        130
    ],
    "98": [
        253,
        184,
        129
    ],
    "99": [
        253,
        182,
        127
    ],
    "100": [
        253,
        181,
        126
    ],
    "101": [
        253,
        179,
        125
    ],
    "102": [
        253,
        178,
        123
    ],
    "103": [
        253,
        176,
        122
    ],
    "104": [
        253,
        175,
        121
    ],
    "105": [
        253,
        173,
        119
    ],
    "106": [
        253,
        172,
        118
    ],
    "107": [
        253,
        171,
        117
    ],
    "108": [
        253,
        169,
        115
    ],
    "109": [
        253,
        168,
        114
    ],
    "110": [
        253,
        166,
        113
    ],
    "111": [
        253,
        165,
        111
    ],
    "112": [
        252,
        163,
        110
    ],
    "113": [
        252,
        162,
        109
    ],
    "114": [
        252,
        160,
        107
    ],
    "115": [
        252,
        159,
        106
    ],
    "116": [
        252,
        158,
        105
    ],
    "117": [
        252,
        156,
        103
    ],
    "118": [
        252,
        155,
        102
    ],
    "119": [
        252,
        153,
        100
    ],
    "120": [
        252,
        152,
        99
    ],
    "121": [
        252,
        150,
        98
    ],
    "122": [
        252,
        149,
        96
    ],
    "123": [
        252,
        147,
        95
    ],
    "124": [
        252,
        146,
        94
    ],
    "125": [
        252,
        145,
        92
    ],
    "126": [
        252,
        143,
        91
    ],
    "127": [
        252,
        142,
        90
    ],
    "128": [
        252,
        140,
        89
    ],
    "129": [
        251,
        139,
        88
    ],
    "130": [
        251,
        138,
        88
    ],
    "131": [
        251,
        137,
        87
    ],
    "132": [
        250,
        135,
        87
    ],
    "133": [
        250,
        134,
        86
    ],
    "134": [
        249,
        133,
        86
    ],
    "135": [
        249,
        132,
        85
    ],
    "136": [
        249,
        130,
        84
    ],
    "137": [
        248,
        129,
        84
    ],
    "138": [
        248,
        128,
        83
    ],
    "139": [
        247,
        127,
        83
    ],
    "140": [
        247,
        125,
        82
    ],
    "141": [
        246,
        124,
        82
    ],
    "142": [
        246,
        123,
        81
    ],
    "143": [
        246,
        122,
        81
    ],
    "144": [
        245,
        120,
        80
    ],
    "145": [
        245,
        119,
        80
    ],
    "146": [
        244,
        118,
        79
    ],
    "147": [
        244,
        117,
        79
    ],
    "148": [
        244,
        115,
        78
    ],
    "149": [
        243,
        114,
        78
    ],
    "150": [
        243,
        113,
        77
    ],
    "151": [
        242,
        112,
        76
    ],
    "152": [
        242,
        110,
        76
    ],
    "153": [
        242,
        109,
        75
    ],
    "154": [
        241,
        108,
        75
    ],
    "155": [
        241,
        106,
        74
    ],
    "156": [
        240,
        105,
        74
    ],
    "157": [
        240,
        104,
        73
    ],
    "158": [
        240,
        103,
        73
    ],
    "159": [
        239,
        101,
        72
    ],
    "160": [
        239,
        100,
        71
    ],
    "161": [
        238,
        98,
        70
    ],
    "162": [
        237,
        97,
        69
    ],
    "163": [
        236,
        95,
        67
    ],
    "164": [
        236,
        93,
        66
    ],
    "165": [
        235,
        92,
        65
    ],
    "166": [
        234,
        90,
        63
    ],
    "167": [
        233,
        88,
        62
    ],
    "168": [
        233,
        87,
        61
    ],
    "169": [
        232,
        85,
        60
    ],
    "170": [
        231,
        83,
        58
    ],
    "171": [
        230,
        82,
        57
    ],
    "172": [
        229,
        80,
        56
    ],
    "173": [
        229,
        78,
        54
    ],
    "174": [
        228,
        77,
        53
    ],
    "175": [
        227,
        75,
        52
    ],
    "176": [
        226,
        73,
        51
    ],
    "177": [
        226,
        72,
        49
    ],
    "178": [
        225,
        70,
        48
    ],
    "179": [
        224,
        68,
        47
    ],
    "180": [
        223,
        67,
        45
    ],
    "181": [
        223,
        65,
        44
    ],
    "182": [
        222,
        63,
        43
    ],
    "183": [
        221,
        62,
        42
    ],
    "184": [
        220,
        60,
        40
    ],
    "185": [
        220,
        58,
        39
    ],
    "186": [
        219,
        57,
        38
    ],
    "187": [
        218,
        55,
        36
    ],
    "188": [
        217,
        53,
        35
    ],
    "189": [
        217,
        52,
        34
    ],
    "190": [
        216,
        50,
        33
    ],
    "191": [
        215,
        48,
        31
    ],
    "192": [
        214,
        47,
        30
    ],
    "193": [
        213,
        45,
        29
    ],
    "194": [
        212,
        44,
        28
    ],
    "195": [
        211,
        42,
        27
    ],
    "196": [
        210,
        41,
        26
    ],
    "197": [
        209,
        39,
        25
    ],
    "198": [
        207,
        38,
        24
    ],
    "199": [
        206,
        36,
        23
    ],
    "200": [
        205,
        35,
        22
    ],
    "201": [
        204,
        33,
        22
    ],
    "202": [
        203,
        32,
        21
    ],
    "203": [
        202,
        30,
        20
    ],
    "204": [
        201,
        29,
        19
    ],
    "205": [
        199,
        27,
        18
    ],
    "206": [
        198,
        26,
        17
    ],
    "207": [
        197,
        24,
        16
    ],
    "208": [
        196,
        23,
        15
    ],
    "209": [
        195,
        21,
        14
    ],
    "210": [
        194,
        20,
        13
    ],
    "211": [
        193,
        18,
        12
    ],
    "212": [
        192,
        17,
        11
    ],
    "213": [
        190,
        15,
        10
    ],
    "214": [
        189,
        14,
        9
    ],
    "215": [
        188,
        12,
        8
    ],
    "216": [
        187,
        11,
        7
    ],
    "217": [
        186,
        9,
        6
    ],
    "218": [
        185,
        8,
        5
    ],
    "219": [
        184,
        6,
        4
    ],
    "220": [
        183,
        5,
        3
    ],
    "221": [
        181,
        3,
        2
    ],
    "222": [
        180,
        2,
        1
    ],
    "223": [
        179,
        0,
        0
    ],
    "224": [
        178,
        0,
        0
    ],
    "225": [
        176,
        0,
        0
    ],
    "226": [
        174,
        0,
        0
    ],
    "227": [
        173,
        0,
        0
    ],
    "228": [
        171,
        0,
        0
    ],
    "229": [
        169,
        0,
        0
    ],
    "230": [
        168,
        0,
        0
    ],
    "231": [
        166,
        0,
        0
    ],
    "232": [
        165,
        0,
        0
    ],
    "233": [
        163,
        0,
        0
    ],
    "234": [
        161,
        0,
        0
    ],
    "235": [
        160,
        0,
        0
    ],
    "236": [
        158,
        0,
        0
    ],
    "237": [
        156,
        0,
        0
    ],
    "238": [
        155,
        0,
        0
    ],
    "239": [
        153,
        0,
        0
    ],
    "240": [
        151,
        0,
        0
    ],
    "241": [
        150,
        0,
        0
    ],
    "242": [
        148,
        0,
        0
    ],
    "243": [
        147,
        0,
        0
    ],
    "244": [
        145,
        0,
        0
    ],
    "245": [
        143,
        0,
        0
    ],
    "246": [
        142,
        0,
        0
    ],
    "247": [
        140,
        0,
        0
    ],
    "248": [
        138,
        0,
        0
    ],
    "249": [
        137,
        0,
        0
    ],
    "250": [
        135,
        0,
        0
    ],
    "251": [
        134,
        0,
        0
    ],
    "252": [
        132,
        0,
        0
    ],
    "253": [
        130,
        0,
        0
    ],
    "254": [
        129,
        0,
        0
    ],
    "255": [
        127,
        0,
        0
    ]
}