{
    "0": [
        166,
        206,
        227
    ],
    "1": [
        160,
        202,
        225
    ],
    "2": [
        154,
        199,
        223
    ],
    "3": [
        149,
        195,
        221
    ],
    "4": [
        143,
        191,
        219
    ],
    "5": [
        137,
        187,
        217
    ],
    "6": [
        131,
        184,
        215
    ],
    "7": [
        125,
        180,
        213
    ],
    "8": [
        119,
        176,
        211
    ],
    "9": [
        114,
        173,
        209
    ],
    "10": [
        108,
        169,
        207
    ],
    "11": [
        102,
        165,
        205
    ],
    "12": [
        96,
        161,
        203
    ],
    "13": [
        90,
        158,
        201
    ],
    "14": [
        84,
        154,
        199
    ],
    "15": [
        79,
        150,
        197
    ],
    "16": [
        73,
        147,
        195
    ],
    "17": [
        67,
        143,
        193
    ],
    "18": [
        61,
        139,
        191
    ],
    "19": [
        55,
        136,
        188
    ],
    "20": [
        50,
        132,
        186
    ],
    "21": [
        44,
        128,
        184
    ],
    "22": [
        38,
        124,
        182
    ],
    "23": [
        32,
        121,
        180
    ],
    "24": [
        36,
        124,
        179
    ],
    "25": [
        43,
        128,
        177
    ],
    "26": [
        49,
        133,
        175
    ],
    "27": [
        55,
        137,
        173
    ],
    "28": [
        62,
        141,
        171
    ],
    "29": [
        68,
        146,
        169
    ],
    "30": [
        74,
        150,
        168
    ],
    "31": [
        81,
        155,
        166
    ],
    "32": [
        87,
        159,
        164
    ],
    "33": [
        93,
        164,
        162
    ],
    "34": [
        100,
        168,
        160
    ],
    "35": [
        106,
        173,
        159
    ],
    "36": [
        112,
        177,
        157
    ],
    "37": [
        119,
        181,
        155
    ],
    "38": [
        125,
        186,
        153
    ],
    "39": [
        131,
        190,
        151
    ],
    "40": [
        138,
        195,
        150
    ],
    "41": [
        144,
        199,
        148
    ],
    "42": [
        150,
        204,
        146
    ],
    "43": [
        157,
        208,
        144
    ],
    "44": [
        163,
        212,
        142
    ],
    "45": [
        169,
        217,
        140
    ],
    "46": [
        176,
        221,
        139
    ],
    "47": [
        175,
        221,
        135
    ],
    "48": [
        169,
        219,
        131
    ],
    "49": [
        164,
        216,
        127
    ],
    "50": [
        158,
        213,
        123
    ],
    "51": [
        153,
        210,
        119
    ],
    "52": [
        147,
        208,
        115
    ],
    "53": [
        142,
        205,
        111
    ],
    "54": [
        136,
        202,
        107
    ],
    "55": [
        131,
        200,
        103
    ],
    "56": [
        125,
        197,
        99
    ],
    "57": [
        120,
        194,
        95
    ],
    "58": [
        114,
        191,
        91
    ],
    "59": [
        109,
        189,
        87
    ],
    "60": [
        103,
        186,
        83
    ],
    "61": [
        98,
        183,
        79
    ],
    "62": [
        92,
        181,
        75
    ],
    "63": [
        87,
        178,
        71
    ],
    "64": [
        81,
        175,
        66
    ],
    "65": [
        76,
        172,
        62
    ],
    "66": [
        70,
        170,
        58
    ],
    "67": [
        65,
        167,
        54
    ],
    "68": [
        59,
        164,
        50
    ],
    "69": [
        54,
        161,
        46
    ],
    "70": [
        55,
        160,
        46
    ],
    "71": [
        64,
        160,
        51
    ],
    "72": [
        72,
        159,
        56
    ],
    "73": [
        81,
        159,
        60
    ],
    "74": [
        89,
        159,
        65
    ],
    "75": [
        98,
        159,
        70
    ],
    "76": [
        107,
        158,
        74
    ],
    "77": [
        115,
        158,
        79
    ],
    "78": [
        124,
        158,
        84
    ],
    "79": [
        133,
        158,
        88
    ],
    "80": [
        141,
        157,
        93
    ],
    "81": [
        150,
        157,
        98
    ],
    "82": [
        158,
        157,
        103
    ],
    "83": [
        167,
        157,
        107
    ],
    "84": [
        176,
        156,
        112
    ],
    "85": [
        184,
        156,
        117
    ],
    "86": [
        193,
        156,
        121
    ],
    "87": [
        202,
        155,
        126
    ],
    "88": [
        210,
        155,
        131
    ],
    "89": [
        219,
        155,
        135
    ],
    "90": [
        227,
        155,
        140
    ],
    "91": [
        236,
        154,
        145
    ],
    "92": [
        245,
        154,
        150
    ],
    "93": [
        251,
        152,
        152
    ],
    "94": [
        250,
        147,
        146
    ],
    "95": [
        249,
        141,
        141
    ],
    "96": [
        248,
        136,
        135
    ],
    "97": [
        247,
        130,
        130
    ],
    "98": [
        246,
        125,
        125
    ],
    "99": [
        245,
        119,
        119
    ],
    "100": [
        243,
        114,
        114
    ],
    "101": [
        242,
        108,
        108
    ],
    "102": [
        241,
        103,
        103
    ],
    "103": [
        240,
        97,
        98
    ],
    "104": [
        239,
        92,
        92
    ],
    "105": [
        238,
        86,
        87
    ],
    "106": [
        237,
        81,
        81
    ],
    "107": [
        236,
        75,
        76
    ],
    "108": [
        235,
        70,
        71
    ],
    "109": [
        234,
        64,
        65
    ],
    "110": [
        233,
        59,
        60
    ],
    "111": [
        232,
        53,
        54
    ],
    "112": [
        231,
        48,
        49
    ],
    "113": [
        230,
        42,
        44
    ],
    "114": [
        229,
        37,
        38
    ],
    "115": [
        228,
        31,
        33
    ],
    "116": [
        227,
        27,
        28
    ],
    "117": [
        228,
        34,
        32
    ],
    "118": [
        229,
        41,
        35
    ],
    "119": [
        230,
        48,
        39
    ],
    "120": [
        232,
        55,
        43
    ],
    "121": [
        233,
        62,
        46
    ],
    "122": [
        234,
        69,
        50
    ],
    "123": [
        235,
        76,
        53
    ],
    "124": [
        236,
        84,
        57
    ],
    "125": [
        237,
        91,
        61
    ],
    "126": [
        238,
        98,
        64
    ],
    "127": [
        239,
        105,
        68
    ],
    "128": [
        241,
        112,
        71
    ],
    "129": [
        242,
        119,
        75
    ],
    "130": [
        243,
        126,
        78
    ],
    "131": [
        244,
        133,
        82
    ],
    "132": [
        245,
        141,
        86
    ],
    "133": [
        246,
        148,
        89
    ],
    "134": [
        247,
        155,
        93
    ],
    "135": [
        248,
        162,
        96
    ],
    "136": [
        250,
        169,
        100
    ],
    "137": [
        251,
        176,
        104
    ],
    "138": [
        252,
        183,
        107
    ],
    "139": [
        253,
        190,
        111
    ],
    "140": [
        253,
        188,
        107
    ],
    "141": [
        253,
        186,
        102
    ],
    "142": [
        253,
        183,
        97
    ],
    "143": [
        253,
        180,
        92
    ],
    "144": [
        253,
        177,
        87
    ],
    "145": [
        254,
        175,
        83
    ],
    "146": [
        254,
        172,
        78
    ],
    "147": [
        254,
        169,
        73
    ],
    "148": [
        254,
        166,
        68
    ],
    "149": [
        254,
        164,
        64
    ],
    "150": [
        254,
        161,
        59
    ],
    "151": [
        254,
        158,
        54
    ],
    "152": [
        254,
        155,
        49
    ],
    "153": [
        254,
        153,
        44
    ],
    "154": [
        254,
        150,
        40
    ],
    "155": [
        254,
        147,
        35
    ],
    "156": [
        254,
        144,
        30
    ],
    "157": [
        255,
        142,
        25
    ],
    "158": [
        255,
        139,
        20
    ],
    "159": [
        255,
        136,
        16
    ],
    "160": [
        255,
        133,
        11
    ],
    "161": [
        255,
        131,
        6
    ],
    "162": [
        255,
        128,
        1
    ],
    "163": [
        253,
        129,
        7
    ],
    "164": [
        251,
        131,
        16
    ],
    "165": [
        249,
        133,
        25
    ],
    "166": [
        246,
        135,
        34
    ],
    "167": [
        244,
        137,
        44
    ],
    "168": [
        242,
        140,
        53
    ],
    "169": [
        240,
        142,
        62
    ],
    "170": [
        237,
        144,
        71
    ],
    "171": [
        235,
        146,
        81
    ],
    "172": [
        233,
        148,
        90
    ],
    "173": [
        230,
        151,
        99
    ],
    "174": [
        228,
        153,
        108
    ],
    "175": [
        226,
        155,
        117
    ],
    "176": [
        224,
        157,
        127
    ],
    "177": [
        221,
        159,
        136
    ],
    "178": [
        219,
        162,
        145
    ],
    "179": [
        217,
        164,
        154
    ],
    "180": [
        214,
        166,
        164
    ],
    "181": [
        212,
        168,
        173
    ],
    "182": [
        210,
        170,
        182
    ],
    "183": [
        208,
        173,
        191
    ],
    "184": [
        205,
        175,
        201
    ],
    "185": [
        203,
        177,
        210
    ],
    "186": [
        200,
        175,
        213
    ],
    "187": [
        196,
        170,
        210
    ],
    "188": [
        191,
        165,
        207
    ],
    "189": [
        187,
        160,
        205
    ],
    "190": [
        183,
        155,
        202
    ],
    "191": [
        179,
        150,
        200
    ],
    "192": [
        175,
        145,
        197
    ],
    "193": [
        171,
        140,
        194
    ],
    "194": [
        167,
        135,
        192
    ],
    "195": [
        162,
        130,
        189
    ],
    "196": [
        158,
        125,
        187
    ],
    "197": [
        154,
        120,
        184
    ],
    "198": [
        150,
        115,
        182
    ],
    "199": [
        146,
        110,
        179
    ],
    "200": [
        142,
        105,
        176
    ],
    "201": [
        138,
        100,
        174
    ],
    "202": [
        133,
        94,
        171
    ],
    "203": [
        129,
        89,
        169
    ],
    "204": [
        125,
        84,
        166
    ],
    "205": [
        121,
        79,
        163
    ],
    "206": [
        117,
        74,
        161
    ],
    "207": [
        113,
        69,
        158
    ],
    "208": [
        109,
        64,
        156
    ],
    "209": [
        108,
        64,
        154
    ],
    "210": [
        115,
        72,
        154
    ],
    "211": [
        121,
        81,
        154
    ],
    "212": [
        128,
        89,
        154
    ],
    "213": [
        134,
        98,
        154
    ],
    "214": [
        140,
        106,
        154
    ],
    "215": [
        147,
        114,
        154
    ],
    "216": [
        153,
        123,
        154
    ],
    "217": [
        160,
        131,
        154
    ],
    "218": [
        166,
        139,
        154
    ],
    "219": [
        173,
        148,
        154
    ],
    "220": [
        179,
        156,
        154
    ],
    "221": [
        185,
        164,
        153
    ],
    "222": [
        192,
        173,
        153
    ],
    "223": [
        198,
        181,
        153
    ],
    "224": [
        205,
        190,
        153
    ],
    "225": [
        211,
        198,
        153
    ],
    "226": [
        218,
        206,
        153
    ],
    "227": [
        224,
        215,
        153
    ],
    "228": [
        230,
        223,
        153
    ],
    "229": [
        237,
        231,
        153
    ],
    "230": [
        243,
        240,
        153
    ],
    "231": [
        250,
        248,
        153
    ],
    "232": [
        254,
        254,
        152
    ],
    "233": [
        251,
        247,
        147
    ],
    "234": [
        248,
        239,
        142
    ],
    "235": [
        244,
        232,
        137
    ],
    "236": [
        241,
        225,
        133
    ],
    "237": [
        238,
        218,
        128
    ],
    "238": [
        234,
        211,
        123
    ],
    "239": [
        231,
        204,
        118
    ],
    "240": [
        227,
        196,
        113
    ],
    "241": [
        224,
        189,
        108
    ],
    "242": [
        221,
        182,
        103
    ],
    "243": [
        217,
        175,
        98
    ],
    "244": [
        214,
        168,
        94
    ],
    "245": [
        211,
        161,
        89
    ],
    "246": [
        207,
        153,
        84
    ],
    "247": [
        204,
        146,
        79
    ],
    "248": [
        201,
        139,
        74
    ],
    "249": [
        197,
        132,
        69
    ],
    "250": [
        194,
        125,
        64
    ],
    "251": [
        190,
        118,
        59
    ],
    "252": [
        187,
        110,
        55
    ],
    "253": [
        184,
        103,
        50
    ],
    "254": [
        180,
        96,
        45
    ],
    "255": [
        177,
        89,
        40
    ]
}