{
    "0": [
        179,
        226,
        205
    ],
    "1": [
        181,
        225,
        204
    ],
    "2": [
        183,
        225,
        203
    ],
    "3": [
        185,
        224,
        202
    ],
    "4": [
        187,
        224,
        201
    ],
    "5": [
        189,
        223,
        200
    ],
    "6": [
        191,
        223,
        200
    ],
    "7": [
        193,
        222,
        199
    ],
    "8": [
        195,
        221,
        198
    ],
    "9": [
        197,
        221,
        197
    ],
    "10": [
        199,
        220,
        196
    ],
    "11": [
        201,
        220,
        195
    ],
    "12": [
        203,
        219,
        194
    ],
    "13": [
        205,
        219,
        193
    ],
    "14": [
        207,
        218,
        192
    ],
    "15": [
        209,
        217,
        191
    ],
    "16": [
        212,
        217,
        191
    ],
    "17": [
        214,
        216,
        190
    ],
    "18": [
        216,
        216,
        189
    ],
    "19": [
        218,
        215,
        188
    ],
    "20": [
        220,
        214,
        187
    ],
    "21": [
        222,
        214,
        186
    ],
    "22": [
        224,
        213,
        185
    ],
    "23": [
        226,
        213,
        184
    ],
    "24": [
        228,
        212,
        183
    ],
    "25": [
        230,
        212,
        182
    ],
    "26": [
        232,
        211,
        181
    ],
    "27": [
        234,
        210,
        181
    ],
    "28": [
        236,
        210,
        180
    ],
    "29": [
        238,
        209,
        179
    ],
    "30": [
        240,
        209,
        178
    ],
    "31": [
        242,
        208,
        177
    ],
    "32": [
        244,
        208,
        176
    ],
    "33": [
        246,
        207,
        175
    ],
    "34": [
        248,
        206,
        174
    ],
    "35": [
        250,
        206,
        173
    ],
    "36": [
        252,
        205,
        172
    ],
    "37": [
        252,
        205,
        173
    ],
    "38": [
        251,
        205,
        175
    ],
    "39": [
        249,
        206,
        176
    ],
    "40": [
        248,
        206,
        178
    ],
    "41": [
        247,
        206,
        180
    ],
    "42": [
        245,
        206,
        181
    ],
    "43": [
        244,
        206,
        183
    ],
    "44": [
        243,
        207,
        184
    ],
    "45": [
        241,
        207,
        186
    ],
    "46": [
        240,
        207,
        188
    ],
    "47": [
        238,
        207,
        189
    ],
    "48": [
        237,
        208,
        191
    ],
    "49": [
        236,
        208,
        193
    ],
    "50": [
        234,
        208,
        194
    ],
    "51": [
        233,
        208,
        196
    ],
    "52": [
        232,
        208,
        198
    ],
    "53": [
        230,
        209,
        199
    ],
    "54": [
        229,
        209,
        201
    ],
    "55": [
        228,
        209,
        203
    ],
    "56": [
        226,
        209,
        204
    ],
    "57": [
        225,
        210,
        206
    ],
    "58": [
        223,
        210,
        208
    ],
    "59": [
        222,
        210,
        209
    ],
    "60": [
        221,
        210,
        211
    ],
    "61": [
        219,
        210,
        212
    ],
    "62": [
        218,
        211,
        214
    ],
    "63": [
        217,
        211,
        216
    ],
    "64": [
        215,
        211,
        217
    ],
    "65": [
        214,
        211,
        219
    ],
    "66": [
        212,
        211,
        221
    ],
    "67": [
        211,
        212,
        222
    ],
    "68": [
        210,
        212,
        224
    ],
    "69": [
        208,
        212,
        226
    ],
    "70": [
        207,
        212,
        227
    ],
    "71": [
        206,
        213,
        229
    ],
    "72": [
        204,
        213,
        231
    ],
    "73": [
        203,
        213,
        232
    ],
    "74": [
        204,
        213,
        232
    ],
    "75": [
        205,
        212,
        232
    ],
    "76": [
        207,
        212,
        232
    ],
    "77": [
        208,
        212,
        232
    ],
    "78": [
        209,
        211,
        231
    ],
    "79": [
        210,
        211,
        231
    ],
    "80": [
        211,
        211,
        231
    ],
    "81": [
        212,
        211,
        231
    ],
    "82": [
        213,
        210,
        231
    ],
    "83": [
        214,
        210,
        231
    ],
    "84": [
        216,
        210,
        231
    ],
    "85": [
        217,
        209,
        231
    ],
    "86": [
        218,
        209,
        231
    ],
    "87": [
        219,
        209,
        230
    ],
    "88": [
        220,
        208,
        230
    ],
    "89": [
        221,
        208,
        230
    ],
    "90": [
        222,
        208,
        230
    ],
    "91": [
        223,
        208,
        230
    ],
    "92": [
        225,
        207,
        230
    ],
    "93": [
        226,
        207,
        230
    ],
    "94": [
        227,
        207,
        230
    ],
    "95": [
        228,
        206,
        230
    ],
    "96": [
        229,
        206,
        229
    ],
    "97": [
        230,
        206,
        229
    ],
    "98": [
        231,
        205,
        229
    ],
    "99": [
        232,
        205,
        229
    ],
    "100": [
        234,
        205,
        229
    ],
    "101": [
        235,
        205,
        229
    ],
    "102": [
        236,
        204,
        229
    ],
    "103": [
        237,
        204,
        229
    ],
    "104": [
        238,
        204,
        229
    ],
    "105": [
        239,
        203,
        228
    ],
    "106": [
        240,
        203,
        228
    ],
    "107": [
        241,
        203,
        228
    ],
    "108": [
        243,
        202,
        228
    ],
    "109": [
        244,
        202,
        228
    ],
    "110": [
        244,
        203,
        227
    ],
    "111": [
        243,
        204,
        227
    ],
    "112": [
        243,
        205,
        226
    ],
    "113": [
        243,
        206,
        225
    ],
    "114": [
        242,
        208,
        225
    ],
    "115": [
        242,
        209,
        224
    ],
    "116": [
        241,
        210,
        223
    ],
    "117": [
        241,
        211,
        222
    ],
    "118": [
        241,
        212,
        222
    ],
    "119": [
        240,
        213,
        221
    ],
    "120": [
        240,
        215,
        220
    ],
    "121": [
        239,
        216,
        219
    ],
    "122": [
        239,
        217,
        219
    ],
    "123": [
        239,
        218,
        218
    ],
    "124": [
        238,
        219,
        217
    ],
    "125": [
        238,
        221,
        216
    ],
    "126": [
        238,
        222,
        216
    ],
    "127": [
        237,
        223,
        215
    ],
    "128": [
        237,
        224,
        214
    ],
    "129": [
        236,
        225,
        213
    ],
    "130": [
        236,
        226,
        213
    ],
    "131": [
        236,
        228,
        212
    ],
    "132": [
        235,
        229,
        211
    ],
    "133": [
        235,
        230,
        210
    ],
    "134": [
        235,
        231,
        210
    ],
    "135": [
        234,
        232,
        209
    ],
    "136": [
        234,
        234,
        208
    ],
    "137": [
        233,
        235,
        207
    ],
    "138": [
        233,
        236,
        207
    ],
    "139": [
        233,
        237,
        206
    ],
    "140": [
        232,
        238,
        205
    ],
    "141": [
        232,
        239,
        204
    ],
    "142": [
        231,
        241,
        204
    ],
    "143": [
        231,
        242,
        203
    ],
    "144": [
        231,
        243,
        202
    ],
    "145": [
        230,
        244,
        202
    ],
    "146": [
        230,
        245,
        201
    ],
    "147": [
        231,
        245,
        200
    ],
    "148": [
        232,
        245,
        199
    ],
    "149": [
        232,
        245,
        199
    ],
    "150": [
        233,
        245,
        198
    ],
    "151": [
        234,
        245,
        197
    ],
    "152": [
        234,
        244,
        196
    ],
    "153": [
        235,
        244,
        196
    ],
    "154": [
        236,
        244,
        195
    ],
    "155": [
        236,
        244,
        194
    ],
    "156": [
        237,
        244,
        193
    ],
    "157": [
        238,
        244,
        193
    ],
    "158": [
        238,
        244,
        192
    ],
    "159": [
        239,
        244,
        191
    ],
    "160": [
        240,
        244,
        190
    ],
    "161": [
        240,
        244,
        190
    ],
    "162": [
        241,
        244,
        189
    ],
    "163": [
        242,
        244,
        188
    ],
    "164": [
        243,
        243,
        187
    ],
    "165": [
        243,
        243,
        187
    ],
    "166": [
        244,
        243,
        186
    ],
    "167": [
        245,
        243,
        185
    ],
    "168": [
        245,
        243,
        184
    ],
    "169": [
        246,
        243,
        184
    ],
    "170": [
        247,
        243,
        183
    ],
    "171": [
        247,
        243,
        182
    ],
    "172": [
        248,
        243,
        182
    ],
    "173": [
        249,
        243,
        181
    ],
    "174": [
        249,
        243,
        180
    ],
    "175": [
        250,
        243,
        179
    ],
    "176": [
        251,
        243,
        179
    ],
    "177": [
        251,
        242,
        178
    ],
    "178": [
        252,
        242,
        177
    ],
    "179": [
        253,
        242,
        176
    ],
    "180": [
        254,
        242,
        176
    ],
    "181": [
        254,
        242,
        175
    ],
    "182": [
        255,
        242,
        174
    ],
    "183": [
        255,
        242,
        175
    ],
    "184": [
        254,
        241,
        176
    ],
    "185": [
        254,
        241,
        176
    ],
    "186": [
        254,
        240,
        177
    ],
    "187": [
        253,
        240,
        178
    ],
    "188": [
        253,
        239,
        179
    ],
    "189": [
        252,
        239,
        180
    ],
    "190": [
        252,
        239,
        180
    ],
    "191": [
        252,
        238,
        181
    ],
    "192": [
        251,
        238,
        182
    ],
    "193": [
        251,
        237,
        183
    ],
    "194": [
        250,
        237,
        184
    ],
    "195": [
        250,
        236,
        185
    ],
    "196": [
        250,
        236,
        185
    ],
    "197": [
        249,
        235,
        186
    ],
    "198": [
        249,
        235,
        187
    ],
    "199": [
        249,
        235,
        188
    ],
    "200": [
        248,
        234,
        189
    ],
    "201": [
        248,
        234,
        190
    ],
    "202": [
        247,
        233,
        190
    ],
    "203": [
        247,
        233,
        191
    ],
    "204": [
        247,
        232,
        192
    ],
    "205": [
        246,
        232,
        193
    ],
    "206": [
        246,
        232,
        194
    ],
    "207": [
        245,
        231,
        194
    ],
    "208": [
        245,
        231,
        195
    ],
    "209": [
        245,
        230,
        196
    ],
    "210": [
        244,
        230,
        197
    ],
    "211": [
        244,
        229,
        198
    ],
    "212": [
        244,
        229,
        199
    ],
    "213": [
        243,
        228,
        199
    ],
    "214": [
        243,
        228,
        200
    ],
    "215": [
        242,
        228,
        201
    ],
    "216": [
        242,
        227,
        202
    ],
    "217": [
        242,
        227,
        203
    ],
    "218": [
        241,
        226,
        204
    ],
    "219": [
        241,
        226,
        204
    ],
    "220": [
        240,
        225,
        204
    ],
    "221": [
        239,
        225,
        204
    ],
    "222": [
        238,
        224,
        204
    ],
    "223": [
        237,
        223,
        204
    ],
    "224": [
        235,
        223,
        204
    ],
    "225": [
        234,
        222,
        204
    ],
    "226": [
        233,
        222,
        204
    ],
    "227": [
        232,
        221,
        204
    ],
    "228": [
        231,
        220,
        204
    ],
    "229": [
        230,
        220,
        204
    ],
    "230": [
        229,
        219,
        204
    ],
    "231": [
        228,
        218,
        204
    ],
    "232": [
        227,
        218,
        204
    ],
    "233": [
        226,
        217,
        204
    ],
    "234": [
        225,
        217,
        204
    ],
    "235": [
        224,
        216,
        204
    ],
    "236": [
        223,
        215,
        204
    ],
    "237": [
        222,
        215,
        204
    ],
    "238": [
        221,
        214,
        204
    ],
    "239": [
        220,
        214,
        204
    ],
    "240": [
        219,
        213,
        204
    ],
    "241": [
        218,
        212,
        204
    ],
    "242": [
        217,
        212,
        204
    ],
    "243": [
        216,
        211,
        204
    ],
    "244": [
        215,
        211,
        204
    ],
    "245": [
        214,
        210,
        204
    ],
    "246": [
        213,
        209,
        204
    ],
    "247": [
        212,
        209,
        204
    ],
    "248": [
        211,
        208,
        204
    ],
    "249": [
        210,
        208,
        204
    ],
    "250": [
        209,
        207,
        204
    ],
    "251": [
        208,
        206,
        204
    ],
    "252": [
        207,
        206,
        204
    ],
    "253": [
        206,
        205,
        204
    ],
    "254": [
        205,
        205,
        204
    ],
    "255": [
        204,
        204,
        204
    ]
}