{
    "0": [
        251,
        180,
        174
    ],
    "1": [
        249,
        181,
        176
    ],
    "2": [
        246,
        182,
        177
    ],
    "3": [
        244,
        182,
        179
    ],
    "4": [
        242,
        183,
        181
    ],
    "5": [
        240,
        184,
        182
    ],
    "6": [
        237,
        185,
        184
    ],
    "7": [
        235,
        185,
        186
    ],
    "8": [
        233,
        186,
        187
    ],
    "9": [
        231,
        187,
        189
    ],
    "10": [
        228,
        188,
        191
    ],
    "11": [
        226,
        189,
        192
    ],
    "12": [
        224,
        189,
        194
    ],
    "13": [
        222,
        190,
        196
    ],
    "14": [
        219,
        191,
        197
    ],
    "15": [
        217,
        192,
        199
    ],
    "16": [
        215,
        193,
        201
    ],
    "17": [
        213,
        193,
        202
    ],
    "18": [
        210,
        194,
        204
    ],
    "19": [
        208,
        195,
        206
    ],
    "20": [
        206,
        196,
        207
    ],
    "21": [
        204,
        196,
        209
    ],
    "22": [
        201,
        197,
        211
    ],
    "23": [
        199,
        198,
        212
    ],
    "24": [
        197,
        199,
        214
    ],
    "25": [
        195,
        200,
        216
    ],
    "26": [
        192,
        200,
        217
    ],
    "27": [
        190,
        201,
        219
    ],
    "28": [
        188,
        202,
        221
    ],
    "29": [
        185,
        203,
        222
    ],
    "30": [
        183,
        204,
        224
    ],
    "31": [
        181,
        204,
        226
    ],
    "32": [
        179,
        205,
        227
    ],
    "33": [
        180,
        206,
        226
    ],
    "34": [
        181,
        207,
        225
    ],
    "35": [
        181,
        208,
        224
    ],
    "36": [
        182,
        209,
        223
    ],
    "37": [
        183,
        210,
        222
    ],
    "38": [
        184,
        211,
        221
    ],
    "39": [
        185,
        212,
        220
    ],
    "40": [
        185,
        213,
        219
    ],
    "41": [
        186,
        214,
        218
    ],
    "42": [
        187,
        215,
        217
    ],
    "43": [
        188,
        215,
        217
    ],
    "44": [
        189,
        216,
        216
    ],
    "45": [
        189,
        217,
        215
    ],
    "46": [
        190,
        218,
        214
    ],
    "47": [
        191,
        219,
        213
    ],
    "48": [
        192,
        220,
        212
    ],
    "49": [
        192,
        221,
        211
    ],
    "50": [
        193,
        222,
        210
    ],
    "51": [
        194,
        223,
        209
    ],
    "52": [
        195,
        224,
        208
    ],
    "53": [
        196,
        225,
        207
    ],
    "54": [
        196,
        226,
        206
    ],
    "55": [
        197,
        227,
        205
    ],
    "56": [
        198,
        228,
        204
    ],
    "57": [
        199,
        229,
        203
    ],
    "58": [
        199,
        230,
        202
    ],
    "59": [
        200,
        231,
        201
    ],
    "60": [
        201,
        231,
        201
    ],
    "61": [
        202,
        232,
        200
    ],
    "62": [
        203,
        233,
        199
    ],
    "63": [
        203,
        234,
        198
    ],
    "64": [
        204,
        235,
        197
    ],
    "65": [
        205,
        234,
        198
    ],
    "66": [
        205,
        233,
        199
    ],
    "67": [
        206,
        232,
        200
    ],
    "68": [
        206,
        231,
        201
    ],
    "69": [
        207,
        230,
        202
    ],
    "70": [
        208,
        229,
        203
    ],
    "71": [
        208,
        228,
        204
    ],
    "72": [
        209,
        227,
        205
    ],
    "73": [
        209,
        226,
        206
    ],
    "74": [
        210,
        225,
        207
    ],
    "75": [
        210,
        224,
        208
    ],
    "76": [
        211,
        223,
        209
    ],
    "77": [
        211,
        222,
        210
    ],
    "78": [
        212,
        221,
        211
    ],
    "79": [
        213,
        220,
        212
    ],
    "80": [
        213,
        219,
        213
    ],
    "81": [
        214,
        218,
        214
    ],
    "82": [
        214,
        217,
        215
    ],
    "83": [
        215,
        216,
        216
    ],
    "84": [
        215,
        215,
        217
    ],
    "85": [
        216,
        214,
        218
    ],
    "86": [
        217,
        213,
        219
    ],
    "87": [
        217,
        212,
        220
    ],
    "88": [
        218,
        211,
        221
    ],
    "89": [
        218,
        210,
        222
    ],
    "90": [
        219,
        209,
        223
    ],
    "91": [
        219,
        208,
        224
    ],
    "92": [
        220,
        207,
        224
    ],
    "93": [
        221,
        206,
        225
    ],
    "94": [
        221,
        205,
        226
    ],
    "95": [
        222,
        204,
        227
    ],
    "96": [
        222,
        203,
        227
    ],
    "97": [
        223,
        204,
        225
    ],
    "98": [
        224,
        204,
        223
    ],
    "99": [
        225,
        204,
        221
    ],
    "100": [
        226,
        205,
        219
    ],
    "101": [
        227,
        205,
        218
    ],
    "102": [
        228,
        206,
        216
    ],
    "103": [
        229,
        206,
        214
    ],
    "104": [
        230,
        207,
        212
    ],
    "105": [
        231,
        207,
        210
    ],
    "106": [
        232,
        208,
        208
    ],
    "107": [
        233,
        208,
        206
    ],
    "108": [
        234,
        208,
        204
    ],
    "109": [
        235,
        209,
        202
    ],
    "110": [
        236,
        209,
        200
    ],
    "111": [
        237,
        210,
        198
    ],
    "112": [
        238,
        210,
        196
    ],
    "113": [
        239,
        211,
        194
    ],
    "114": [
        240,
        211,
        192
    ],
    "115": [
        241,
        212,
        190
    ],
    "116": [
        242,
        212,
        188
    ],
    "117": [
        243,
        212,
        186
    ],
    "118": [
        244,
        213,
        184
    ],
    "119": [
        245,
        213,
        183
    ],
    "120": [
        246,
        214,
        181
    ],
    "121": [
        247,
        214,
        179
    ],
    "122": [
        248,
        215,
        177
    ],
    "123": [
        249,
        215,
        175
    ],
    "124": [
        250,
        215,
        173
    ],
    "125": [
        251,
        216,
        171
    ],
    "126": [
        252,
        216,
        169
    ],
    "127": [
        253,
        217,
        167
    ],
    "128": [
        254,
        218,
        167
    ],
    "129": [
        254,
        219,
        168
    ],
    "130": [
        254,
        220,
        169
    ],
    "131": [
        254,
        221,
        170
    ],
    "132": [
        254,
        222,
        171
    ],
    "133": [
        254,
        224,
        173
    ],
    "134": [
        254,
        225,
        174
    ],
    "135": [
        254,
        226,
        175
    ],
    "136": [
        254,
        227,
        176
    ],
    "137": [
        254,
        228,
        177
    ],
    "138": [
        254,
        230,
        179
    ],
    "139": [
        254,
        231,
        180
    ],
    "140": [
        254,
        232,
        181
    ],
    "141": [
        254,
        233,
        182
    ],
    "142": [
        254,
        234,
        183
    ],
    "143": [
        254,
        235,
        184
    ],
    "144": [
        255,
        237,
        186
    ],
    "145": [
        255,
        238,
        187
    ],
    "146": [
        255,
        239,
        188
    ],
    "147": [
        255,
        240,
        189
    ],
    "148": [
        255,
        241,
        190
    ],
    "149": [
        255,
        243,
        192
    ],
    "150": [
        255,
        244,
        193
    ],
    "151": [
        255,
        245,
        194
    ],
    "152": [
        255,
        246,
        195
    ],
    "153": [
        255,
        247,
        196
    ],
    "154": [
        255,
        249,
        198
    ],
    "155": [
        255,
        250,
        199
    ],
    "156": [
        255,
        251,
        200
    ],
    "157": [
        255,
        252,
        201
    ],
    "158": [
        255,
        253,
        202
    ],
    "159": [
        255,
        255,
        204
    ],
    "160": [
        254,
        254,
        204
    ],
    "161": [
        254,
        253,
        203
    ],
    "162": [
        253,
        252,
        203
    ],
    "163": [
        252,
        251,
        202
    ],
    "164": [
        251,
        249,
        202
    ],
    "165": [
        250,
        248,
        201
    ],
    "166": [
        250,
        247,
        201
    ],
    "167": [
        249,
        246,
        200
    ],
    "168": [
        248,
        244,
        200
    ],
    "169": [
        247,
        243,
        199
    ],
    "170": [
        246,
        242,
        199
    ],
    "171": [
        246,
        241,
        199
    ],
    "172": [
        245,
        240,
        198
    ],
    "173": [
        244,
        238,
        198
    ],
    "174": [
        243,
        237,
        197
    ],
    "175": [
        242,
        236,
        197
    ],
    "176": [
        241,
        235,
        196
    ],
    "177": [
        241,
        233,
        196
    ],
    "178": [
        240,
        232,
        195
    ],
    "179": [
        239,
        231,
        195
    ],
    "180": [
        238,
        230,
        194
    ],
    "181": [
        237,
        229,
        194
    ],
    "182": [
        237,
        227,
        193
    ],
    "183": [
        236,
        226,
        193
    ],
    "184": [
        235,
        225,
        192
    ],
    "185": [
        234,
        224,
        192
    ],
    "186": [
        233,
        222,
        191
    ],
    "187": [
        232,
        221,
        191
    ],
    "188": [
        232,
        220,
        191
    ],
    "189": [
        231,
        219,
        190
    ],
    "190": [
        230,
        218,
        190
    ],
    "191": [
        229,
        216,
        189
    ],
    "192": [
        230,
        216,
        190
    ],
    "193": [
        230,
        216,
        192
    ],
    "194": [
        231,
        216,
        193
    ],
    "195": [
        232,
        216,
        195
    ],
    "196": [
        233,
        216,
        196
    ],
    "197": [
        233,
        216,
        197
    ],
    "198": [
        234,
        216,
        199
    ],
    "199": [
        235,
        216,
        200
    ],
    "200": [
        236,
        217,
        202
    ],
    "201": [
        236,
        217,
        203
    ],
    "202": [
        237,
        217,
        205
    ],
    "203": [
        238,
        217,
        206
    ],
    "204": [
        239,
        217,
        208
    ],
    "205": [
        239,
        217,
        209
    ],
    "206": [
        240,
        217,
        211
    ],
    "207": [
        241,
        217,
        212
    ],
    "208": [
        242,
        217,
        214
    ],
    "209": [
        242,
        217,
        215
    ],
    "210": [
        243,
        217,
        217
    ],
    "211": [
        244,
        217,
        218
    ],
    "212": [
        245,
        217,
        220
    ],
    "213": [
        245,
        217,
        221
    ],
    "214": [
        246,
        217,
        223
    ],
    "215": [
        247,
        217,
        224
    ],
    "216": [
        248,
        218,
        225
    ],
    "217": [
        248,
        218,
        227
    ],
    "218": [
        249,
        218,
        228
    ],
    "219": [
        250,
        218,
        230
    ],
    "220": [
        251,
        218,
        231
    ],
    "221": [
        251,
        218,
        233
    ],
    "222": [
        252,
        218,
        234
    ],
    "223": [
        253,
        218,
        236
    ],
    "224": [
        253,
        219,
        236
    ],
    "225": [
        252,
        219,
        236
    ],
    "226": [
        252,
        220,
        237
    ],
    "227": [
        252,
        221,
        237
    ],
    "228": [
        251,
        222,
        237
    ],
    "229": [
        251,
        222,
        237
    ],
    "230": [
        251,
        223,
        237
    ],
    "231": [
        250,
        224,
        237
    ],
    "232": [
        250,
        225,
        238
    ],
    "233": [
        250,
        225,
        238
    ],
    "234": [
        249,
        226,
        238
    ],
    "235": [
        249,
        227,
        238
    ],
    "236": [
        249,
        228,
        238
    ],
    "237": [
        248,
        228,
        239
    ],
    "238": [
        248,
        229,
        239
    ],
    "239": [
        248,
        230,
        239
    ],
    "240": [
        247,
        231,
        239
    ],
    "241": [
        247,
        231,
        239
    ],
    "242": [
        246,
        232,
        240
    ],
    "243": [
        246,
        233,
        240
    ],
    "244": [
        246,
        234,
        240
    ],
    "245": [
        245,
        234,
        240
    ],
    "246": [
        245,
        235,
        240
    ],
    "247": [
        245,
        236,
        240
    ],
    "248": [
        244,
        237,
        241
    ],
    "249": [
        244,
        237,
        241
    ],
    "250": [
        244,
        238,
        241
    ],
    "251": [
        243,
        239,
        241
    ],
    "252": [
        243,
        240,
        241
    ],
    "253": [
        243,
        240,
        242
    ],
    "254": [
        242,
        241,
        242
    ],
    "255": [
        242,
        242,
        242
    ]
}