{
    "0": [
        30,
        0,
        0
    ],
    "1": [
        35,
        6,
        6
    ],
    "2": [
        40,
        13,
        13
    ],
    "3": [
        45,
        19,
        19
    ],
    "4": [
        50,
        26,
        26
    ],
    "5": [
        53,
        29,
        29
    ],
    "6": [
        57,
        31,
        31
    ],
    "7": [
        60,
        34,
        34
    ],
    "8": [
        64,
        37,
        37
    ],
    "9": [
        66,
        39,
        39
    ],
    "10": [
        69,
        41,
        41
    ],
    "11": [
        72,
        43,
        43
    ],
    "12": [
        75,
        45,
        45
    ],
    "13": [
        77,
        47,
        47
    ],
    "14": [
        80,
        49,
        49
    ],
    "15": [
        82,
        50,
        50
    ],
    "16": [
        85,
        52,
        52
    ],
    "17": [
        87,
        54,
        54
    ],
    "18": [
        89,
        55,
        55
    ],
    "19": [
        91,
        57,
        57
    ],
    "20": [
        94,
        58,
        58
    ],
    "21": [
        96,
        60,
        60
    ],
    "22": [
        98,
        61,
        61
    ],
    "23": [
        100,
        62,
        62
    ],
    "24": [
        102,
        64,
        64
    ],
    "25": [
        104,
        65,
        65
    ],
    "26": [
        105,
        66,
        66
    ],
    "27": [
        107,
        68,
        68
    ],
    "28": [
        109,
        69,
        69
    ],
    "29": [
        111,
        70,
        70
    ],
    "30": [
        113,
        71,
        71
    ],
    "31": [
        114,
        73,
        73
    ],
    "32": [
        116,
        74,
        74
    ],
    "33": [
        118,
        75,
        75
    ],
    "34": [
        119,
        76,
        76
    ],
    "35": [
        121,
        77,
        77
    ],
    "36": [
        123,
        78,
        78
    ],
    "37": [
        124,
        79,
        79
    ],
    "38": [
        126,
        80,
        80
    ],
    "39": [
        127,
        81,
        81
    ],
    "40": [
        129,
        82,
        82
    ],
    "41": [
        130,
        83,
        83
    ],
    "42": [
        132,
        84,
        84
    ],
    "43": [
        133,
        85,
        85
    ],
    "44": [
        135,
        86,
        86
    ],
    "45": [
        136,
        87,
        87
    ],
    "46": [
        138,
        88,
        88
    ],
    "47": [
        139,
        89,
        89
    ],
    "48": [
        141,
        90,
        90
    ],
    "49": [
        142,
        91,
        91
    ],
    "50": [
        143,
        92,
        92
    ],
    "51": [
        145,
        93,
        93
    ],
    "52": [
        146,
        94,
        94
    ],
    "53": [
        147,
        95,
        95
    ],
    "54": [
        149,
        96,
        96
    ],
    "55": [
        150,
        97,
        97
    ],
    "56": [
        151,
        98,
        98
    ],
    "57": [
        153,
        98,
        98
    ],
    "58": [
        154,
        99,
        99
    ],
    "59": [
        155,
        100,
        100
    ],
    "60": [
        156,
        101,
        101
    ],
    "61": [
        158,
        102,
        102
    ],
    "62": [
        159,
        103,
        103
    ],
    "63": [
        160,
        103,
        103
    ],
    "64": [
        161,
        104,
        104
    ],
    "65": [
        163,
        105,
        105
    ],
    "66": [
        164,
        106,
        106
    ],
    "67": [
        165,
        107,
        107
    ],
    "68": [
        166,
        108,
        108
    ],
    "69": [
        167,
        108,
        108
    ],
    "70": [
        169,
        109,
        109
    ],
    "71": [
        170,
        110,
        110
    ],
    "72": [
        171,
        111,
        111
    ],
    "73": [
        172,
        111,
        111
    ],
    "74": [
        173,
        112,
        112
    ],
    "75": [
        174,
        113,
        113
    ],
    "76": [
        175,
        114,
        114
    ],
    "77": [
        177,
        114,
        114
    ],
    "78": [
        178,
        115,
        115
    ],
    "79": [
        179,
        116,
        116
    ],
    "80": [
        180,
        117,
        117
    ],
    "81": [
        181,
        117,
        117
    ],
    "82": [
        182,
        118,
        118
    ],
    "83": [
        183,
        119,
        119
    ],
    "84": [
        184,
        119,
        119
    ],
    "85": [
        185,
        120,
        120
    ],
    "86": [
        186,
        121,
        121
    ],
    "87": [
        187,
        122,
        122
    ],
    "88": [
        188,
        122,
        122
    ],
    "89": [
        189,
        123,
        123
    ],
    "90": [
        190,
        124,
        124
    ],
    "91": [
        192,
        124,
        124
    ],
    "92": [
        193,
        125,
        125
    ],
    "93": [
        194,
        126,
        126
    ],
    "94": [
        194,
        127,
        126
    ],
    "95": [
        194,
        129,
        127
    ],
    "96": [
        195,
        130,
        128
    ],
    "97": [
        195,
        132,
        128
    ],
    "98": [
        196,
        133,
        129
    ],
    "99": [
        196,
        135,
        130
    ],
    "100": [
        197,
        136,
        130
    ],
    "101": [
        197,
        138,
        131
    ],
    "102": [
        198,
        139,
        132
    ],
    "103": [
        198,
        140,
        132
    ],
    "104": [
        198,
        142,
        133
    ],
    "105": [
        199,
        143,
        134
    ],
    "106": [
        199,
        145,
        134
    ],
    "107": [
        200,
        146,
        135
    ],
    "108": [
        200,
        147,
        135
    ],
    "109": [
        201,
        149,
        136
    ],
    "110": [
        201,
        150,
        137
    ],
    "111": [
        201,
        151,
        137
    ],
    "112": [
        202,
        152,
        138
    ],
    "113": [
        202,
        154,
        139
    ],
    "114": [
        203,
        155,
        139
    ],
    "115": [
        203,
        156,
        140
    ],
    "116": [
        203,
        158,
        140
    ],
    "117": [
        204,
        159,
        141
    ],
    "118": [
        204,
        160,
        142
    ],
    "119": [
        205,
        161,
        142
    ],
    "120": [
        205,
        162,
        143
    ],
    "121": [
        206,
        164,
        143
    ],
    "122": [
        206,
        165,
        144
    ],
    "123": [
        206,
        166,
        145
    ],
    "124": [
        207,
        167,
        145
    ],
    "125": [
        207,
        168,
        146
    ],
    "126": [
        208,
        170,
        146
    ],
    "127": [
        208,
        171,
        147
    ],
    "128": [
        208,
        172,
        148
    ],
    "129": [
        209,
        173,
        148
    ],
    "130": [
        209,
        174,
        149
    ],
    "131": [
        210,
        175,
        149
    ],
    "132": [
        210,
        176,
        150
    ],
    "133": [
        210,
        178,
        150
    ],
    "134": [
        211,
        179,
        151
    ],
    "135": [
        211,
        180,
        151
    ],
    "136": [
        212,
        181,
        152
    ],
    "137": [
        212,
        182,
        153
    ],
    "138": [
        212,
        183,
        153
    ],
    "139": [
        213,
        184,
        154
    ],
    "140": [
        213,
        185,
        154
    ],
    "141": [
        214,
        186,
        155
    ],
    "142": [
        214,
        187,
        155
    ],
    "143": [
        214,
        188,
        156
    ],
    "144": [
        215,
        189,
        156
    ],
    "145": [
        215,
        190,
        157
    ],
    "146": [
        216,
        191,
        158
    ],
    "147": [
        216,
        192,
        158
    ],
    "148": [
        216,
        193,
        159
    ],
    "149": [
        217,
        194,
        159
    ],
    "150": [
        217,
        195,
        160
    ],
    "151": [
        218,
        196,
        160
    ],
    "152": [
        218,
        197,
        161
    ],
    "153": [
        218,
        198,
        161
    ],
    "154": [
        219,
        199,
        162
    ],
    "155": [
        219,
        200,
        162
    ],
    "156": [
        220,
        201,
        163
    ],
    "157": [
        220,
        202,
        163
    ],
    "158": [
        220,
        203,
        164
    ],
    "159": [
        221,
        204,
        164
    ],
    "160": [
        221,
        205,
        165
    ],
    "161": [
        221,
        206,
        165
    ],
    "162": [
        222,
        207,
        166
    ],
    "163": [
        222,
        208,
        166
    ],
    "164": [
        223,
        209,
        167
    ],
    "165": [
        223,
        210,
        167
    ],
    "166": [
        223,
        211,
        168
    ],
    "167": [
        224,
        212,
        168
    ],
    "168": [
        224,
        213,
        169
    ],
    "169": [
        225,
        214,
        169
    ],
    "170": [
        225,
        215,
        170
    ],
    "171": [
        225,
        216,
        170
    ],
    "172": [
        226,
        216,
        171
    ],
    "173": [
        226,
        217,
        171
    ],
    "174": [
        226,
        218,
        172
    ],
    "175": [
        227,
        219,
        172
    ],
    "176": [
        227,
        220,
        173
    ],
    "177": [
        228,
        221,
        173
    ],
    "178": [
        228,
        222,
        174
    ],
    "179": [
        228,
        223,
        174
    ],
    "180": [
        229,
        224,
        175
    ],
    "181": [
        229,
        224,
        175
    ],
    "182": [
        229,
        225,
        176
    ],
    "183": [
        230,
        226,
        176
    ],
    "184": [
        230,
        227,
        177
    ],
    "185": [
        230,
        228,
        177
    ],
    "186": [
        231,
        229,
        178
    ],
    "187": [
        231,
        230,
        178
    ],
    "188": [
        232,
        231,
        179
    ],
    "189": [
        232,
        231,
        179
    ],
    "190": [
        232,
        232,
        180
    ],
    "191": [
        233,
        233,
        181
    ],
    "192": [
        233,
        233,
        182
    ],
    "193": [
        233,
        233,
        184
    ],
    "194": [
        234,
        234,
        185
    ],
    "195": [
        234,
        234,
        186
    ],
    "196": [
        235,
        235,
        188
    ],
    "197": [
        235,
        235,
        189
    ],
    "198": [
        235,
        235,
        190
    ],
    "199": [
        236,
        236,
        192
    ],
    "200": [
        236,
        236,
        193
    ],
    "201": [
        236,
        236,
        194
    ],
    "202": [
        237,
        237,
        196
    ],
    "203": [
        237,
        237,
        197
    ],
    "204": [
        237,
        237,
        198
    ],
    "205": [
        238,
        238,
        199
    ],
    "206": [
        238,
        238,
        201
    ],
    "207": [
        238,
        238,
        202
    ],
    "208": [
        239,
        239,
        203
    ],
    "209": [
        239,
        239,
        204
    ],
    "210": [
        240,
        240,
        206
    ],
    "211": [
        240,
        240,
        207
    ],
    "212": [
        240,
        240,
        208
    ],
    "213": [
        241,
        241,
        209
    ],
    "214": [
        241,
        241,
        211
    ],
    "215": [
        241,
        241,
        212
    ],
    "216": [
        242,
        242,
        213
    ],
    "217": [
        242,
        242,
        214
    ],
    "218": [
        242,
        242,
        215
    ],
    "219": [
        243,
        243,
        216
    ],
    "220": [
        243,
        243,
        218
    ],
    "221": [
        243,
        243,
        219
    ],
    "222": [
        244,
        244,
        220
    ],
    "223": [
        244,
        244,
        221
    ],
    "224": [
        244,
        244,
        222
    ],
    "225": [
        245,
        245,
        223
    ],
    "226": [
        245,
        245,
        224
    ],
    "227": [
        245,
        245,
        226
    ],
    "228": [
        246,
        246,
        227
    ],
    "229": [
        246,
        246,
        228
    ],
    "230": [
        247,
        247,
        229
    ],
    "231": [
        247,
        247,
        230
    ],
    "232": [
        247,
        247,
        231
    ],
    "233": [
        248,
        248,
        232
    ],
    "234": [
        248,
        248,
        233
    ],
    "235": [
        248,
        248,
        234
    ],
    "236": [
        249,
        249,
        235
    ],
    "237": [
        249,
        249,
        237
    ],
    "238": [
        249,
        249,
        238
    ],
    "239": [
        250,
        250,
        239
    ],
    "240": [
        250,
        250,
        240
    ],
    "241": [
        250,
        250,
        241
    ],
    "242": [
        251,
        251,
        242
    ],
    "243": [
        251,
        251,
        243
    ],
    "244": [
        251,
        251,
        244
    ],
    "245": [
        252,
        252,
        245
    ],
    "246": [
        252,
        252,
        246
    ],
    "247": [
        252,
        252,
        247
    ],
    "248": [
        253,
        253,
        248
    ],
    "249": [
        253,
        253,
        249
    ],
    "250": [
        253,
        253,
        250
    ],
    "251": [
        254,
        254,
        251
    ],
    "252": [
        254,
        254,
        252
    ],
    "253": [
        254,
        254,
        253
    ],
    "254": [
        255,
        255,
        254
    ],
    "255": [
        255,
        255,
        255
    ]
}