{
    "0": [
        142,
        1,
        82
    ],
    "1": [
        144,
        2,
        84
    ],
    "2": [
        146,
        3,
        85
    ],
    "3": [
        148,
        4,
        87
    ],
    "4": [
        151,
        5,
        89
    ],
    "5": [
        153,
        6,
        90
    ],
    "6": [
        155,
        7,
        92
    ],
    "7": [
        157,
        8,
        94
    ],
    "8": [
        159,
        9,
        95
    ],
    "9": [
        161,
        10,
        97
    ],
    "10": [
        164,
        11,
        99
    ],
    "11": [
        166,
        12,
        101
    ],
    "12": [
        168,
        13,
        102
    ],
    "13": [
        170,
        14,
        104
    ],
    "14": [
        172,
        15,
        106
    ],
    "15": [
        174,
        16,
        107
    ],
    "16": [
        177,
        17,
        109
    ],
    "17": [
        179,
        18,
        111
    ],
    "18": [
        181,
        19,
        112
    ],
    "19": [
        183,
        20,
        114
    ],
    "20": [
        185,
        21,
        116
    ],
    "21": [
        187,
        22,
        117
    ],
    "22": [
        189,
        23,
        119
    ],
    "23": [
        192,
        24,
        121
    ],
    "24": [
        194,
        25,
        122
    ],
    "25": [
        196,
        26,
        124
    ],
    "26": [
        197,
        29,
        126
    ],
    "27": [
        198,
        32,
        128
    ],
    "28": [
        199,
        36,
        130
    ],
    "29": [
        200,
        40,
        132
    ],
    "30": [
        201,
        43,
        134
    ],
    "31": [
        202,
        47,
        136
    ],
    "32": [
        203,
        50,
        137
    ],
    "33": [
        204,
        54,
        139
    ],
    "34": [
        205,
        58,
        141
    ],
    "35": [
        206,
        61,
        143
    ],
    "36": [
        207,
        65,
        145
    ],
    "37": [
        208,
        68,
        147
    ],
    "38": [
        209,
        72,
        149
    ],
    "39": [
        210,
        76,
        151
    ],
    "40": [
        211,
        79,
        153
    ],
    "41": [
        212,
        83,
        155
    ],
    "42": [
        213,
        87,
        157
    ],
    "43": [
        214,
        90,
        159
    ],
    "44": [
        215,
        94,
        161
    ],
    "45": [
        216,
        97,
        162
    ],
    "46": [
        217,
        101,
        164
    ],
    "47": [
        218,
        105,
        166
    ],
    "48": [
        219,
        108,
        168
    ],
    "49": [
        220,
        112,
        170
    ],
    "50": [
        221,
        115,
        172
    ],
    "51": [
        222,
        119,
        174
    ],
    "52": [
        223,
        121,
        176
    ],
    "53": [
        223,
        124,
        177
    ],
    "54": [
        224,
        126,
        179
    ],
    "55": [
        225,
        129,
        181
    ],
    "56": [
        226,
        131,
        183
    ],
    "57": [
        226,
        134,
        184
    ],
    "58": [
        227,
        136,
        186
    ],
    "59": [
        228,
        139,
        188
    ],
    "60": [
        229,
        141,
        190
    ],
    "61": [
        229,
        144,
        191
    ],
    "62": [
        230,
        146,
        193
    ],
    "63": [
        231,
        149,
        195
    ],
    "64": [
        232,
        151,
        196
    ],
    "65": [
        232,
        154,
        198
    ],
    "66": [
        233,
        156,
        200
    ],
    "67": [
        234,
        159,
        202
    ],
    "68": [
        235,
        161,
        203
    ],
    "69": [
        235,
        163,
        205
    ],
    "70": [
        236,
        166,
        207
    ],
    "71": [
        237,
        168,
        209
    ],
    "72": [
        238,
        171,
        210
    ],
    "73": [
        238,
        173,
        212
    ],
    "74": [
        239,
        176,
        214
    ],
    "75": [
        240,
        178,
        215
    ],
    "76": [
        241,
        181,
        217
    ],
    "77": [
        241,
        183,
        218
    ],
    "78": [
        242,
        184,
        219
    ],
    "79": [
        242,
        186,
        220
    ],
    "80": [
        243,
        188,
        221
    ],
    "81": [
        243,
        189,
        222
    ],
    "82": [
        244,
        191,
        223
    ],
    "83": [
        244,
        193,
        223
    ],
    "84": [
        245,
        194,
        224
    ],
    "85": [
        245,
        196,
        225
    ],
    "86": [
        245,
        198,
        226
    ],
    "87": [
        246,
        199,
        227
    ],
    "88": [
        246,
        201,
        227
    ],
    "89": [
        247,
        203,
        228
    ],
    "90": [
        247,
        204,
        229
    ],
    "91": [
        248,
        206,
        230
    ],
    "92": [
        248,
        208,
        231
    ],
    "93": [
        249,
        209,
        232
    ],
    "94": [
        249,
        211,
        232
    ],
    "95": [
        250,
        212,
        233
    ],
    "96": [
        250,
        214,
        234
    ],
    "97": [
        251,
        216,
        235
    ],
    "98": [
        251,
        217,
        236
    ],
    "99": [
        252,
        219,
        237
    ],
    "100": [
        252,
        221,
        237
    ],
    "101": [
        253,
        222,
        238
    ],
    "102": [
        253,
        224,
        239
    ],
    "103": [
        253,
        225,
        239
    ],
    "104": [
        253,
        226,
        240
    ],
    "105": [
        252,
        227,
        240
    ],
    "106": [
        252,
        228,
        240
    ],
    "107": [
        252,
        229,
        241
    ],
    "108": [
        252,
        229,
        241
    ],
    "109": [
        251,
        230,
        241
    ],
    "110": [
        251,
        231,
        242
    ],
    "111": [
        251,
        232,
        242
    ],
    "112": [
        251,
        233,
        242
    ],
    "113": [
        250,
        234,
        242
    ],
    "114": [
        250,
        235,
        243
    ],
    "115": [
        250,
        236,
        243
    ],
    "116": [
        250,
        237,
        243
    ],
    "117": [
        249,
        238,
        244
    ],
    "118": [
        249,
        238,
        244
    ],
    "119": [
        249,
        239,
        244
    ],
    "120": [
        249,
        240,
        245
    ],
    "121": [
        249,
        241,
        245
    ],
    "122": [
        248,
        242,
        245
    ],
    "123": [
        248,
        243,
        246
    ],
    "124": [
        248,
        244,
        246
    ],
    "125": [
        248,
        245,
        246
    ],
    "126": [
        247,
        246,
        247
    ],
    "127": [
        247,
        247,
        247
    ],
    "128": [
        247,
        247,
        246
    ],
    "129": [
        246,
        247,
        245
    ],
    "130": [
        245,
        247,
        243
    ],
    "131": [
        245,
        247,
        242
    ],
    "132": [
        244,
        247,
        240
    ],
    "133": [
        243,
        247,
        239
    ],
    "134": [
        243,
        246,
        237
    ],
    "135": [
        242,
        246,
        236
    ],
    "136": [
        241,
        246,
        234
    ],
    "137": [
        241,
        246,
        232
    ],
    "138": [
        240,
        246,
        231
    ],
    "139": [
        239,
        246,
        229
    ],
    "140": [
        239,
        246,
        228
    ],
    "141": [
        238,
        246,
        226
    ],
    "142": [
        237,
        246,
        225
    ],
    "143": [
        237,
        246,
        223
    ],
    "144": [
        236,
        246,
        222
    ],
    "145": [
        235,
        246,
        220
    ],
    "146": [
        235,
        246,
        219
    ],
    "147": [
        234,
        245,
        217
    ],
    "148": [
        233,
        245,
        216
    ],
    "149": [
        233,
        245,
        214
    ],
    "150": [
        232,
        245,
        213
    ],
    "151": [
        231,
        245,
        211
    ],
    "152": [
        231,
        245,
        210
    ],
    "153": [
        230,
        245,
        208
    ],
    "154": [
        228,
        244,
        205
    ],
    "155": [
        226,
        243,
        202
    ],
    "156": [
        225,
        243,
        199
    ],
    "157": [
        223,
        242,
        196
    ],
    "158": [
        221,
        241,
        193
    ],
    "159": [
        219,
        240,
        191
    ],
    "160": [
        217,
        240,
        188
    ],
    "161": [
        216,
        239,
        185
    ],
    "162": [
        214,
        238,
        182
    ],
    "163": [
        212,
        237,
        179
    ],
    "164": [
        210,
        236,
        176
    ],
    "165": [
        208,
        236,
        173
    ],
    "166": [
        207,
        235,
        170
    ],
    "167": [
        205,
        234,
        167
    ],
    "168": [
        203,
        233,
        164
    ],
    "169": [
        201,
        232,
        162
    ],
    "170": [
        199,
        232,
        159
    ],
    "171": [
        198,
        231,
        156
    ],
    "172": [
        196,
        230,
        153
    ],
    "173": [
        194,
        229,
        150
    ],
    "174": [
        192,
        229,
        147
    ],
    "175": [
        190,
        228,
        144
    ],
    "176": [
        189,
        227,
        141
    ],
    "177": [
        187,
        226,
        138
    ],
    "178": [
        185,
        225,
        135
    ],
    "179": [
        183,
        224,
        133
    ],
    "180": [
        181,
        223,
        130
    ],
    "181": [
        178,
        221,
        127
    ],
    "182": [
        176,
        220,
        125
    ],
    "183": [
        174,
        218,
        122
    ],
    "184": [
        172,
        217,
        119
    ],
    "185": [
        169,
        216,
        116
    ],
    "186": [
        167,
        214,
        114
    ],
    "187": [
        165,
        213,
        111
    ],
    "188": [
        163,
        211,
        108
    ],
    "189": [
        161,
        210,
        106
    ],
    "190": [
        158,
        208,
        103
    ],
    "191": [
        156,
        207,
        100
    ],
    "192": [
        154,
        205,
        97
    ],
    "193": [
        152,
        204,
        95
    ],
    "194": [
        149,
        203,
        92
    ],
    "195": [
        147,
        201,
        89
    ],
    "196": [
        145,
        200,
        87
    ],
    "197": [
        143,
        198,
        84
    ],
    "198": [
        140,
        197,
        81
    ],
    "199": [
        138,
        195,
        79
    ],
    "200": [
        136,
        194,
        76
    ],
    "201": [
        134,
        192,
        73
    ],
    "202": [
        131,
        191,
        70
    ],
    "203": [
        129,
        189,
        68
    ],
    "204": [
        127,
        188,
        65
    ],
    "205": [
        125,
        186,
        64
    ],
    "206": [
        123,
        185,
        62
    ],
    "207": [
        121,
        183,
        61
    ],
    "208": [
        119,
        181,
        60
    ],
    "209": [
        117,
        180,
        59
    ],
    "210": [
        115,
        178,
        57
    ],
    "211": [
        113,
        176,
        56
    ],
    "212": [
        111,
        175,
        55
    ],
    "213": [
        109,
        173,
        54
    ],
    "214": [
        107,
        172,
        52
    ],
    "215": [
        105,
        170,
        51
    ],
    "216": [
        103,
        168,
        50
    ],
    "217": [
        102,
        167,
        49
    ],
    "218": [
        100,
        165,
        47
    ],
    "219": [
        98,
        163,
        46
    ],
    "220": [
        96,
        162,
        45
    ],
    "221": [
        94,
        160,
        44
    ],
    "222": [
        92,
        158,
        42
    ],
    "223": [
        90,
        157,
        41
    ],
    "224": [
        88,
        155,
        40
    ],
    "225": [
        86,
        153,
        39
    ],
    "226": [
        84,
        152,
        37
    ],
    "227": [
        82,
        150,
        36
    ],
    "228": [
        80,
        148,
        35
    ],
    "229": [
        78,
        147,
        34
    ],
    "230": [
        76,
        145,
        33
    ],
    "231": [
        75,
        143,
        33
    ],
    "232": [
        73,
        141,
        32
    ],
    "233": [
        72,
        140,
        32
    ],
    "234": [
        70,
        138,
        32
    ],
    "235": [
        69,
        136,
        31
    ],
    "236": [
        67,
        134,
        31
    ],
    "237": [
        66,
        132,
        31
    ],
    "238": [
        64,
        131,
        30
    ],
    "239": [
        63,
        129,
        30
    ],
    "240": [
        61,
        127,
        30
    ],
    "241": [
        60,
        125,
        29
    ],
    "242": [
        58,
        123,
        29
    ],
    "243": [
        57,
        122,
        29
    ],
    "244": [
        55,
        120,
        28
    ],
    "245": [
        54,
        118,
        28
    ],
    "246": [
        52,
        116,
        28
    ],
    "247": [
        51,
        114,
        28
    ],
    "248": [
        49,
        113,
        27
    ],
    "249": [
        48,
        111,
        27
    ],
    "250": [
        46,
        109,
        27
    ],
    "251": [
        45,
        107,
        26
    ],
    "252": [
        43,
        105,
        26
    ],
    "253": [
        42,
        104,
        26
    ],
    "254": [
        40,
        102,
        25
    ],
    "255": [
        39,
        100,
        25
    ]
}