{
    "0": [
        13,
        8,
        135
    ],
    "1": [
        16,
        7,
        136
    ],
    "2": [
        19,
        7,
        137
    ],
    "3": [
        22,
        7,
        138
    ],
    "4": [
        25,
        6,
        140
    ],
    "5": [
        27,
        6,
        141
    ],
    "6": [
        29,
        6,
        142
    ],
    "7": [
        32,
        6,
        143
    ],
    "8": [
        34,
        6,
        144
    ],
    "9": [
        36,
        6,
        145
    ],
    "10": [
        38,
        5,
        145
    ],
    "11": [
        40,
        5,
        146
    ],
    "12": [
        42,
        5,
        147
    ],
    "13": [
        44,
        5,
        148
    ],
    "14": [
        46,
        5,
        149
    ],
    "15": [
        47,
        5,
        150
    ],
    "16": [
        49,
        5,
        151
    ],
    "17": [
        51,
        5,
        151
    ],
    "18": [
        53,
        4,
        152
    ],
    "19": [
        55,
        4,
        153
    ],
    "20": [
        56,
        4,
        154
    ],
    "21": [
        58,
        4,
        154
    ],
    "22": [
        60,
        4,
        155
    ],
    "23": [
        62,
        4,
        156
    ],
    "24": [
        63,
        4,
        156
    ],
    "25": [
        65,
        4,
        157
    ],
    "26": [
        67,
        3,
        158
    ],
    "27": [
        68,
        3,
        158
    ],
    "28": [
        70,
        3,
        159
    ],
    "29": [
        72,
        3,
        159
    ],
    "30": [
        73,
        3,
        160
    ],
    "31": [
        75,
        3,
        161
    ],
    "32": [
        76,
        2,
        161
    ],
    "33": [
        78,
        2,
        162
    ],
    "34": [
        80,
        2,
        162
    ],
    "35": [
        81,
        2,
        163
    ],
    "36": [
        83,
        2,
        163
    ],
    "37": [
        85,
        2,
        164
    ],
    "38": [
        86,
        1,
        164
    ],
    "39": [
        88,
        1,
        164
    ],
    "40": [
        89,
        1,
        165
    ],
    "41": [
        91,
        1,
        165
    ],
    "42": [
        92,
        1,
        166
    ],
    "43": [
        94,
        1,
        166
    ],
    "44": [
        96,
        1,
        166
    ],
    "45": [
        97,
        0,
        167
    ],
    "46": [
        99,
        0,
        167
    ],
    "47": [
        100,
        0,
        167
    ],
    "48": [
        102,
        0,
        167
    ],
    "49": [
        103,
        0,
        168
    ],
    "50": [
        105,
        0,
        168
    ],
    "51": [
        106,
        0,
        168
    ],
    "52": [
        108,
        0,
        168
    ],
    "53": [
        110,
        0,
        168
    ],
    "54": [
        111,
        0,
        168
    ],
    "55": [
        113,
        0,
        168
    ],
    "56": [
        114,
        1,
        168
    ],
    "57": [
        116,
        1,
        168
    ],
    "58": [
        117,
        1,
        168
    ],
    "59": [
        119,
        1,
        168
    ],
    "60": [
        120,
        1,
        168
    ],
    "61": [
        122,
        2,
        168
    ],
    "62": [
        123,
        2,
        168
    ],
    "63": [
        125,
        3,
        168
    ],
    "64": [
        126,
        3,
        168
    ],
    "65": [
        128,
        4,
        168
    ],
    "66": [
        129,
        4,
        167
    ],
    "67": [
        131,
        5,
        167
    ],
    "68": [
        132,
        5,
        167
    ],
    "69": [
        134,
        6,
        166
    ],
    "70": [
        135,
        7,
        166
    ],
    "71": [
        136,
        8,
        166
    ],
    "72": [
        138,
        9,
        165
    ],
    "73": [
        139,
        10,
        165
    ],
    "74": [
        141,
        11,
        165
    ],
    "75": [
        142,
        12,
        164
    ],
    "76": [
        143,
        13,
        164
    ],
    "77": [
        145,
        14,
        163
    ],
    "78": [
        146,
        15,
        163
    ],
    "79": [
        148,
        16,
        162
    ],
    "80": [
        149,
        17,
        161
    ],
    "81": [
        150,
        19,
        161
    ],
    "82": [
        152,
        20,
        160
    ],
    "83": [
        153,
        21,
        159
    ],
    "84": [
        154,
        22,
        159
    ],
    "85": [
        156,
        23,
        158
    ],
    "86": [
        157,
        24,
        157
    ],
    "87": [
        158,
        25,
        157
    ],
    "88": [
        160,
        26,
        156
    ],
    "89": [
        161,
        27,
        155
    ],
    "90": [
        162,
        29,
        154
    ],
    "91": [
        163,
        30,
        154
    ],
    "92": [
        165,
        31,
        153
    ],
    "93": [
        166,
        32,
        152
    ],
    "94": [
        167,
        33,
        151
    ],
    "95": [
        168,
        34,
        150
    ],
    "96": [
        170,
        35,
        149
    ],
    "97": [
        171,
        36,
        148
    ],
    "98": [
        172,
        38,
        148
    ],
    "99": [
        173,
        39,
        147
    ],
    "100": [
        174,
        40,
        146
    ],
    "101": [
        176,
        41,
        145
    ],
    "102": [
        177,
        42,
        144
    ],
    "103": [
        178,
        43,
        143
    ],
    "104": [
        179,
        44,
        142
    ],
    "105": [
        180,
        46,
        141
    ],
    "106": [
        181,
        47,
        140
    ],
    "107": [
        182,
        48,
        139
    ],
    "108": [
        183,
        49,
        138
    ],
    "109": [
        184,
        50,
        137
    ],
    "110": [
        186,
        51,
        136
    ],
    "111": [
        187,
        52,
        136
    ],
    "112": [
        188,
        53,
        135
    ],
    "113": [
        189,
        55,
        134
    ],
    "114": [
        190,
        56,
        133
    ],
    "115": [
        191,
        57,
        132
    ],
    "116": [
        192,
        58,
        131
    ],
    "117": [
        193,
        59,
        130
    ],
    "118": [
        194,
        60,
        129
    ],
    "119": [
        195,
        61,
        128
    ],
    "120": [
        196,
        62,
        127
    ],
    "121": [
        197,
        64,
        126
    ],
    "122": [
        198,
        65,
        125
    ],
    "123": [
        199,
        66,
        124
    ],
    "124": [
        200,
        67,
        123
    ],
    "125": [
        201,
        68,
        122
    ],
    "126": [
        202,
        69,
        122
    ],
    "127": [
        203,
        70,
        121
    ],
    "128": [
        204,
        71,
        120
    ],
    "129": [
        204,
        73,
        119
    ],
    "130": [
        205,
        74,
        118
    ],
    "131": [
        206,
        75,
        117
    ],
    "132": [
        207,
        76,
        116
    ],
    "133": [
        208,
        77,
        115
    ],
    "134": [
        209,
        78,
        114
    ],
    "135": [
        210,
        79,
        113
    ],
    "136": [
        211,
        81,
        113
    ],
    "137": [
        212,
        82,
        112
    ],
    "138": [
        213,
        83,
        111
    ],
    "139": [
        213,
        84,
        110
    ],
    "140": [
        214,
        85,
        109
    ],
    "141": [
        215,
        86,
        108
    ],
    "142": [
        216,
        87,
        107
    ],
    "143": [
        217,
        88,
        106
    ],
    "144": [
        218,
        90,
        106
    ],
    "145": [
        218,
        91,
        105
    ],
    "146": [
        219,
        92,
        104
    ],
    "147": [
        220,
        93,
        103
    ],
    "148": [
        221,
        94,
        102
    ],
    "149": [
        222,
        95,
        101
    ],
    "150": [
        222,
        97,
        100
    ],
    "151": [
        223,
        98,
        99
    ],
    "152": [
        224,
        99,
        99
    ],
    "153": [
        225,
        100,
        98
    ],
    "154": [
        226,
        101,
        97
    ],
    "155": [
        226,
        102,
        96
    ],
    "156": [
        227,
        104,
        95
    ],
    "157": [
        228,
        105,
        94
    ],
    "158": [
        229,
        106,
        93
    ],
    "159": [
        229,
        107,
        93
    ],
    "160": [
        230,
        108,
        92
    ],
    "161": [
        231,
        110,
        91
    ],
    "162": [
        231,
        111,
        90
    ],
    "163": [
        232,
        112,
        89
    ],
    "164": [
        233,
        113,
        88
    ],
    "165": [
        233,
        114,
        87
    ],
    "166": [
        234,
        116,
        87
    ],
    "167": [
        235,
        117,
        86
    ],
    "168": [
        235,
        118,
        85
    ],
    "169": [
        236,
        119,
        84
    ],
    "170": [
        237,
        121,
        83
    ],
    "171": [
        237,
        122,
        82
    ],
    "172": [
        238,
        123,
        81
    ],
    "173": [
        239,
        124,
        81
    ],
    "174": [
        239,
        126,
        80
    ],
    "175": [
        240,
        127,
        79
    ],
    "176": [
        240,
        128,
        78
    ],
    "177": [
        241,
        129,
        77
    ],
    "178": [
        241,
        131,
        76
    ],
    "179": [
        242,
        132,
        75
    ],
    "180": [
        243,
        133,
        75
    ],
    "181": [
        243,
        135,
        74
    ],
    "182": [
        244,
        136,
        73
    ],
    "183": [
        244,
        137,
        72
    ],
    "184": [
        245,
        139,
        71
    ],
    "185": [
        245,
        140,
        70
    ],
    "186": [
        246,
        141,
        69
    ],
    "187": [
        246,
        143,
        68
    ],
    "188": [
        247,
        144,
        68
    ],
    "189": [
        247,
        145,
        67
    ],
    "190": [
        247,
        147,
        66
    ],
    "191": [
        248,
        148,
        65
    ],
    "192": [
        248,
        149,
        64
    ],
    "193": [
        249,
        151,
        63
    ],
    "194": [
        249,
        152,
        62
    ],
    "195": [
        249,
        154,
        62
    ],
    "196": [
        250,
        155,
        61
    ],
    "197": [
        250,
        156,
        60
    ],
    "198": [
        250,
        158,
        59
    ],
    "199": [
        251,
        159,
        58
    ],
    "200": [
        251,
        161,
        57
    ],
    "201": [
        251,
        162,
        56
    ],
    "202": [
        252,
        163,
        56
    ],
    "203": [
        252,
        165,
        55
    ],
    "204": [
        252,
        166,
        54
    ],
    "205": [
        252,
        168,
        53
    ],
    "206": [
        252,
        169,
        52
    ],
    "207": [
        253,
        171,
        51
    ],
    "208": [
        253,
        172,
        51
    ],
    "209": [
        253,
        174,
        50
    ],
    "210": [
        253,
        175,
        49
    ],
    "211": [
        253,
        177,
        48
    ],
    "212": [
        253,
        178,
        47
    ],
    "213": [
        253,
        180,
        47
    ],
    "214": [
        253,
        181,
        46
    ],
    "215": [
        254,
        183,
        45
    ],
    "216": [
        254,
        184,
        44
    ],
    "217": [
        254,
        186,
        44
    ],
    "218": [
        254,
        187,
        43
    ],
    "219": [
        254,
        189,
        42
    ],
    "220": [
        254,
        190,
        42
    ],
    "221": [
        254,
        192,
        41
    ],
    "222": [
        253,
        194,
        41
    ],
    "223": [
        253,
        195,
        40
    ],
    "224": [
        253,
        197,
        39
    ],
    "225": [
        253,
        198,
        39
    ],
    "226": [
        253,
        200,
        39
    ],
    "227": [
        253,
        202,
        38
    ],
    "228": [
        253,
        203,
        38
    ],
    "229": [
        252,
        205,
        37
    ],
    "230": [
        252,
        206,
        37
    ],
    "231": [
        252,
        208,
        37
    ],
    "232": [
        252,
        210,
        37
    ],
    "233": [
        251,
        211,
        36
    ],
    "234": [
        251,
        213,
        36
    ],
    "235": [
        251,
        215,
        36
    ],
    "236": [
        250,
        216,
        36
    ],
    "237": [
        250,
        218,
        36
    ],
    "238": [
        249,
        220,
        36
    ],
    "239": [
        249,
        221,
        37
    ],
    "240": [
        248,
        223,
        37
    ],
    "241": [
        248,
        225,
        37
    ],
    "242": [
        247,
        226,
        37
    ],
    "243": [
        247,
        228,
        37
    ],
    "244": [
        246,
        230,
        38
    ],
    "245": [
        246,
        232,
        38
    ],
    "246": [
        245,
        233,
        38
    ],
    "247": [
        245,
        235,
        39
    ],
    "248": [
        244,
        237,
        39
    ],
    "249": [
        243,
        238,
        39
    ],
    "250": [
        243,
        240,
        39
    ],
    "251": [
        242,
        242,
        39
    ],
    "252": [
        241,
        244,
        38
    ],
    "253": [
        241,
        245,
        37
    ],
    "254": [
        240,
        247,
        36
    ],
    "255": [
        240,
        249,
        33
    ]
}