{
    "0": [
        0,
        0,
        0
    ],
    "1": [
        255,
        0,
        0
    ],
    "2": [
        0,
        255,
        0
    ],
    "3": [
        0,
        0,
        255
    ],
    "4": [
        0,
        255,
        255
    ],
    "5": [
        255,
        0,
        255
    ],
    "6": [
        255,
        255,
        0
    ],
    "7": [
        255,
        127,
        0
    ],
    "8": [
        127,
        127,
        127
    ],
    "255": [
        255,
        255,
        255
    ]
}