{
    "0": [
        0,
        0,
        0
    ],
    "1": [
        255,
        0,
        0
    ],
    "2": [
        128,
        255,
        0
    ],
    "3": [
        67,
        133,
        255
    ],
    "4": [
        100,
        255,
        255
    ],
    "5": [
        255,
        0,
        255
    ],
    "6": [
        255,
        235,
        0
    ],
    "7": [
        255,
        110,
        0
    ],
    "8": [
        128,
        128,
        128
    ],
    "9": [
        128,
        0,
        0
    ],
    "10": [
        0,
        128,
        0
    ],
    "11": [
        0,
        0,
        128
    ],
    "12": [
        170,
        255,
        195
    ],
    "13": [
        130,
        0,
        150
    ],
    "14": [
        140,
        140,
        0
    ],
    "15": [
        255,
        215,
        180
    ],
    "255": [
        255,
        255,
        255
    ]
}