{
    "0": [
        64,
        0,
        75
    ],
    "1": [
        66,
        2,
        77
    ],
    "2": [
        68,
        3,
        79
    ],
    "3": [
        70,
        5,
        82
    ],
    "4": [
        72,
        7,
        84
    ],
    "5": [
        75,
        8,
        86
    ],
    "6": [
        77,
        10,
        88
    ],
    "7": [
        79,
        12,
        90
    ],
    "8": [
        81,
        13,
        93
    ],
    "9": [
        83,
        15,
        95
    ],
    "10": [
        85,
        16,
        97
    ],
    "11": [
        87,
        18,
        99
    ],
    "12": [
        89,
        20,
        101
    ],
    "13": [
        92,
        21,
        104
    ],
    "14": [
        94,
        23,
        106
    ],
    "15": [
        96,
        25,
        108
    ],
    "16": [
        98,
        26,
        110
    ],
    "17": [
        100,
        28,
        112
    ],
    "18": [
        102,
        30,
        115
    ],
    "19": [
        104,
        31,
        117
    ],
    "20": [
        106,
        33,
        119
    ],
    "21": [
        108,
        35,
        121
    ],
    "22": [
        111,
        36,
        123
    ],
    "23": [
        113,
        38,
        126
    ],
    "24": [
        115,
        40,
        128
    ],
    "25": [
        117,
        41,
        130
    ],
    "26": [
        119,
        43,
        132
    ],
    "27": [
        120,
        46,
        133
    ],
    "28": [
        121,
        49,
        135
    ],
    "29": [
        123,
        52,
        136
    ],
    "30": [
        124,
        54,
        138
    ],
    "31": [
        126,
        57,
        140
    ],
    "32": [
        127,
        60,
        141
    ],
    "33": [
        128,
        63,
        143
    ],
    "34": [
        130,
        65,
        144
    ],
    "35": [
        131,
        68,
        146
    ],
    "36": [
        132,
        71,
        147
    ],
    "37": [
        134,
        74,
        149
    ],
    "38": [
        135,
        76,
        151
    ],
    "39": [
        137,
        79,
        152
    ],
    "40": [
        138,
        82,
        154
    ],
    "41": [
        139,
        85,
        155
    ],
    "42": [
        141,
        87,
        157
    ],
    "43": [
        142,
        90,
        158
    ],
    "44": [
        143,
        93,
        160
    ],
    "45": [
        145,
        96,
        162
    ],
    "46": [
        146,
        98,
        163
    ],
    "47": [
        148,
        101,
        165
    ],
    "48": [
        149,
        104,
        166
    ],
    "49": [
        150,
        107,
        168
    ],
    "50": [
        152,
        109,
        169
    ],
    "51": [
        153,
        112,
        171
    ],
    "52": [
        155,
        114,
        172
    ],
    "53": [
        156,
        116,
        174
    ],
    "54": [
        158,
        118,
        175
    ],
    "55": [
        159,
        120,
        177
    ],
    "56": [
        161,
        122,
        178
    ],
    "57": [
        163,
        124,
        179
    ],
    "58": [
        164,
        127,
        181
    ],
    "59": [
        166,
        129,
        182
    ],
    "60": [
        167,
        131,
        184
    ],
    "61": [
        169,
        133,
        185
    ],
    "62": [
        171,
        135,
        187
    ],
    "63": [
        172,
        137,
        188
    ],
    "64": [
        174,
        139,
        189
    ],
    "65": [
        176,
        141,
        191
    ],
    "66": [
        177,
        143,
        192
    ],
    "67": [
        179,
        145,
        194
    ],
    "68": [
        180,
        147,
        195
    ],
    "69": [
        182,
        149,
        196
    ],
    "70": [
        184,
        151,
        198
    ],
    "71": [
        185,
        154,
        199
    ],
    "72": [
        187,
        156,
        201
    ],
    "73": [
        188,
        158,
        202
    ],
    "74": [
        190,
        160,
        203
    ],
    "75": [
        192,
        162,
        205
    ],
    "76": [
        193,
        164,
        206
    ],
    "77": [
        195,
        166,
        207
    ],
    "78": [
        196,
        168,
        208
    ],
    "79": [
        198,
        170,
        209
    ],
    "80": [
        199,
        171,
        210
    ],
    "81": [
        201,
        173,
        211
    ],
    "82": [
        202,
        175,
        212
    ],
    "83": [
        203,
        177,
        213
    ],
    "84": [
        205,
        179,
        214
    ],
    "85": [
        206,
        181,
        215
    ],
    "86": [
        208,
        183,
        216
    ],
    "87": [
        209,
        184,
        217
    ],
    "88": [
        211,
        186,
        218
    ],
    "89": [
        212,
        188,
        219
    ],
    "90": [
        214,
        190,
        220
    ],
    "91": [
        215,
        192,
        221
    ],
    "92": [
        216,
        194,
        222
    ],
    "93": [
        218,
        195,
        223
    ],
    "94": [
        219,
        197,
        224
    ],
    "95": [
        221,
        199,
        225
    ],
    "96": [
        222,
        201,
        226
    ],
    "97": [
        224,
        203,
        227
    ],
    "98": [
        225,
        205,
        228
    ],
    "99": [
        227,
        206,
        229
    ],
    "100": [
        228,
        208,
        230
    ],
    "101": [
        230,
        210,
        231
    ],
    "102": [
        231,
        212,
        232
    ],
    "103": [
        232,
        213,
        233
    ],
    "104": [
        232,
        215,
        233
    ],
    "105": [
        233,
        216,
        234
    ],
    "106": [
        234,
        217,
        234
    ],
    "107": [
        234,
        219,
        235
    ],
    "108": [
        235,
        220,
        236
    ],
    "109": [
        235,
        222,
        236
    ],
    "110": [
        236,
        223,
        237
    ],
    "111": [
        237,
        224,
        237
    ],
    "112": [
        237,
        226,
        238
    ],
    "113": [
        238,
        227,
        238
    ],
    "114": [
        239,
        228,
        239
    ],
    "115": [
        239,
        230,
        240
    ],
    "116": [
        240,
        231,
        240
    ],
    "117": [
        240,
        233,
        241
    ],
    "118": [
        241,
        234,
        241
    ],
    "119": [
        242,
        235,
        242
    ],
    "120": [
        242,
        237,
        243
    ],
    "121": [
        243,
        238,
        243
    ],
    "122": [
        244,
        239,
        244
    ],
    "123": [
        244,
        241,
        244
    ],
    "124": [
        245,
        242,
        245
    ],
    "125": [
        245,
        244,
        246
    ],
    "126": [
        246,
        245,
        246
    ],
    "127": [
        247,
        246,
        247
    ],
    "128": [
        246,
        247,
        246
    ],
    "129": [
        245,
        247,
        245
    ],
    "130": [
        244,
        246,
        243
    ],
    "131": [
        243,
        246,
        242
    ],
    "132": [
        242,
        246,
        241
    ],
    "133": [
        241,
        245,
        239
    ],
    "134": [
        239,
        245,
        238
    ],
    "135": [
        238,
        245,
        236
    ],
    "136": [
        237,
        245,
        235
    ],
    "137": [
        236,
        244,
        234
    ],
    "138": [
        235,
        244,
        232
    ],
    "139": [
        233,
        244,
        231
    ],
    "140": [
        232,
        244,
        229
    ],
    "141": [
        231,
        243,
        228
    ],
    "142": [
        230,
        243,
        227
    ],
    "143": [
        229,
        243,
        225
    ],
    "144": [
        228,
        242,
        224
    ],
    "145": [
        226,
        242,
        222
    ],
    "146": [
        225,
        242,
        221
    ],
    "147": [
        224,
        242,
        219
    ],
    "148": [
        223,
        241,
        218
    ],
    "149": [
        222,
        241,
        217
    ],
    "150": [
        221,
        241,
        215
    ],
    "151": [
        219,
        241,
        214
    ],
    "152": [
        218,
        240,
        212
    ],
    "153": [
        217,
        240,
        211
    ],
    "154": [
        215,
        239,
        209
    ],
    "155": [
        213,
        238,
        207
    ],
    "156": [
        211,
        238,
        205
    ],
    "157": [
        209,
        237,
        203
    ],
    "158": [
        207,
        236,
        201
    ],
    "159": [
        205,
        235,
        199
    ],
    "160": [
        203,
        234,
        197
    ],
    "161": [
        201,
        233,
        195
    ],
    "162": [
        199,
        233,
        193
    ],
    "163": [
        197,
        232,
        191
    ],
    "164": [
        195,
        231,
        189
    ],
    "165": [
        193,
        230,
        187
    ],
    "166": [
        191,
        229,
        185
    ],
    "167": [
        189,
        228,
        183
    ],
    "168": [
        187,
        228,
        181
    ],
    "169": [
        185,
        227,
        179
    ],
    "170": [
        183,
        226,
        177
    ],
    "171": [
        181,
        225,
        175
    ],
    "172": [
        179,
        224,
        173
    ],
    "173": [
        177,
        224,
        171
    ],
    "174": [
        175,
        223,
        169
    ],
    "175": [
        173,
        222,
        167
    ],
    "176": [
        171,
        221,
        165
    ],
    "177": [
        169,
        220,
        163
    ],
    "178": [
        167,
        219,
        161
    ],
    "179": [
        165,
        218,
        159
    ],
    "180": [
        162,
        216,
        156
    ],
    "181": [
        159,
        215,
        154
    ],
    "182": [
        156,
        213,
        151
    ],
    "183": [
        153,
        211,
        149
    ],
    "184": [
        150,
        209,
        146
    ],
    "185": [
        147,
        208,
        144
    ],
    "186": [
        144,
        206,
        141
    ],
    "187": [
        141,
        204,
        139
    ],
    "188": [
        138,
        202,
        137
    ],
    "189": [
        135,
        200,
        134
    ],
    "190": [
        132,
        199,
        132
    ],
    "191": [
        129,
        197,
        129
    ],
    "192": [
        126,
        195,
        127
    ],
    "193": [
        123,
        193,
        124
    ],
    "194": [
        120,
        192,
        122
    ],
    "195": [
        117,
        190,
        119
    ],
    "196": [
        114,
        188,
        117
    ],
    "197": [
        111,
        186,
        114
    ],
    "198": [
        108,
        185,
        112
    ],
    "199": [
        105,
        183,
        109
    ],
    "200": [
        102,
        181,
        107
    ],
    "201": [
        99,
        179,
        104
    ],
    "202": [
        96,
        178,
        102
    ],
    "203": [
        93,
        176,
        99
    ],
    "204": [
        90,
        174,
        97
    ],
    "205": [
        88,
        172,
        95
    ],
    "206": [
        85,
        170,
        94
    ],
    "207": [
        83,
        168,
        92
    ],
    "208": [
        80,
        166,
        90
    ],
    "209": [
        78,
        163,
        89
    ],
    "210": [
        75,
        161,
        87
    ],
    "211": [
        73,
        159,
        85
    ],
    "212": [
        70,
        157,
        84
    ],
    "213": [
        68,
        155,
        82
    ],
    "214": [
        65,
        153,
        81
    ],
    "215": [
        63,
        151,
        79
    ],
    "216": [
        60,
        149,
        77
    ],
    "217": [
        58,
        146,
        76
    ],
    "218": [
        55,
        144,
        74
    ],
    "219": [
        53,
        142,
        72
    ],
    "220": [
        50,
        140,
        71
    ],
    "221": [
        48,
        138,
        69
    ],
    "222": [
        46,
        136,
        67
    ],
    "223": [
        43,
        134,
        66
    ],
    "224": [
        41,
        132,
        64
    ],
    "225": [
        38,
        130,
        62
    ],
    "226": [
        36,
        127,
        61
    ],
    "227": [
        33,
        125,
        59
    ],
    "228": [
        31,
        123,
        57
    ],
    "229": [
        28,
        121,
        56
    ],
    "230": [
        26,
        119,
        54
    ],
    "231": [
        25,
        117,
        53
    ],
    "232": [
        24,
        115,
        52
    ],
    "233": [
        23,
        113,
        51
    ],
    "234": [
        22,
        111,
        50
    ],
    "235": [
        21,
        109,
        49
    ],
    "236": [
        20,
        107,
        48
    ],
    "237": [
        19,
        105,
        47
    ],
    "238": [
        18,
        103,
        46
    ],
    "239": [
        17,
        101,
        45
    ],
    "240": [
        16,
        99,
        43
    ],
    "241": [
        15,
        97,
        42
    ],
    "242": [
        14,
        95,
        41
    ],
    "243": [
        13,
        92,
        40
    ],
    "244": [
        12,
        90,
        39
    ],
    "245": [
        11,
        88,
        38
    ],
    "246": [
        10,
        86,
        37
    ],
    "247": [
        8,
        84,
        36
    ],
    "248": [
        7,
        82,
        35
    ],
    "249": [
        6,
        80,
        34
    ],
    "250": [
        5,
        78,
        32
    ],
    "251": [
        4,
        76,
        31
    ],
    "252": [
        3,
        74,
        30
    ],
    "253": [
        2,
        72,
        29
    ],
    "254": [
        1,
        70,
        28
    ],
    "255": [
        0,
        68,
        27
    ]
}