{
    "0": [
        255,
        0,
        0
    ],
    "1": [
        255,
        0,
        0
    ],
    "2": [
        255,
        33,
        0
    ],
    "3": [
        255,
        82,
        0
    ],
    "4": [
        255,
        130,
        0
    ],
    "5": [
        255,
        176,
        0
    ],
    "6": [
        255,
        216,
        0
    ],
    "7": [
        255,
        247,
        0
    ],
    "8": [
        227,
        255,
        0
    ],
    "9": [
        178,
        255,
        0
    ],
    "10": [
        129,
        255,
        0
    ],
    "11": [
        83,
        254,
        0
    ],
    "12": [
        43,
        226,
        0
    ],
    "13": [
        11,
        189,
        57
    ],
    "14": [
        0,
        145,
        125
    ],
    "15": [
        0,
        97,
        185
    ],
    "16": [
        0,
        48,
        233
    ],
    "17": [
        0,
        1,
        255
    ],
    "18": [
        26,
        0,
        255
    ],
    "19": [
        62,
        0,
        255
    ],
    "20": [
        106,
        0,
        254
    ],
    "21": [
        154,
        0,
        215
    ],
    "22": [
        203,
        0,
        163
    ],
    "23": [
        250,
        0,
        99
    ],
    "24": [
        255,
        0,
        29
    ],
    "25": [
        255,
        0,
        0
    ],
    "26": [
        255,
        14,
        0
    ],
    "27": [
        255,
        62,
        0
    ],
    "28": [
        255,
        111,
        0
    ],
    "29": [
        255,
        158,
        0
    ],
    "30": [
        255,
        201,
        0
    ],
    "31": [
        255,
        236,
        0
    ],
    "32": [
        245,
        255,
        0
    ],
    "33": [
        198,
        255,
        0
    ],
    "34": [
        149,
        255,
        0
    ],
    "35": [
        101,
        255,
        0
    ],
    "36": [
        58,
        239,
        0
    ],
    "37": [
        23,
        205,
        29
    ],
    "38": [
        0,
        163,
        99
    ],
    "39": [
        0,
        116,
        162
    ],
    "40": [
        0,
        67,
        215
    ],
    "41": [
        0,
        19,
        254
    ],
    "42": [
        13,
        0,
        255
    ],
    "43": [
        46,
        0,
        255
    ],
    "44": [
        87,
        0,
        255
    ],
    "45": [
        134,
        0,
        233
    ],
    "46": [
        183,
        0,
        185
    ],
    "47": [
        231,
        0,
        126
    ],
    "48": [
        255,
        0,
        58
    ],
    "49": [
        255,
        0,
        0
    ],
    "50": [
        255,
        0,
        0
    ],
    "51": [
        255,
        42,
        0
    ],
    "52": [
        255,
        91,
        0
    ],
    "53": [
        255,
        140,
        0
    ],
    "54": [
        255,
        185,
        0
    ],
    "55": [
        255,
        223,
        0
    ],
    "56": [
        255,
        252,
        0
    ],
    "57": [
        217,
        255,
        0
    ],
    "58": [
        169,
        255,
        0
    ],
    "59": [
        120,
        255,
        0
    ],
    "60": [
        75,
        249,
        0
    ],
    "61": [
        36,
        220,
        0
    ],
    "62": [
        6,
        181,
        71
    ],
    "63": [
        0,
        135,
        138
    ],
    "64": [
        0,
        87,
        196
    ],
    "65": [
        0,
        38,
        240
    ],
    "66": [
        3,
        0,
        255
    ],
    "67": [
        32,
        0,
        255
    ],
    "68": [
        70,
        0,
        255
    ],
    "69": [
        115,
        0,
        248
    ],
    "70": [
        163,
        0,
        206
    ],
    "71": [
        212,
        0,
        151
    ],
    "72": [
        255,
        0,
        86
    ],
    "73": [
        255,
        0,
        15
    ],
    "74": [
        255,
        0,
        0
    ],
    "75": [
        255,
        23,
        0
    ],
    "76": [
        255,
        72,
        0
    ],
    "77": [
        255,
        121,
        0
    ],
    "78": [
        255,
        167,
        0
    ],
    "79": [
        255,
        208,
        0
    ],
    "80": [
        255,
        241,
        0
    ],
    "81": [
        236,
        255,
        0
    ],
    "82": [
        188,
        255,
        0
    ],
    "83": [
        139,
        255,
        0
    ],
    "84": [
        92,
        255,
        0
    ],
    "85": [
        50,
        233,
        0
    ],
    "86": [
        17,
        197,
        43
    ],
    "87": [
        0,
        154,
        112
    ],
    "88": [
        0,
        107,
        174
    ],
    "89": [
        0,
        57,
        224
    ],
    "90": [
        0,
        10,
        255
    ],
    "91": [
        19,
        0,
        255
    ],
    "92": [
        54,
        0,
        255
    ],
    "93": [
        96,
        0,
        255
    ],
    "94": [
        143,
        0,
        225
    ],
    "95": [
        193,
        0,
        175
    ],
    "96": [
        240,
        0,
        113
    ],
    "97": [
        255,
        0,
        44
    ],
    "98": [
        255,
        0,
        0
    ],
    "99": [
        255,
        5,
        0
    ],
    "100": [
        255,
        52,
        0
    ],
    "101": [
        255,
        101,
        0
    ],
    "102": [
        255,
        149,
        0
    ],
    "103": [
        255,
        193,
        0
    ],
    "104": [
        255,
        229,
        0
    ],
    "105": [
        255,
        255,
        0
    ],
    "106": [
        208,
        255,
        0
    ],
    "107": [
        159,
        255,
        0
    ],
    "108": [
        111,
        255,
        0
    ],
    "109": [
        66,
        244,
        0
    ],
    "110": [
        29,
        213,
        14
    ],
    "111": [
        1,
        172,
        85
    ],
    "112": [
        0,
        126,
        150
    ],
    "113": [
        0,
        77,
        205
    ],
    "114": [
        0,
        29,
        247
    ],
    "115": [
        8,
        0,
        255
    ],
    "116": [
        39,
        0,
        255
    ],
    "117": [
        78,
        0,
        255
    ],
    "118": [
        124,
        0,
        241
    ],
    "119": [
        173,
        0,
        196
    ],
    "120": [
        221,
        0,
        139
    ],
    "121": [
        255,
        0,
        72
    ],
    "122": [
        255,
        0,
        1
    ],
    "123": [
        255,
        0,
        0
    ],
    "124": [
        255,
        33,
        0
    ],
    "125": [
        255,
        81,
        0
    ],
    "126": [
        255,
        130,
        0
    ],
    "127": [
        255,
        176,
        0
    ],
    "128": [
        255,
        215,
        0
    ],
    "129": [
        255,
        247,
        0
    ],
    "130": [
        227,
        255,
        0
    ],
    "131": [
        179,
        255,
        0
    ],
    "132": [
        130,
        255,
        0
    ],
    "133": [
        84,
        254,
        0
    ],
    "134": [
        43,
        227,
        0
    ],
    "135": [
        11,
        189,
        57
    ],
    "136": [
        0,
        145,
        125
    ],
    "137": [
        0,
        97,
        185
    ],
    "138": [
        0,
        48,
        232
    ],
    "139": [
        0,
        1,
        255
    ],
    "140": [
        25,
        0,
        255
    ],
    "141": [
        62,
        0,
        255
    ],
    "142": [
        105,
        0,
        254
    ],
    "143": [
        153,
        0,
        216
    ],
    "144": [
        202,
        0,
        163
    ],
    "145": [
        249,
        0,
        100
    ],
    "146": [
        255,
        0,
        30
    ],
    "147": [
        255,
        0,
        0
    ],
    "148": [
        255,
        14,
        0
    ],
    "149": [
        255,
        61,
        0
    ],
    "150": [
        255,
        111,
        0
    ],
    "151": [
        255,
        158,
        0
    ],
    "152": [
        255,
        200,
        0
    ],
    "153": [
        255,
        235,
        0
    ],
    "154": [
        246,
        255,
        0
    ],
    "155": [
        198,
        255,
        0
    ],
    "156": [
        149,
        255,
        0
    ],
    "157": [
        102,
        255,
        0
    ],
    "158": [
        59,
        239,
        0
    ],
    "159": [
        23,
        205,
        28
    ],
    "160": [
        0,
        164,
        98
    ],
    "161": [
        0,
        117,
        162
    ],
    "162": [
        0,
        68,
        215
    ],
    "163": [
        0,
        20,
        254
    ],
    "164": [
        13,
        0,
        255
    ],
    "165": [
        46,
        0,
        255
    ],
    "166": [
        87,
        0,
        255
    ],
    "167": [
        134,
        0,
        233
    ],
    "168": [
        183,
        0,
        186
    ],
    "169": [
        231,
        0,
        126
    ],
    "170": [
        255,
        0,
        58
    ],
    "171": [
        255,
        0,
        0
    ],
    "172": [
        255,
        0,
        0
    ],
    "173": [
        255,
        42,
        0
    ],
    "174": [
        255,
        91,
        0
    ],
    "175": [
        255,
        139,
        0
    ],
    "176": [
        255,
        184,
        0
    ],
    "177": [
        255,
        222,
        0
    ],
    "178": [
        255,
        251,
        0
    ],
    "179": [
        218,
        255,
        0
    ],
    "180": [
        169,
        255,
        0
    ],
    "181": [
        120,
        255,
        0
    ],
    "182": [
        75,
        250,
        0
    ],
    "183": [
        36,
        220,
        0
    ],
    "184": [
        6,
        181,
        70
    ],
    "185": [
        0,
        136,
        137
    ],
    "186": [
        0,
        87,
        195
    ],
    "187": [
        0,
        39,
        240
    ],
    "188": [
        3,
        0,
        255
    ],
    "189": [
        32,
        0,
        255
    ],
    "190": [
        70,
        0,
        255
    ],
    "191": [
        114,
        0,
        248
    ],
    "192": [
        163,
        0,
        207
    ],
    "193": [
        212,
        0,
        151
    ],
    "194": [
        255,
        0,
        86
    ],
    "195": [
        255,
        0,
        16
    ],
    "196": [
        255,
        0,
        0
    ],
    "197": [
        255,
        23,
        0
    ],
    "198": [
        255,
        71,
        0
    ],
    "199": [
        255,
        120,
        0
    ],
    "200": [
        255,
        167,
        0
    ],
    "201": [
        255,
        208,
        0
    ],
    "202": [
        255,
        241,
        0
    ],
    "203": [
        237,
        255,
        0
    ],
    "204": [
        189,
        255,
        0
    ],
    "205": [
        140,
        255,
        0
    ],
    "206": [
        93,
        255,
        0
    ],
    "207": [
        51,
        233,
        0
    ],
    "208": [
        17,
        198,
        42
    ],
    "209": [
        0,
        155,
        111
    ],
    "210": [
        0,
        107,
        173
    ],
    "211": [
        0,
        58,
        224
    ],
    "212": [
        0,
        11,
        255
    ],
    "213": [
        19,
        0,
        255
    ],
    "214": [
        53,
        0,
        255
    ],
    "215": [
        96,
        0,
        255
    ],
    "216": [
        143,
        0,
        225
    ],
    "217": [
        192,
        0,
        175
    ],
    "218": [
        240,
        0,
        113
    ],
    "219": [
        255,
        0,
        44
    ],
    "220": [
        255,
        0,
        0
    ],
    "221": [
        255,
        5,
        0
    ],
    "222": [
        255,
        51,
        0
    ],
    "223": [
        255,
        101,
        0
    ],
    "224": [
        255,
        148,
        0
    ],
    "225": [
        255,
        192,
        0
    ],
    "226": [
        255,
        229,
        0
    ],
    "227": [
        255,
        255,
        0
    ],
    "228": [
        208,
        255,
        0
    ],
    "229": [
        159,
        255,
        0
    ],
    "230": [
        111,
        255,
        0
    ],
    "231": [
        67,
        245,
        0
    ],
    "232": [
        29,
        213,
        13
    ],
    "233": [
        1,
        173,
        84
    ],
    "234": [
        0,
        127,
        149
    ],
    "235": [
        0,
        78,
        205
    ],
    "236": [
        0,
        29,
        247
    ],
    "237": [
        8,
        0,
        255
    ],
    "238": [
        38,
        0,
        255
    ],
    "239": [
        78,
        0,
        255
    ],
    "240": [
        124,
        0,
        241
    ],
    "241": [
        172,
        0,
        197
    ],
    "242": [
        221,
        0,
        139
    ],
    "243": [
        255,
        0,
        73
    ],
    "244": [
        255,
        0,
        1
    ],
    "245": [
        255,
        0,
        0
    ],
    "246": [
        255,
        32,
        0
    ],
    "247": [
        255,
        81,
        0
    ],
    "248": [
        255,
        130,
        0
    ],
    "249": [
        255,
        175,
        0
    ],
    "250": [
        255,
        215,
        0
    ],
    "251": [
        255,
        246,
        0
    ],
    "252": [
        228,
        255,
        0
    ],
    "253": [
        179,
        255,
        0
    ],
    "254": [
        130,
        255,
        0
    ],
    "255": [
        84,
        255,
        0
    ]
}