{
    "0": [
        255,
        247,
        251
    ],
    "1": [
        254,
        246,
        251
    ],
    "2": [
        254,
        246,
        250
    ],
    "3": [
        253,
        245,
        250
    ],
    "4": [
        253,
        244,
        250
    ],
    "5": [
        252,
        244,
        249
    ],
    "6": [
        251,
        243,
        249
    ],
    "7": [
        251,
        242,
        249
    ],
    "8": [
        250,
        242,
        248
    ],
    "9": [
        250,
        241,
        248
    ],
    "10": [
        249,
        240,
        248
    ],
    "11": [
        248,
        240,
        247
    ],
    "12": [
        248,
        239,
        247
    ],
    "13": [
        247,
        238,
        247
    ],
    "14": [
        247,
        238,
        246
    ],
    "15": [
        246,
        237,
        246
    ],
    "16": [
        245,
        236,
        245
    ],
    "17": [
        245,
        236,
        245
    ],
    "18": [
        244,
        235,
        245
    ],
    "19": [
        244,
        234,
        244
    ],
    "20": [
        243,
        234,
        244
    ],
    "21": [
        242,
        233,
        244
    ],
    "22": [
        242,
        233,
        243
    ],
    "23": [
        241,
        232,
        243
    ],
    "24": [
        241,
        231,
        243
    ],
    "25": [
        240,
        231,
        242
    ],
    "26": [
        240,
        230,
        242
    ],
    "27": [
        239,
        229,
        242
    ],
    "28": [
        238,
        229,
        241
    ],
    "29": [
        238,
        228,
        241
    ],
    "30": [
        237,
        227,
        241
    ],
    "31": [
        237,
        227,
        240
    ],
    "32": [
        236,
        226,
        240
    ],
    "33": [
        235,
        225,
        240
    ],
    "34": [
        234,
        225,
        239
    ],
    "35": [
        233,
        224,
        239
    ],
    "36": [
        232,
        224,
        239
    ],
    "37": [
        231,
        223,
        238
    ],
    "38": [
        231,
        223,
        238
    ],
    "39": [
        230,
        222,
        238
    ],
    "40": [
        229,
        222,
        237
    ],
    "41": [
        228,
        221,
        237
    ],
    "42": [
        227,
        221,
        237
    ],
    "43": [
        226,
        220,
        237
    ],
    "44": [
        225,
        220,
        236
    ],
    "45": [
        224,
        219,
        236
    ],
    "46": [
        224,
        218,
        236
    ],
    "47": [
        223,
        218,
        235
    ],
    "48": [
        222,
        217,
        235
    ],
    "49": [
        221,
        217,
        235
    ],
    "50": [
        220,
        216,
        234
    ],
    "51": [
        219,
        216,
        234
    ],
    "52": [
        218,
        215,
        234
    ],
    "53": [
        217,
        215,
        233
    ],
    "54": [
        217,
        214,
        233
    ],
    "55": [
        216,
        214,
        233
    ],
    "56": [
        215,
        213,
        232
    ],
    "57": [
        214,
        213,
        232
    ],
    "58": [
        213,
        212,
        232
    ],
    "59": [
        212,
        212,
        231
    ],
    "60": [
        211,
        211,
        231
    ],
    "61": [
        210,
        210,
        231
    ],
    "62": [
        210,
        210,
        231
    ],
    "63": [
        209,
        209,
        230
    ],
    "64": [
        208,
        209,
        230
    ],
    "65": [
        206,
        208,
        230
    ],
    "66": [
        205,
        208,
        229
    ],
    "67": [
        204,
        207,
        229
    ],
    "68": [
        202,
        206,
        229
    ],
    "69": [
        201,
        206,
        228
    ],
    "70": [
        200,
        205,
        228
    ],
    "71": [
        198,
        204,
        227
    ],
    "72": [
        197,
        204,
        227
    ],
    "73": [
        196,
        203,
        227
    ],
    "74": [
        194,
        203,
        226
    ],
    "75": [
        193,
        202,
        226
    ],
    "76": [
        192,
        201,
        226
    ],
    "77": [
        191,
        201,
        225
    ],
    "78": [
        189,
        200,
        225
    ],
    "79": [
        188,
        199,
        225
    ],
    "80": [
        187,
        199,
        224
    ],
    "81": [
        185,
        198,
        224
    ],
    "82": [
        184,
        198,
        224
    ],
    "83": [
        183,
        197,
        223
    ],
    "84": [
        181,
        196,
        223
    ],
    "85": [
        180,
        196,
        223
    ],
    "86": [
        179,
        195,
        222
    ],
    "87": [
        177,
        194,
        222
    ],
    "88": [
        176,
        194,
        222
    ],
    "89": [
        175,
        193,
        221
    ],
    "90": [
        173,
        193,
        221
    ],
    "91": [
        172,
        192,
        221
    ],
    "92": [
        171,
        191,
        220
    ],
    "93": [
        169,
        191,
        220
    ],
    "94": [
        168,
        190,
        220
    ],
    "95": [
        167,
        189,
        219
    ],
    "96": [
        165,
        189,
        219
    ],
    "97": [
        163,
        188,
        218
    ],
    "98": [
        161,
        188,
        218
    ],
    "99": [
        159,
        187,
        218
    ],
    "100": [
        157,
        186,
        217
    ],
    "101": [
        155,
        186,
        217
    ],
    "102": [
        153,
        185,
        217
    ],
    "103": [
        151,
        184,
        216
    ],
    "104": [
        149,
        184,
        216
    ],
    "105": [
        147,
        183,
        215
    ],
    "106": [
        145,
        182,
        215
    ],
    "107": [
        144,
        182,
        215
    ],
    "108": [
        142,
        181,
        214
    ],
    "109": [
        140,
        181,
        214
    ],
    "110": [
        138,
        180,
        214
    ],
    "111": [
        136,
        179,
        213
    ],
    "112": [
        134,
        179,
        213
    ],
    "113": [
        132,
        178,
        212
    ],
    "114": [
        130,
        177,
        212
    ],
    "115": [
        128,
        177,
        212
    ],
    "116": [
        126,
        176,
        211
    ],
    "117": [
        124,
        176,
        211
    ],
    "118": [
        122,
        175,
        211
    ],
    "119": [
        120,
        174,
        210
    ],
    "120": [
        118,
        174,
        210
    ],
    "121": [
        116,
        173,
        209
    ],
    "122": [
        114,
        172,
        209
    ],
    "123": [
        112,
        172,
        209
    ],
    "124": [
        110,
        171,
        208
    ],
    "125": [
        108,
        171,
        208
    ],
    "126": [
        106,
        170,
        208
    ],
    "127": [
        104,
        169,
        207
    ],
    "128": [
        102,
        169,
        207
    ],
    "129": [
        101,
        168,
        206
    ],
    "130": [
        99,
        167,
        206
    ],
    "131": [
        98,
        166,
        205
    ],
    "132": [
        96,
        165,
        205
    ],
    "133": [
        95,
        165,
        204
    ],
    "134": [
        93,
        164,
        204
    ],
    "135": [
        91,
        163,
        203
    ],
    "136": [
        90,
        162,
        203
    ],
    "137": [
        88,
        162,
        203
    ],
    "138": [
        87,
        161,
        202
    ],
    "139": [
        85,
        160,
        202
    ],
    "140": [
        84,
        159,
        201
    ],
    "141": [
        82,
        158,
        201
    ],
    "142": [
        81,
        158,
        200
    ],
    "143": [
        79,
        157,
        200
    ],
    "144": [
        78,
        156,
        199
    ],
    "145": [
        76,
        155,
        199
    ],
    "146": [
        75,
        154,
        198
    ],
    "147": [
        73,
        154,
        198
    ],
    "148": [
        71,
        153,
        197
    ],
    "149": [
        70,
        152,
        197
    ],
    "150": [
        68,
        151,
        196
    ],
    "151": [
        67,
        151,
        196
    ],
    "152": [
        65,
        150,
        195
    ],
    "153": [
        64,
        149,
        195
    ],
    "154": [
        62,
        148,
        195
    ],
    "155": [
        61,
        147,
        194
    ],
    "156": [
        59,
        147,
        194
    ],
    "157": [
        58,
        146,
        193
    ],
    "158": [
        56,
        145,
        193
    ],
    "159": [
        55,
        144,
        192
    ],
    "160": [
        53,
        144,
        191
    ],
    "161": [
        51,
        143,
        189
    ],
    "162": [
        50,
        143,
        188
    ],
    "163": [
        48,
        142,
        186
    ],
    "164": [
        46,
        142,
        184
    ],
    "165": [
        45,
        141,
        182
    ],
    "166": [
        43,
        141,
        181
    ],
    "167": [
        42,
        140,
        179
    ],
    "168": [
        40,
        140,
        177
    ],
    "169": [
        38,
        139,
        176
    ],
    "170": [
        37,
        139,
        174
    ],
    "171": [
        35,
        139,
        172
    ],
    "172": [
        33,
        138,
        171
    ],
    "173": [
        32,
        138,
        169
    ],
    "174": [
        30,
        137,
        167
    ],
    "175": [
        29,
        137,
        166
    ],
    "176": [
        27,
        136,
        164
    ],
    "177": [
        25,
        136,
        162
    ],
    "178": [
        24,
        135,
        160
    ],
    "179": [
        22,
        135,
        159
    ],
    "180": [
        20,
        134,
        157
    ],
    "181": [
        19,
        134,
        155
    ],
    "182": [
        17,
        133,
        154
    ],
    "183": [
        15,
        133,
        152
    ],
    "184": [
        14,
        132,
        150
    ],
    "185": [
        12,
        132,
        149
    ],
    "186": [
        11,
        131,
        147
    ],
    "187": [
        9,
        131,
        145
    ],
    "188": [
        7,
        131,
        144
    ],
    "189": [
        6,
        130,
        142
    ],
    "190": [
        4,
        130,
        140
    ],
    "191": [
        2,
        129,
        138
    ],
    "192": [
        2,
        129,
        137
    ],
    "193": [
        2,
        128,
        135
    ],
    "194": [
        2,
        127,
        134
    ],
    "195": [
        2,
        127,
        132
    ],
    "196": [
        2,
        126,
        131
    ],
    "197": [
        2,
        125,
        129
    ],
    "198": [
        2,
        125,
        128
    ],
    "199": [
        2,
        124,
        126
    ],
    "200": [
        2,
        123,
        125
    ],
    "201": [
        2,
        123,
        123
    ],
    "202": [
        2,
        122,
        121
    ],
    "203": [
        2,
        121,
        120
    ],
    "204": [
        2,
        121,
        118
    ],
    "205": [
        2,
        120,
        117
    ],
    "206": [
        2,
        119,
        115
    ],
    "207": [
        2,
        119,
        114
    ],
    "208": [
        1,
        118,
        112
    ],
    "209": [
        1,
        117,
        111
    ],
    "210": [
        1,
        117,
        109
    ],
    "211": [
        1,
        116,
        108
    ],
    "212": [
        1,
        115,
        106
    ],
    "213": [
        1,
        115,
        105
    ],
    "214": [
        1,
        114,
        103
    ],
    "215": [
        1,
        113,
        101
    ],
    "216": [
        1,
        113,
        100
    ],
    "217": [
        1,
        112,
        98
    ],
    "218": [
        1,
        111,
        97
    ],
    "219": [
        1,
        111,
        95
    ],
    "220": [
        1,
        110,
        94
    ],
    "221": [
        1,
        109,
        92
    ],
    "222": [
        1,
        109,
        91
    ],
    "223": [
        1,
        108,
        89
    ],
    "224": [
        1,
        107,
        88
    ],
    "225": [
        1,
        106,
        87
    ],
    "226": [
        1,
        105,
        86
    ],
    "227": [
        1,
        103,
        85
    ],
    "228": [
        1,
        102,
        84
    ],
    "229": [
        1,
        101,
        83
    ],
    "230": [
        1,
        100,
        81
    ],
    "231": [
        1,
        99,
        80
    ],
    "232": [
        1,
        97,
        79
    ],
    "233": [
        1,
        96,
        78
    ],
    "234": [
        1,
        95,
        77
    ],
    "235": [
        1,
        94,
        76
    ],
    "236": [
        1,
        93,
        75
    ],
    "237": [
        1,
        91,
        74
    ],
    "238": [
        1,
        90,
        73
    ],
    "239": [
        1,
        89,
        72
    ],
    "240": [
        1,
        88,
        70
    ],
    "241": [
        1,
        87,
        69
    ],
    "242": [
        1,
        85,
        68
    ],
    "243": [
        1,
        84,
        67
    ],
    "244": [
        1,
        83,
        66
    ],
    "245": [
        1,
        82,
        65
    ],
    "246": [
        1,
        81,
        64
    ],
    "247": [
        1,
        80,
        63
    ],
    "248": [
        1,
        78,
        62
    ],
    "249": [
        1,
        77,
        61
    ],
    "250": [
        1,
        76,
        59
    ],
    "251": [
        1,
        75,
        58
    ],
    "252": [
        1,
        74,
        57
    ],
    "253": [
        1,
        72,
        56
    ],
    "254": [
        1,
        71,
        55
    ],
    "255": [
        1,
        70,
        54
    ]
}