{
    "0": [
        127,
        59,
        8
    ],
    "1": [
        129,
        60,
        8
    ],
    "2": [
        131,
        61,
        8
    ],
    "3": [
        133,
        62,
        8
    ],
    "4": [
        135,
        64,
        8
    ],
    "5": [
        137,
        65,
        8
    ],
    "6": [
        139,
        66,
        8
    ],
    "7": [
        141,
        67,
        7
    ],
    "8": [
        143,
        68,
        7
    ],
    "9": [
        145,
        69,
        7
    ],
    "10": [
        147,
        70,
        7
    ],
    "11": [
        149,
        72,
        7
    ],
    "12": [
        151,
        73,
        7
    ],
    "13": [
        154,
        74,
        7
    ],
    "14": [
        156,
        75,
        7
    ],
    "15": [
        158,
        76,
        7
    ],
    "16": [
        160,
        77,
        7
    ],
    "17": [
        162,
        78,
        7
    ],
    "18": [
        164,
        79,
        7
    ],
    "19": [
        166,
        81,
        7
    ],
    "20": [
        168,
        82,
        6
    ],
    "21": [
        170,
        83,
        6
    ],
    "22": [
        172,
        84,
        6
    ],
    "23": [
        174,
        85,
        6
    ],
    "24": [
        176,
        86,
        6
    ],
    "25": [
        178,
        87,
        6
    ],
    "26": [
        180,
        89,
        6
    ],
    "27": [
        182,
        90,
        7
    ],
    "28": [
        183,
        92,
        7
    ],
    "29": [
        185,
        94,
        8
    ],
    "30": [
        187,
        95,
        8
    ],
    "31": [
        189,
        97,
        9
    ],
    "32": [
        190,
        99,
        10
    ],
    "33": [
        192,
        100,
        10
    ],
    "34": [
        194,
        102,
        11
    ],
    "35": [
        196,
        104,
        11
    ],
    "36": [
        198,
        105,
        12
    ],
    "37": [
        199,
        107,
        12
    ],
    "38": [
        201,
        109,
        13
    ],
    "39": [
        203,
        110,
        13
    ],
    "40": [
        205,
        112,
        14
    ],
    "41": [
        206,
        114,
        15
    ],
    "42": [
        208,
        115,
        15
    ],
    "43": [
        210,
        117,
        16
    ],
    "44": [
        212,
        118,
        16
    ],
    "45": [
        213,
        120,
        17
    ],
    "46": [
        215,
        122,
        17
    ],
    "47": [
        217,
        123,
        18
    ],
    "48": [
        219,
        125,
        18
    ],
    "49": [
        220,
        127,
        19
    ],
    "50": [
        222,
        128,
        19
    ],
    "51": [
        224,
        130,
        20
    ],
    "52": [
        225,
        132,
        23
    ],
    "53": [
        226,
        134,
        26
    ],
    "54": [
        227,
        136,
        29
    ],
    "55": [
        229,
        138,
        32
    ],
    "56": [
        230,
        141,
        35
    ],
    "57": [
        231,
        143,
        39
    ],
    "58": [
        232,
        145,
        42
    ],
    "59": [
        233,
        147,
        45
    ],
    "60": [
        234,
        149,
        48
    ],
    "61": [
        235,
        151,
        51
    ],
    "62": [
        237,
        153,
        54
    ],
    "63": [
        238,
        155,
        57
    ],
    "64": [
        239,
        158,
        60
    ],
    "65": [
        240,
        160,
        63
    ],
    "66": [
        241,
        162,
        66
    ],
    "67": [
        242,
        164,
        70
    ],
    "68": [
        243,
        166,
        73
    ],
    "69": [
        244,
        168,
        76
    ],
    "70": [
        246,
        170,
        79
    ],
    "71": [
        247,
        172,
        82
    ],
    "72": [
        248,
        174,
        85
    ],
    "73": [
        249,
        177,
        88
    ],
    "74": [
        250,
        179,
        91
    ],
    "75": [
        251,
        181,
        94
    ],
    "76": [
        252,
        183,
        97
    ],
    "77": [
        253,
        185,
        101
    ],
    "78": [
        253,
        186,
        104
    ],
    "79": [
        253,
        188,
        107
    ],
    "80": [
        253,
        189,
        110
    ],
    "81": [
        253,
        191,
        114
    ],
    "82": [
        253,
        193,
        117
    ],
    "83": [
        253,
        194,
        120
    ],
    "84": [
        253,
        196,
        123
    ],
    "85": [
        253,
        197,
        127
    ],
    "86": [
        253,
        199,
        130
    ],
    "87": [
        253,
        200,
        133
    ],
    "88": [
        253,
        202,
        136
    ],
    "89": [
        253,
        204,
        140
    ],
    "90": [
        254,
        205,
        143
    ],
    "91": [
        254,
        207,
        146
    ],
    "92": [
        254,
        208,
        149
    ],
    "93": [
        254,
        210,
        153
    ],
    "94": [
        254,
        211,
        156
    ],
    "95": [
        254,
        213,
        159
    ],
    "96": [
        254,
        215,
        162
    ],
    "97": [
        254,
        216,
        166
    ],
    "98": [
        254,
        218,
        169
    ],
    "99": [
        254,
        219,
        172
    ],
    "100": [
        254,
        221,
        175
    ],
    "101": [
        254,
        222,
        179
    ],
    "102": [
        254,
        224,
        182
    ],
    "103": [
        254,
        225,
        185
    ],
    "104": [
        253,
        226,
        187
    ],
    "105": [
        253,
        227,
        190
    ],
    "106": [
        253,
        228,
        192
    ],
    "107": [
        253,
        229,
        195
    ],
    "108": [
        252,
        229,
        197
    ],
    "109": [
        252,
        230,
        200
    ],
    "110": [
        252,
        231,
        202
    ],
    "111": [
        252,
        232,
        205
    ],
    "112": [
        251,
        233,
        207
    ],
    "113": [
        251,
        234,
        210
    ],
    "114": [
        251,
        235,
        213
    ],
    "115": [
        250,
        236,
        215
    ],
    "116": [
        250,
        237,
        218
    ],
    "117": [
        250,
        238,
        220
    ],
    "118": [
        250,
        238,
        223
    ],
    "119": [
        249,
        239,
        225
    ],
    "120": [
        249,
        240,
        228
    ],
    "121": [
        249,
        241,
        230
    ],
    "122": [
        249,
        242,
        233
    ],
    "123": [
        248,
        243,
        236
    ],
    "124": [
        248,
        244,
        238
    ],
    "125": [
        248,
        245,
        241
    ],
    "126": [
        247,
        246,
        243
    ],
    "127": [
        247,
        247,
        246
    ],
    "128": [
        246,
        246,
        247
    ],
    "129": [
        245,
        245,
        246
    ],
    "130": [
        244,
        244,
        246
    ],
    "131": [
        243,
        243,
        245
    ],
    "132": [
        242,
        242,
        245
    ],
    "133": [
        240,
        241,
        244
    ],
    "134": [
        239,
        240,
        244
    ],
    "135": [
        238,
        238,
        243
    ],
    "136": [
        237,
        237,
        243
    ],
    "137": [
        235,
        236,
        243
    ],
    "138": [
        234,
        235,
        242
    ],
    "139": [
        233,
        234,
        242
    ],
    "140": [
        232,
        233,
        241
    ],
    "141": [
        231,
        232,
        241
    ],
    "142": [
        229,
        231,
        240
    ],
    "143": [
        228,
        229,
        240
    ],
    "144": [
        227,
        228,
        239
    ],
    "145": [
        226,
        227,
        239
    ],
    "146": [
        225,
        226,
        238
    ],
    "147": [
        223,
        225,
        238
    ],
    "148": [
        222,
        224,
        237
    ],
    "149": [
        221,
        223,
        237
    ],
    "150": [
        220,
        221,
        236
    ],
    "151": [
        218,
        220,
        236
    ],
    "152": [
        217,
        219,
        235
    ],
    "153": [
        216,
        218,
        235
    ],
    "154": [
        215,
        216,
        234
    ],
    "155": [
        213,
        214,
        233
    ],
    "156": [
        212,
        212,
        232
    ],
    "157": [
        210,
        211,
        231
    ],
    "158": [
        209,
        209,
        230
    ],
    "159": [
        207,
        207,
        229
    ],
    "160": [
        206,
        205,
        228
    ],
    "161": [
        204,
        203,
        227
    ],
    "162": [
        203,
        201,
        226
    ],
    "163": [
        201,
        200,
        225
    ],
    "164": [
        200,
        198,
        224
    ],
    "165": [
        198,
        196,
        223
    ],
    "166": [
        197,
        194,
        222
    ],
    "167": [
        195,
        192,
        221
    ],
    "168": [
        194,
        190,
        220
    ],
    "169": [
        192,
        189,
        219
    ],
    "170": [
        191,
        187,
        218
    ],
    "171": [
        189,
        185,
        217
    ],
    "172": [
        188,
        183,
        216
    ],
    "173": [
        186,
        181,
        215
    ],
    "174": [
        185,
        179,
        214
    ],
    "175": [
        183,
        177,
        213
    ],
    "176": [
        182,
        176,
        212
    ],
    "177": [
        180,
        174,
        211
    ],
    "178": [
        179,
        172,
        210
    ],
    "179": [
        177,
        170,
        209
    ],
    "180": [
        175,
        168,
        208
    ],
    "181": [
        173,
        166,
        206
    ],
    "182": [
        171,
        163,
        205
    ],
    "183": [
        169,
        161,
        203
    ],
    "184": [
        167,
        159,
        202
    ],
    "185": [
        165,
        157,
        200
    ],
    "186": [
        163,
        155,
        199
    ],
    "187": [
        161,
        152,
        197
    ],
    "188": [
        159,
        150,
        196
    ],
    "189": [
        157,
        148,
        194
    ],
    "190": [
        155,
        146,
        193
    ],
    "191": [
        153,
        144,
        191
    ],
    "192": [
        152,
        141,
        190
    ],
    "193": [
        150,
        139,
        188
    ],
    "194": [
        148,
        137,
        187
    ],
    "195": [
        146,
        135,
        185
    ],
    "196": [
        144,
        133,
        184
    ],
    "197": [
        142,
        130,
        182
    ],
    "198": [
        140,
        128,
        181
    ],
    "199": [
        138,
        126,
        179
    ],
    "200": [
        136,
        124,
        178
    ],
    "201": [
        134,
        122,
        176
    ],
    "202": [
        132,
        119,
        175
    ],
    "203": [
        130,
        117,
        173
    ],
    "204": [
        128,
        115,
        172
    ],
    "205": [
        126,
        112,
        171
    ],
    "206": [
        125,
        109,
        169
    ],
    "207": [
        123,
        106,
        168
    ],
    "208": [
        121,
        103,
        166
    ],
    "209": [
        119,
        100,
        165
    ],
    "210": [
        118,
        97,
        164
    ],
    "211": [
        116,
        94,
        162
    ],
    "212": [
        114,
        91,
        161
    ],
    "213": [
        112,
        88,
        159
    ],
    "214": [
        111,
        85,
        158
    ],
    "215": [
        109,
        82,
        156
    ],
    "216": [
        107,
        79,
        155
    ],
    "217": [
        106,
        76,
        154
    ],
    "218": [
        104,
        73,
        152
    ],
    "219": [
        102,
        70,
        151
    ],
    "220": [
        100,
        67,
        149
    ],
    "221": [
        99,
        64,
        148
    ],
    "222": [
        97,
        61,
        147
    ],
    "223": [
        95,
        58,
        145
    ],
    "224": [
        93,
        55,
        144
    ],
    "225": [
        92,
        52,
        142
    ],
    "226": [
        90,
        49,
        141
    ],
    "227": [
        88,
        46,
        140
    ],
    "228": [
        87,
        43,
        138
    ],
    "229": [
        85,
        40,
        137
    ],
    "230": [
        83,
        38,
        135
    ],
    "231": [
        82,
        37,
        132
    ],
    "232": [
        80,
        35,
        130
    ],
    "233": [
        79,
        34,
        128
    ],
    "234": [
        77,
        32,
        125
    ],
    "235": [
        76,
        31,
        123
    ],
    "236": [
        74,
        29,
        120
    ],
    "237": [
        73,
        28,
        118
    ],
    "238": [
        71,
        26,
        116
    ],
    "239": [
        69,
        24,
        113
    ],
    "240": [
        68,
        23,
        111
    ],
    "241": [
        66,
        21,
        108
    ],
    "242": [
        65,
        20,
        106
    ],
    "243": [
        63,
        18,
        104
    ],
    "244": [
        62,
        17,
        101
    ],
    "245": [
        60,
        15,
        99
    ],
    "246": [
        59,
        14,
        97
    ],
    "247": [
        57,
        12,
        94
    ],
    "248": [
        56,
        11,
        92
    ],
    "249": [
        54,
        9,
        89
    ],
    "250": [
        53,
        8,
        87
    ],
    "251": [
        51,
        6,
        85
    ],
    "252": [
        50,
        5,
        82
    ],
    "253": [
        48,
        3,
        80
    ],
    "254": [
        47,
        2,
        77
    ],
    "255": [
        45,
        0,
        75
    ]
}