{
    "0": [
        247,
        244,
        249
    ],
    "1": [
        246,
        243,
        249
    ],
    "2": [
        246,
        243,
        248
    ],
    "3": [
        245,
        242,
        248
    ],
    "4": [
        245,
        242,
        248
    ],
    "5": [
        244,
        241,
        247
    ],
    "6": [
        244,
        240,
        247
    ],
    "7": [
        243,
        240,
        247
    ],
    "8": [
        243,
        239,
        246
    ],
    "9": [
        242,
        239,
        246
    ],
    "10": [
        242,
        238,
        246
    ],
    "11": [
        241,
        237,
        246
    ],
    "12": [
        241,
        237,
        245
    ],
    "13": [
        240,
        236,
        245
    ],
    "14": [
        240,
        236,
        245
    ],
    "15": [
        239,
        235,
        244
    ],
    "16": [
        239,
        234,
        244
    ],
    "17": [
        238,
        234,
        244
    ],
    "18": [
        238,
        233,
        243
    ],
    "19": [
        237,
        233,
        243
    ],
    "20": [
        237,
        232,
        243
    ],
    "21": [
        236,
        231,
        242
    ],
    "22": [
        236,
        231,
        242
    ],
    "23": [
        235,
        230,
        242
    ],
    "24": [
        235,
        230,
        241
    ],
    "25": [
        234,
        229,
        241
    ],
    "26": [
        234,
        229,
        241
    ],
    "27": [
        233,
        228,
        241
    ],
    "28": [
        233,
        227,
        240
    ],
    "29": [
        232,
        227,
        240
    ],
    "30": [
        232,
        226,
        240
    ],
    "31": [
        231,
        226,
        239
    ],
    "32": [
        231,
        225,
        239
    ],
    "33": [
        230,
        224,
        238
    ],
    "34": [
        230,
        222,
        238
    ],
    "35": [
        229,
        221,
        237
    ],
    "36": [
        229,
        220,
        236
    ],
    "37": [
        228,
        219,
        236
    ],
    "38": [
        227,
        217,
        235
    ],
    "39": [
        227,
        216,
        234
    ],
    "40": [
        226,
        215,
        234
    ],
    "41": [
        226,
        214,
        233
    ],
    "42": [
        225,
        212,
        232
    ],
    "43": [
        224,
        211,
        232
    ],
    "44": [
        224,
        210,
        231
    ],
    "45": [
        223,
        209,
        230
    ],
    "46": [
        223,
        207,
        230
    ],
    "47": [
        222,
        206,
        229
    ],
    "48": [
        221,
        205,
        228
    ],
    "49": [
        221,
        204,
        228
    ],
    "50": [
        220,
        202,
        227
    ],
    "51": [
        220,
        201,
        226
    ],
    "52": [
        219,
        200,
        226
    ],
    "53": [
        218,
        198,
        225
    ],
    "54": [
        218,
        197,
        224
    ],
    "55": [
        217,
        196,
        224
    ],
    "56": [
        217,
        195,
        223
    ],
    "57": [
        216,
        193,
        222
    ],
    "58": [
        215,
        192,
        222
    ],
    "59": [
        215,
        191,
        221
    ],
    "60": [
        214,
        190,
        220
    ],
    "61": [
        214,
        188,
        220
    ],
    "62": [
        213,
        187,
        219
    ],
    "63": [
        212,
        186,
        218
    ],
    "64": [
        212,
        185,
        218
    ],
    "65": [
        212,
        184,
        217
    ],
    "66": [
        211,
        182,
        217
    ],
    "67": [
        211,
        181,
        216
    ],
    "68": [
        211,
        180,
        215
    ],
    "69": [
        210,
        179,
        215
    ],
    "70": [
        210,
        178,
        214
    ],
    "71": [
        209,
        177,
        214
    ],
    "72": [
        209,
        175,
        213
    ],
    "73": [
        209,
        174,
        212
    ],
    "74": [
        208,
        173,
        212
    ],
    "75": [
        208,
        172,
        211
    ],
    "76": [
        208,
        171,
        211
    ],
    "77": [
        207,
        170,
        210
    ],
    "78": [
        207,
        168,
        210
    ],
    "79": [
        207,
        167,
        209
    ],
    "80": [
        206,
        166,
        208
    ],
    "81": [
        206,
        165,
        208
    ],
    "82": [
        206,
        164,
        207
    ],
    "83": [
        205,
        163,
        207
    ],
    "84": [
        205,
        161,
        206
    ],
    "85": [
        205,
        160,
        205
    ],
    "86": [
        204,
        159,
        205
    ],
    "87": [
        204,
        158,
        204
    ],
    "88": [
        204,
        157,
        204
    ],
    "89": [
        203,
        156,
        203
    ],
    "90": [
        203,
        155,
        202
    ],
    "91": [
        203,
        153,
        202
    ],
    "92": [
        202,
        152,
        201
    ],
    "93": [
        202,
        151,
        201
    ],
    "94": [
        202,
        150,
        200
    ],
    "95": [
        201,
        149,
        199
    ],
    "96": [
        201,
        147,
        199
    ],
    "97": [
        202,
        146,
        198
    ],
    "98": [
        203,
        144,
        197
    ],
    "99": [
        203,
        143,
        197
    ],
    "100": [
        204,
        142,
        196
    ],
    "101": [
        205,
        140,
        195
    ],
    "102": [
        205,
        139,
        194
    ],
    "103": [
        206,
        137,
        194
    ],
    "104": [
        207,
        136,
        193
    ],
    "105": [
        207,
        134,
        192
    ],
    "106": [
        208,
        133,
        192
    ],
    "107": [
        209,
        131,
        191
    ],
    "108": [
        210,
        130,
        190
    ],
    "109": [
        210,
        128,
        189
    ],
    "110": [
        211,
        127,
        189
    ],
    "111": [
        212,
        125,
        188
    ],
    "112": [
        212,
        124,
        187
    ],
    "113": [
        213,
        122,
        186
    ],
    "114": [
        214,
        121,
        186
    ],
    "115": [
        214,
        119,
        185
    ],
    "116": [
        215,
        118,
        184
    ],
    "117": [
        216,
        116,
        184
    ],
    "118": [
        216,
        115,
        183
    ],
    "119": [
        217,
        114,
        182
    ],
    "120": [
        218,
        112,
        181
    ],
    "121": [
        219,
        111,
        181
    ],
    "122": [
        219,
        109,
        180
    ],
    "123": [
        220,
        108,
        179
    ],
    "124": [
        221,
        106,
        179
    ],
    "125": [
        221,
        105,
        178
    ],
    "126": [
        222,
        103,
        177
    ],
    "127": [
        223,
        102,
        176
    ],
    "128": [
        223,
        100,
        175
    ],
    "129": [
        223,
        98,
        174
    ],
    "130": [
        224,
        96,
        173
    ],
    "131": [
        224,
        94,
        172
    ],
    "132": [
        224,
        93,
        171
    ],
    "133": [
        224,
        91,
        169
    ],
    "134": [
        225,
        89,
        168
    ],
    "135": [
        225,
        87,
        167
    ],
    "136": [
        225,
        85,
        166
    ],
    "137": [
        225,
        83,
        165
    ],
    "138": [
        226,
        81,
        163
    ],
    "139": [
        226,
        79,
        162
    ],
    "140": [
        226,
        77,
        161
    ],
    "141": [
        226,
        76,
        160
    ],
    "142": [
        227,
        74,
        159
    ],
    "143": [
        227,
        72,
        158
    ],
    "144": [
        227,
        70,
        156
    ],
    "145": [
        227,
        68,
        155
    ],
    "146": [
        228,
        66,
        154
    ],
    "147": [
        228,
        64,
        153
    ],
    "148": [
        228,
        62,
        152
    ],
    "149": [
        228,
        61,
        150
    ],
    "150": [
        229,
        59,
        149
    ],
    "151": [
        229,
        57,
        148
    ],
    "152": [
        229,
        55,
        147
    ],
    "153": [
        229,
        53,
        146
    ],
    "154": [
        230,
        51,
        144
    ],
    "155": [
        230,
        49,
        143
    ],
    "156": [
        230,
        47,
        142
    ],
    "157": [
        230,
        45,
        141
    ],
    "158": [
        231,
        44,
        140
    ],
    "159": [
        231,
        42,
        138
    ],
    "160": [
        231,
        41,
        137
    ],
    "161": [
        230,
        40,
        135
    ],
    "162": [
        229,
        39,
        134
    ],
    "163": [
        228,
        38,
        132
    ],
    "164": [
        227,
        38,
        130
    ],
    "165": [
        227,
        37,
        129
    ],
    "166": [
        226,
        36,
        127
    ],
    "167": [
        225,
        35,
        126
    ],
    "168": [
        224,
        35,
        124
    ],
    "169": [
        223,
        34,
        122
    ],
    "170": [
        223,
        33,
        121
    ],
    "171": [
        222,
        33,
        119
    ],
    "172": [
        221,
        32,
        117
    ],
    "173": [
        220,
        31,
        116
    ],
    "174": [
        220,
        30,
        114
    ],
    "175": [
        219,
        30,
        113
    ],
    "176": [
        218,
        29,
        111
    ],
    "177": [
        217,
        28,
        109
    ],
    "178": [
        216,
        28,
        108
    ],
    "179": [
        216,
        27,
        106
    ],
    "180": [
        215,
        26,
        104
    ],
    "181": [
        214,
        25,
        103
    ],
    "182": [
        213,
        25,
        101
    ],
    "183": [
        212,
        24,
        99
    ],
    "184": [
        212,
        23,
        98
    ],
    "185": [
        211,
        23,
        96
    ],
    "186": [
        210,
        22,
        95
    ],
    "187": [
        209,
        21,
        93
    ],
    "188": [
        209,
        20,
        91
    ],
    "189": [
        208,
        20,
        90
    ],
    "190": [
        207,
        19,
        88
    ],
    "191": [
        206,
        18,
        86
    ],
    "192": [
        205,
        18,
        86
    ],
    "193": [
        203,
        17,
        85
    ],
    "194": [
        201,
        16,
        84
    ],
    "195": [
        200,
        16,
        84
    ],
    "196": [
        198,
        15,
        83
    ],
    "197": [
        196,
        15,
        83
    ],
    "198": [
        195,
        14,
        82
    ],
    "199": [
        193,
        14,
        81
    ],
    "200": [
        191,
        13,
        81
    ],
    "201": [
        189,
        12,
        80
    ],
    "202": [
        188,
        12,
        80
    ],
    "203": [
        186,
        11,
        79
    ],
    "204": [
        184,
        11,
        78
    ],
    "205": [
        183,
        10,
        78
    ],
    "206": [
        181,
        10,
        77
    ],
    "207": [
        179,
        9,
        77
    ],
    "208": [
        178,
        9,
        76
    ],
    "209": [
        176,
        8,
        75
    ],
    "210": [
        174,
        7,
        75
    ],
    "211": [
        173,
        7,
        74
    ],
    "212": [
        171,
        6,
        74
    ],
    "213": [
        169,
        6,
        73
    ],
    "214": [
        167,
        5,
        72
    ],
    "215": [
        166,
        5,
        72
    ],
    "216": [
        164,
        4,
        71
    ],
    "217": [
        162,
        3,
        71
    ],
    "218": [
        161,
        3,
        70
    ],
    "219": [
        159,
        2,
        69
    ],
    "220": [
        157,
        2,
        69
    ],
    "221": [
        156,
        1,
        68
    ],
    "222": [
        154,
        1,
        68
    ],
    "223": [
        152,
        0,
        67
    ],
    "224": [
        151,
        0,
        66
    ],
    "225": [
        149,
        0,
        65
    ],
    "226": [
        148,
        0,
        64
    ],
    "227": [
        146,
        0,
        63
    ],
    "228": [
        145,
        0,
        61
    ],
    "229": [
        143,
        0,
        60
    ],
    "230": [
        141,
        0,
        59
    ],
    "231": [
        140,
        0,
        58
    ],
    "232": [
        138,
        0,
        57
    ],
    "233": [
        137,
        0,
        56
    ],
    "234": [
        135,
        0,
        55
    ],
    "235": [
        134,
        0,
        54
    ],
    "236": [
        132,
        0,
        52
    ],
    "237": [
        131,
        0,
        51
    ],
    "238": [
        129,
        0,
        50
    ],
    "239": [
        128,
        0,
        49
    ],
    "240": [
        126,
        0,
        48
    ],
    "241": [
        125,
        0,
        47
    ],
    "242": [
        123,
        0,
        46
    ],
    "243": [
        121,
        0,
        45
    ],
    "244": [
        120,
        0,
        43
    ],
    "245": [
        118,
        0,
        42
    ],
    "246": [
        117,
        0,
        41
    ],
    "247": [
        115,
        0,
        40
    ],
    "248": [
        114,
        0,
        39
    ],
    "249": [
        112,
        0,
        38
    ],
    "250": [
        111,
        0,
        37
    ],
    "251": [
        109,
        0,
        36
    ],
    "252": [
        108,
        0,
        34
    ],
    "253": [
        106,
        0,
        33
    ],
    "254": [
        105,
        0,
        32
    ],
    "255": [
        103,
        0,
        31
    ]
}