{
    "0": [
        252,
        251,
        253
    ],
    "1": [
        252,
        251,
        253
    ],
    "2": [
        251,
        250,
        252
    ],
    "3": [
        251,
        250,
        252
    ],
    "4": [
        250,
        249,
        252
    ],
    "5": [
        250,
        249,
        252
    ],
    "6": [
        250,
        248,
        251
    ],
    "7": [
        249,
        248,
        251
    ],
    "8": [
        249,
        247,
        251
    ],
    "9": [
        248,
        247,
        251
    ],
    "10": [
        248,
        247,
        250
    ],
    "11": [
        248,
        246,
        250
    ],
    "12": [
        247,
        246,
        250
    ],
    "13": [
        247,
        245,
        250
    ],
    "14": [
        246,
        245,
        249
    ],
    "15": [
        246,
        244,
        249
    ],
    "16": [
        245,
        244,
        249
    ],
    "17": [
        245,
        244,
        249
    ],
    "18": [
        245,
        243,
        248
    ],
    "19": [
        244,
        243,
        248
    ],
    "20": [
        244,
        242,
        248
    ],
    "21": [
        243,
        242,
        248
    ],
    "22": [
        243,
        241,
        247
    ],
    "23": [
        243,
        241,
        247
    ],
    "24": [
        242,
        240,
        247
    ],
    "25": [
        242,
        240,
        247
    ],
    "26": [
        241,
        240,
        246
    ],
    "27": [
        241,
        239,
        246
    ],
    "28": [
        241,
        239,
        246
    ],
    "29": [
        240,
        238,
        246
    ],
    "30": [
        240,
        238,
        245
    ],
    "31": [
        239,
        237,
        245
    ],
    "32": [
        239,
        237,
        245
    ],
    "33": [
        238,
        236,
        245
    ],
    "34": [
        238,
        236,
        244
    ],
    "35": [
        237,
        235,
        244
    ],
    "36": [
        236,
        235,
        244
    ],
    "37": [
        236,
        234,
        243
    ],
    "38": [
        235,
        233,
        243
    ],
    "39": [
        234,
        233,
        243
    ],
    "40": [
        234,
        232,
        242
    ],
    "41": [
        233,
        232,
        242
    ],
    "42": [
        232,
        231,
        242
    ],
    "43": [
        232,
        230,
        242
    ],
    "44": [
        231,
        230,
        241
    ],
    "45": [
        230,
        229,
        241
    ],
    "46": [
        230,
        229,
        241
    ],
    "47": [
        229,
        228,
        240
    ],
    "48": [
        228,
        227,
        240
    ],
    "49": [
        228,
        227,
        240
    ],
    "50": [
        227,
        226,
        239
    ],
    "51": [
        226,
        226,
        239
    ],
    "52": [
        226,
        225,
        239
    ],
    "53": [
        225,
        224,
        238
    ],
    "54": [
        224,
        224,
        238
    ],
    "55": [
        224,
        223,
        238
    ],
    "56": [
        223,
        223,
        237
    ],
    "57": [
        222,
        222,
        237
    ],
    "58": [
        222,
        221,
        237
    ],
    "59": [
        221,
        221,
        236
    ],
    "60": [
        220,
        220,
        236
    ],
    "61": [
        220,
        220,
        236
    ],
    "62": [
        219,
        219,
        236
    ],
    "63": [
        218,
        218,
        235
    ],
    "64": [
        218,
        218,
        235
    ],
    "65": [
        217,
        217,
        234
    ],
    "66": [
        216,
        216,
        234
    ],
    "67": [
        215,
        215,
        233
    ],
    "68": [
        214,
        214,
        233
    ],
    "69": [
        213,
        213,
        233
    ],
    "70": [
        212,
        212,
        232
    ],
    "71": [
        211,
        211,
        232
    ],
    "72": [
        210,
        210,
        231
    ],
    "73": [
        209,
        210,
        231
    ],
    "74": [
        208,
        209,
        230
    ],
    "75": [
        207,
        208,
        230
    ],
    "76": [
        206,
        207,
        229
    ],
    "77": [
        206,
        206,
        229
    ],
    "78": [
        205,
        205,
        228
    ],
    "79": [
        204,
        204,
        228
    ],
    "80": [
        203,
        203,
        227
    ],
    "81": [
        202,
        202,
        227
    ],
    "82": [
        201,
        201,
        226
    ],
    "83": [
        200,
        200,
        226
    ],
    "84": [
        199,
        200,
        225
    ],
    "85": [
        198,
        199,
        225
    ],
    "86": [
        197,
        198,
        225
    ],
    "87": [
        196,
        197,
        224
    ],
    "88": [
        195,
        196,
        224
    ],
    "89": [
        194,
        195,
        223
    ],
    "90": [
        193,
        194,
        223
    ],
    "91": [
        192,
        193,
        222
    ],
    "92": [
        191,
        192,
        222
    ],
    "93": [
        190,
        191,
        221
    ],
    "94": [
        190,
        190,
        221
    ],
    "95": [
        189,
        190,
        220
    ],
    "96": [
        188,
        189,
        220
    ],
    "97": [
        187,
        187,
        219
    ],
    "98": [
        186,
        186,
        219
    ],
    "99": [
        185,
        185,
        218
    ],
    "100": [
        184,
        184,
        217
    ],
    "101": [
        183,
        183,
        217
    ],
    "102": [
        182,
        182,
        216
    ],
    "103": [
        181,
        181,
        215
    ],
    "104": [
        180,
        180,
        215
    ],
    "105": [
        179,
        179,
        214
    ],
    "106": [
        178,
        178,
        213
    ],
    "107": [
        177,
        177,
        213
    ],
    "108": [
        176,
        175,
        212
    ],
    "109": [
        175,
        174,
        212
    ],
    "110": [
        174,
        173,
        211
    ],
    "111": [
        174,
        172,
        210
    ],
    "112": [
        173,
        171,
        210
    ],
    "113": [
        172,
        170,
        209
    ],
    "114": [
        171,
        169,
        208
    ],
    "115": [
        170,
        168,
        208
    ],
    "116": [
        169,
        167,
        207
    ],
    "117": [
        168,
        166,
        207
    ],
    "118": [
        167,
        164,
        206
    ],
    "119": [
        166,
        163,
        205
    ],
    "120": [
        165,
        162,
        205
    ],
    "121": [
        164,
        161,
        204
    ],
    "122": [
        163,
        160,
        203
    ],
    "123": [
        162,
        159,
        203
    ],
    "124": [
        161,
        158,
        202
    ],
    "125": [
        160,
        157,
        202
    ],
    "126": [
        159,
        156,
        201
    ],
    "127": [
        158,
        155,
        200
    ],
    "128": [
        158,
        154,
        200
    ],
    "129": [
        157,
        153,
        199
    ],
    "130": [
        156,
        152,
        199
    ],
    "131": [
        155,
        151,
        198
    ],
    "132": [
        154,
        150,
        198
    ],
    "133": [
        153,
        149,
        198
    ],
    "134": [
        152,
        148,
        197
    ],
    "135": [
        151,
        147,
        197
    ],
    "136": [
        150,
        146,
        196
    ],
    "137": [
        149,
        145,
        196
    ],
    "138": [
        148,
        144,
        195
    ],
    "139": [
        147,
        144,
        195
    ],
    "140": [
        146,
        143,
        195
    ],
    "141": [
        145,
        142,
        194
    ],
    "142": [
        144,
        141,
        194
    ],
    "143": [
        143,
        140,
        193
    ],
    "144": [
        142,
        139,
        193
    ],
    "145": [
        142,
        138,
        192
    ],
    "146": [
        141,
        137,
        192
    ],
    "147": [
        140,
        136,
        191
    ],
    "148": [
        139,
        135,
        191
    ],
    "149": [
        138,
        134,
        191
    ],
    "150": [
        137,
        134,
        190
    ],
    "151": [
        136,
        133,
        190
    ],
    "152": [
        135,
        132,
        189
    ],
    "153": [
        134,
        131,
        189
    ],
    "154": [
        133,
        130,
        188
    ],
    "155": [
        132,
        129,
        188
    ],
    "156": [
        131,
        128,
        187
    ],
    "157": [
        130,
        127,
        187
    ],
    "158": [
        129,
        126,
        187
    ],
    "159": [
        128,
        125,
        186
    ],
    "160": [
        128,
        124,
        186
    ],
    "161": [
        127,
        123,
        185
    ],
    "162": [
        126,
        121,
        184
    ],
    "163": [
        125,
        120,
        183
    ],
    "164": [
        125,
        119,
        183
    ],
    "165": [
        124,
        117,
        182
    ],
    "166": [
        123,
        116,
        181
    ],
    "167": [
        123,
        114,
        180
    ],
    "168": [
        122,
        113,
        180
    ],
    "169": [
        121,
        112,
        179
    ],
    "170": [
        121,
        110,
        178
    ],
    "171": [
        120,
        109,
        178
    ],
    "172": [
        119,
        108,
        177
    ],
    "173": [
        119,
        106,
        176
    ],
    "174": [
        118,
        105,
        175
    ],
    "175": [
        117,
        103,
        175
    ],
    "176": [
        117,
        102,
        174
    ],
    "177": [
        116,
        101,
        173
    ],
    "178": [
        115,
        99,
        173
    ],
    "179": [
        114,
        98,
        172
    ],
    "180": [
        114,
        97,
        171
    ],
    "181": [
        113,
        95,
        170
    ],
    "182": [
        112,
        94,
        170
    ],
    "183": [
        112,
        92,
        169
    ],
    "184": [
        111,
        91,
        168
    ],
    "185": [
        110,
        90,
        168
    ],
    "186": [
        110,
        88,
        167
    ],
    "187": [
        109,
        87,
        166
    ],
    "188": [
        108,
        85,
        165
    ],
    "189": [
        108,
        84,
        165
    ],
    "190": [
        107,
        83,
        164
    ],
    "191": [
        106,
        81,
        163
    ],
    "192": [
        105,
        80,
        163
    ],
    "193": [
        105,
        79,
        162
    ],
    "194": [
        104,
        77,
        161
    ],
    "195": [
        103,
        76,
        161
    ],
    "196": [
        103,
        75,
        160
    ],
    "197": [
        102,
        73,
        159
    ],
    "198": [
        101,
        72,
        159
    ],
    "199": [
        101,
        71,
        158
    ],
    "200": [
        100,
        69,
        158
    ],
    "201": [
        99,
        68,
        157
    ],
    "202": [
        99,
        67,
        156
    ],
    "203": [
        98,
        66,
        156
    ],
    "204": [
        97,
        64,
        155
    ],
    "205": [
        97,
        63,
        154
    ],
    "206": [
        96,
        62,
        154
    ],
    "207": [
        95,
        60,
        153
    ],
    "208": [
        94,
        59,
        152
    ],
    "209": [
        94,
        58,
        152
    ],
    "210": [
        93,
        56,
        151
    ],
    "211": [
        92,
        55,
        151
    ],
    "212": [
        92,
        54,
        150
    ],
    "213": [
        91,
        52,
        149
    ],
    "214": [
        90,
        51,
        149
    ],
    "215": [
        90,
        50,
        148
    ],
    "216": [
        89,
        48,
        147
    ],
    "217": [
        88,
        47,
        147
    ],
    "218": [
        88,
        46,
        146
    ],
    "219": [
        87,
        44,
        146
    ],
    "220": [
        86,
        43,
        145
    ],
    "221": [
        85,
        42,
        144
    ],
    "222": [
        85,
        40,
        144
    ],
    "223": [
        84,
        39,
        143
    ],
    "224": [
        83,
        38,
        143
    ],
    "225": [
        83,
        37,
        142
    ],
    "226": [
        82,
        35,
        141
    ],
    "227": [
        81,
        34,
        141
    ],
    "228": [
        81,
        33,
        140
    ],
    "229": [
        80,
        32,
        140
    ],
    "230": [
        79,
        31,
        139
    ],
    "231": [
        79,
        29,
        139
    ],
    "232": [
        78,
        28,
        138
    ],
    "233": [
        77,
        27,
        137
    ],
    "234": [
        77,
        26,
        137
    ],
    "235": [
        76,
        24,
        136
    ],
    "236": [
        76,
        23,
        136
    ],
    "237": [
        75,
        22,
        135
    ],
    "238": [
        74,
        21,
        135
    ],
    "239": [
        74,
        20,
        134
    ],
    "240": [
        73,
        18,
        133
    ],
    "241": [
        72,
        17,
        133
    ],
    "242": [
        72,
        16,
        132
    ],
    "243": [
        71,
        15,
        132
    ],
    "244": [
        70,
        13,
        131
    ],
    "245": [
        70,
        12,
        131
    ],
    "246": [
        69,
        11,
        130
    ],
    "247": [
        68,
        10,
        130
    ],
    "248": [
        68,
        9,
        129
    ],
    "249": [
        67,
        7,
        128
    ],
    "250": [
        66,
        6,
        128
    ],
    "251": [
        66,
        5,
        127
    ],
    "252": [
        65,
        4,
        127
    ],
    "253": [
        64,
        2,
        126
    ],
    "254": [
        64,
        1,
        126
    ],
    "255": [
        63,
        0,
        125
    ]
}