{
    "0": [
        128,
        0,
        255
    ],
    "1": [
        126,
        3,
        255
    ],
    "2": [
        124,
        6,
        255
    ],
    "3": [
        122,
        9,
        255
    ],
    "4": [
        120,
        13,
        255
    ],
    "5": [
        118,
        16,
        255
    ],
    "6": [
        116,
        19,
        255
    ],
    "7": [
        114,
        22,
        255
    ],
    "8": [
        112,
        25,
        255
    ],
    "9": [
        110,
        28,
        255
    ],
    "10": [
        108,
        31,
        255
    ],
    "11": [
        106,
        34,
        254
    ],
    "12": [
        104,
        38,
        254
    ],
    "13": [
        102,
        41,
        254
    ],
    "14": [
        100,
        44,
        254
    ],
    "15": [
        98,
        47,
        254
    ],
    "16": [
        96,
        50,
        254
    ],
    "17": [
        94,
        53,
        254
    ],
    "18": [
        92,
        56,
        253
    ],
    "19": [
        90,
        59,
        253
    ],
    "20": [
        88,
        62,
        253
    ],
    "21": [
        86,
        65,
        253
    ],
    "22": [
        84,
        68,
        253
    ],
    "23": [
        82,
        71,
        252
    ],
    "24": [
        80,
        74,
        252
    ],
    "25": [
        78,
        77,
        252
    ],
    "26": [
        76,
        80,
        252
    ],
    "27": [
        74,
        83,
        251
    ],
    "28": [
        72,
        86,
        251
    ],
    "29": [
        70,
        89,
        251
    ],
    "30": [
        68,
        92,
        251
    ],
    "31": [
        66,
        95,
        250
    ],
    "32": [
        64,
        98,
        250
    ],
    "33": [
        62,
        101,
        250
    ],
    "34": [
        60,
        104,
        249
    ],
    "35": [
        57,
        107,
        249
    ],
    "36": [
        56,
        109,
        249
    ],
    "37": [
        54,
        112,
        248
    ],
    "38": [
        52,
        115,
        248
    ],
    "39": [
        49,
        118,
        248
    ],
    "40": [
        48,
        121,
        247
    ],
    "41": [
        46,
        123,
        247
    ],
    "42": [
        44,
        126,
        247
    ],
    "43": [
        41,
        129,
        246
    ],
    "44": [
        40,
        132,
        246
    ],
    "45": [
        38,
        134,
        245
    ],
    "46": [
        36,
        137,
        245
    ],
    "47": [
        33,
        140,
        244
    ],
    "48": [
        32,
        142,
        244
    ],
    "49": [
        30,
        145,
        243
    ],
    "50": [
        28,
        147,
        243
    ],
    "51": [
        25,
        150,
        243
    ],
    "52": [
        24,
        152,
        242
    ],
    "53": [
        22,
        155,
        242
    ],
    "54": [
        20,
        157,
        241
    ],
    "55": [
        17,
        160,
        241
    ],
    "56": [
        16,
        162,
        240
    ],
    "57": [
        14,
        165,
        239
    ],
    "58": [
        12,
        167,
        239
    ],
    "59": [
        9,
        169,
        238
    ],
    "60": [
        8,
        172,
        238
    ],
    "61": [
        6,
        174,
        237
    ],
    "62": [
        4,
        176,
        237
    ],
    "63": [
        1,
        179,
        236
    ],
    "64": [
        0,
        181,
        235
    ],
    "65": [
        2,
        183,
        235
    ],
    "66": [
        4,
        185,
        234
    ],
    "67": [
        7,
        187,
        234
    ],
    "68": [
        8,
        190,
        233
    ],
    "69": [
        10,
        192,
        232
    ],
    "70": [
        13,
        194,
        232
    ],
    "71": [
        15,
        196,
        231
    ],
    "72": [
        16,
        198,
        230
    ],
    "73": [
        18,
        200,
        230
    ],
    "74": [
        20,
        202,
        229
    ],
    "75": [
        23,
        203,
        228
    ],
    "76": [
        24,
        205,
        228
    ],
    "77": [
        26,
        207,
        227
    ],
    "78": [
        29,
        209,
        226
    ],
    "79": [
        31,
        211,
        225
    ],
    "80": [
        32,
        213,
        225
    ],
    "81": [
        34,
        214,
        224
    ],
    "82": [
        36,
        216,
        223
    ],
    "83": [
        39,
        218,
        222
    ],
    "84": [
        40,
        219,
        222
    ],
    "85": [
        42,
        221,
        221
    ],
    "86": [
        45,
        222,
        220
    ],
    "87": [
        47,
        224,
        219
    ],
    "88": [
        48,
        225,
        218
    ],
    "89": [
        50,
        227,
        218
    ],
    "90": [
        52,
        228,
        217
    ],
    "91": [
        55,
        230,
        216
    ],
    "92": [
        56,
        231,
        215
    ],
    "93": [
        58,
        232,
        214
    ],
    "94": [
        61,
        234,
        213
    ],
    "95": [
        63,
        235,
        213
    ],
    "96": [
        64,
        236,
        212
    ],
    "97": [
        66,
        237,
        211
    ],
    "98": [
        68,
        238,
        210
    ],
    "99": [
        70,
        239,
        209
    ],
    "100": [
        72,
        241,
        208
    ],
    "101": [
        74,
        242,
        207
    ],
    "102": [
        77,
        243,
        206
    ],
    "103": [
        78,
        243,
        205
    ],
    "104": [
        80,
        244,
        204
    ],
    "105": [
        82,
        245,
        203
    ],
    "106": [
        84,
        246,
        203
    ],
    "107": [
        86,
        247,
        202
    ],
    "108": [
        88,
        248,
        201
    ],
    "109": [
        90,
        248,
        200
    ],
    "110": [
        93,
        249,
        199
    ],
    "111": [
        94,
        250,
        198
    ],
    "112": [
        96,
        250,
        197
    ],
    "113": [
        98,
        251,
        196
    ],
    "114": [
        100,
        251,
        195
    ],
    "115": [
        102,
        252,
        194
    ],
    "116": [
        104,
        252,
        193
    ],
    "117": [
        106,
        253,
        192
    ],
    "118": [
        109,
        253,
        191
    ],
    "119": [
        110,
        254,
        190
    ],
    "120": [
        112,
        254,
        188
    ],
    "121": [
        114,
        254,
        187
    ],
    "122": [
        116,
        254,
        186
    ],
    "123": [
        118,
        255,
        185
    ],
    "124": [
        120,
        255,
        184
    ],
    "125": [
        122,
        255,
        183
    ],
    "126": [
        125,
        255,
        182
    ],
    "127": [
        126,
        255,
        181
    ],
    "128": [
        128,
        255,
        180
    ],
    "129": [
        130,
        255,
        179
    ],
    "130": [
        132,
        255,
        178
    ],
    "131": [
        134,
        255,
        176
    ],
    "132": [
        136,
        255,
        175
    ],
    "133": [
        139,
        254,
        174
    ],
    "134": [
        140,
        254,
        173
    ],
    "135": [
        142,
        254,
        172
    ],
    "136": [
        144,
        254,
        171
    ],
    "137": [
        146,
        253,
        169
    ],
    "138": [
        148,
        253,
        168
    ],
    "139": [
        150,
        252,
        167
    ],
    "140": [
        153,
        252,
        166
    ],
    "141": [
        155,
        251,
        165
    ],
    "142": [
        156,
        251,
        164
    ],
    "143": [
        158,
        250,
        162
    ],
    "144": [
        160,
        250,
        161
    ],
    "145": [
        162,
        249,
        160
    ],
    "146": [
        164,
        248,
        159
    ],
    "147": [
        166,
        248,
        157
    ],
    "148": [
        168,
        247,
        156
    ],
    "149": [
        171,
        246,
        155
    ],
    "150": [
        172,
        245,
        154
    ],
    "151": [
        174,
        244,
        152
    ],
    "152": [
        176,
        243,
        151
    ],
    "153": [
        178,
        243,
        150
    ],
    "154": [
        180,
        242,
        149
    ],
    "155": [
        182,
        241,
        147
    ],
    "156": [
        185,
        239,
        146
    ],
    "157": [
        187,
        238,
        145
    ],
    "158": [
        188,
        237,
        143
    ],
    "159": [
        190,
        236,
        142
    ],
    "160": [
        192,
        235,
        141
    ],
    "161": [
        194,
        234,
        140
    ],
    "162": [
        196,
        232,
        138
    ],
    "163": [
        198,
        231,
        137
    ],
    "164": [
        200,
        230,
        136
    ],
    "165": [
        203,
        228,
        134
    ],
    "166": [
        204,
        227,
        133
    ],
    "167": [
        206,
        225,
        132
    ],
    "168": [
        208,
        224,
        130
    ],
    "169": [
        210,
        222,
        129
    ],
    "170": [
        212,
        221,
        128
    ],
    "171": [
        214,
        219,
        126
    ],
    "172": [
        217,
        218,
        125
    ],
    "173": [
        219,
        216,
        123
    ],
    "174": [
        220,
        214,
        122
    ],
    "175": [
        222,
        213,
        121
    ],
    "176": [
        224,
        211,
        119
    ],
    "177": [
        226,
        209,
        118
    ],
    "178": [
        228,
        207,
        116
    ],
    "179": [
        230,
        205,
        115
    ],
    "180": [
        232,
        203,
        114
    ],
    "181": [
        235,
        202,
        112
    ],
    "182": [
        236,
        200,
        111
    ],
    "183": [
        238,
        198,
        109
    ],
    "184": [
        240,
        196,
        108
    ],
    "185": [
        242,
        194,
        107
    ],
    "186": [
        244,
        192,
        105
    ],
    "187": [
        246,
        190,
        104
    ],
    "188": [
        249,
        187,
        102
    ],
    "189": [
        251,
        185,
        101
    ],
    "190": [
        252,
        183,
        99
    ],
    "191": [
        254,
        181,
        98
    ],
    "192": [
        255,
        179,
        96
    ],
    "193": [
        255,
        176,
        95
    ],
    "194": [
        255,
        174,
        94
    ],
    "195": [
        255,
        172,
        92
    ],
    "196": [
        255,
        169,
        91
    ],
    "197": [
        255,
        167,
        89
    ],
    "198": [
        255,
        165,
        88
    ],
    "199": [
        255,
        162,
        86
    ],
    "200": [
        255,
        160,
        85
    ],
    "201": [
        255,
        157,
        83
    ],
    "202": [
        255,
        155,
        82
    ],
    "203": [
        255,
        152,
        80
    ],
    "204": [
        255,
        150,
        79
    ],
    "205": [
        255,
        147,
        77
    ],
    "206": [
        255,
        145,
        76
    ],
    "207": [
        255,
        142,
        74
    ],
    "208": [
        255,
        140,
        73
    ],
    "209": [
        255,
        137,
        71
    ],
    "210": [
        255,
        134,
        70
    ],
    "211": [
        255,
        132,
        68
    ],
    "212": [
        255,
        129,
        67
    ],
    "213": [
        255,
        126,
        65
    ],
    "214": [
        255,
        123,
        64
    ],
    "215": [
        255,
        121,
        62
    ],
    "216": [
        255,
        118,
        61
    ],
    "217": [
        255,
        115,
        59
    ],
    "218": [
        255,
        112,
        58
    ],
    "219": [
        255,
        109,
        56
    ],
    "220": [
        255,
        107,
        55
    ],
    "221": [
        255,
        104,
        53
    ],
    "222": [
        255,
        101,
        51
    ],
    "223": [
        255,
        98,
        50
    ],
    "224": [
        255,
        95,
        48
    ],
    "225": [
        255,
        92,
        47
    ],
    "226": [
        255,
        89,
        45
    ],
    "227": [
        255,
        86,
        44
    ],
    "228": [
        255,
        83,
        42
    ],
    "229": [
        255,
        80,
        41
    ],
    "230": [
        255,
        77,
        39
    ],
    "231": [
        255,
        74,
        38
    ],
    "232": [
        255,
        71,
        36
    ],
    "233": [
        255,
        68,
        34
    ],
    "234": [
        255,
        65,
        33
    ],
    "235": [
        255,
        62,
        31
    ],
    "236": [
        255,
        59,
        30
    ],
    "237": [
        255,
        56,
        28
    ],
    "238": [
        255,
        53,
        27
    ],
    "239": [
        255,
        50,
        25
    ],
    "240": [
        255,
        47,
        24
    ],
    "241": [
        255,
        44,
        22
    ],
    "242": [
        255,
        41,
        20
    ],
    "243": [
        255,
        38,
        19
    ],
    "244": [
        255,
        34,
        17
    ],
    "245": [
        255,
        31,
        16
    ],
    "246": [
        255,
        28,
        14
    ],
    "247": [
        255,
        25,
        13
    ],
    "248": [
        255,
        22,
        11
    ],
    "249": [
        255,
        19,
        9
    ],
    "250": [
        255,
        16,
        8
    ],
    "251": [
        255,
        13,
        6
    ],
    "252": [
        255,
        9,
        5
    ],
    "253": [
        255,
        6,
        3
    ],
    "254": [
        255,
        3,
        2
    ],
    "255": [
        255,
        0,
        0
    ]
}