{
    "0": [
        103,
        0,
        31
    ],
    "1": [
        106,
        1,
        31
    ],
    "2": [
        109,
        2,
        32
    ],
    "3": [
        112,
        3,
        32
    ],
    "4": [
        115,
        4,
        33
    ],
    "5": [
        118,
        5,
        33
    ],
    "6": [
        121,
        6,
        34
    ],
    "7": [
        124,
        7,
        34
    ],
    "8": [
        127,
        8,
        35
    ],
    "9": [
        129,
        8,
        35
    ],
    "10": [
        132,
        9,
        36
    ],
    "11": [
        135,
        10,
        36
    ],
    "12": [
        138,
        11,
        37
    ],
    "13": [
        141,
        12,
        37
    ],
    "14": [
        144,
        13,
        38
    ],
    "15": [
        147,
        14,
        38
    ],
    "16": [
        150,
        15,
        39
    ],
    "17": [
        153,
        16,
        39
    ],
    "18": [
        156,
        17,
        39
    ],
    "19": [
        159,
        18,
        40
    ],
    "20": [
        162,
        19,
        40
    ],
    "21": [
        165,
        20,
        41
    ],
    "22": [
        168,
        21,
        41
    ],
    "23": [
        171,
        22,
        42
    ],
    "24": [
        174,
        23,
        42
    ],
    "25": [
        177,
        24,
        43
    ],
    "26": [
        179,
        25,
        44
    ],
    "27": [
        180,
        28,
        45
    ],
    "28": [
        182,
        31,
        46
    ],
    "29": [
        183,
        34,
        48
    ],
    "30": [
        184,
        37,
        49
    ],
    "31": [
        186,
        40,
        50
    ],
    "32": [
        187,
        42,
        52
    ],
    "33": [
        189,
        45,
        53
    ],
    "34": [
        190,
        48,
        54
    ],
    "35": [
        191,
        51,
        56
    ],
    "36": [
        193,
        54,
        57
    ],
    "37": [
        194,
        56,
        58
    ],
    "38": [
        196,
        59,
        60
    ],
    "39": [
        197,
        62,
        61
    ],
    "40": [
        198,
        65,
        62
    ],
    "41": [
        200,
        68,
        64
    ],
    "42": [
        201,
        71,
        65
    ],
    "43": [
        203,
        73,
        66
    ],
    "44": [
        204,
        76,
        68
    ],
    "45": [
        206,
        79,
        69
    ],
    "46": [
        207,
        82,
        70
    ],
    "47": [
        208,
        85,
        72
    ],
    "48": [
        210,
        88,
        73
    ],
    "49": [
        211,
        90,
        74
    ],
    "50": [
        213,
        93,
        76
    ],
    "51": [
        214,
        96,
        77
    ],
    "52": [
        215,
        99,
        79
    ],
    "53": [
        216,
        101,
        81
    ],
    "54": [
        218,
        104,
        83
    ],
    "55": [
        219,
        107,
        85
    ],
    "56": [
        220,
        110,
        87
    ],
    "57": [
        221,
        112,
        89
    ],
    "58": [
        222,
        115,
        92
    ],
    "59": [
        223,
        118,
        94
    ],
    "60": [
        225,
        120,
        96
    ],
    "61": [
        226,
        123,
        98
    ],
    "62": [
        227,
        126,
        100
    ],
    "63": [
        228,
        128,
        102
    ],
    "64": [
        229,
        131,
        104
    ],
    "65": [
        230,
        134,
        106
    ],
    "66": [
        232,
        137,
        108
    ],
    "67": [
        233,
        139,
        110
    ],
    "68": [
        234,
        142,
        112
    ],
    "69": [
        235,
        145,
        114
    ],
    "70": [
        236,
        147,
        116
    ],
    "71": [
        238,
        150,
        119
    ],
    "72": [
        239,
        153,
        121
    ],
    "73": [
        240,
        156,
        123
    ],
    "74": [
        241,
        158,
        125
    ],
    "75": [
        242,
        161,
        127
    ],
    "76": [
        243,
        164,
        129
    ],
    "77": [
        244,
        166,
        131
    ],
    "78": [
        245,
        168,
        134
    ],
    "79": [
        245,
        170,
        137
    ],
    "80": [
        245,
        172,
        139
    ],
    "81": [
        246,
        175,
        142
    ],
    "82": [
        246,
        177,
        145
    ],
    "83": [
        246,
        179,
        148
    ],
    "84": [
        247,
        181,
        150
    ],
    "85": [
        247,
        183,
        153
    ],
    "86": [
        247,
        185,
        156
    ],
    "87": [
        248,
        187,
        158
    ],
    "88": [
        248,
        189,
        161
    ],
    "89": [
        248,
        191,
        164
    ],
    "90": [
        249,
        194,
        167
    ],
    "91": [
        249,
        196,
        169
    ],
    "92": [
        249,
        198,
        172
    ],
    "93": [
        250,
        200,
        175
    ],
    "94": [
        250,
        202,
        177
    ],
    "95": [
        251,
        204,
        180
    ],
    "96": [
        251,
        206,
        183
    ],
    "97": [
        251,
        208,
        185
    ],
    "98": [
        252,
        211,
        188
    ],
    "99": [
        252,
        213,
        191
    ],
    "100": [
        252,
        215,
        194
    ],
    "101": [
        253,
        217,
        196
    ],
    "102": [
        253,
        219,
        199
    ],
    "103": [
        253,
        220,
        201
    ],
    "104": [
        253,
        221,
        203
    ],
    "105": [
        252,
        222,
        205
    ],
    "106": [
        252,
        223,
        207
    ],
    "107": [
        252,
        224,
        208
    ],
    "108": [
        252,
        226,
        210
    ],
    "109": [
        251,
        227,
        212
    ],
    "110": [
        251,
        228,
        214
    ],
    "111": [
        251,
        229,
        216
    ],
    "112": [
        251,
        230,
        218
    ],
    "113": [
        250,
        231,
        220
    ],
    "114": [
        250,
        232,
        222
    ],
    "115": [
        250,
        233,
        223
    ],
    "116": [
        250,
        234,
        225
    ],
    "117": [
        249,
        235,
        227
    ],
    "118": [
        249,
        237,
        229
    ],
    "119": [
        249,
        238,
        231
    ],
    "120": [
        249,
        239,
        233
    ],
    "121": [
        249,
        240,
        235
    ],
    "122": [
        248,
        241,
        237
    ],
    "123": [
        248,
        242,
        239
    ],
    "124": [
        248,
        243,
        240
    ],
    "125": [
        248,
        244,
        242
    ],
    "126": [
        247,
        245,
        244
    ],
    "127": [
        247,
        246,
        246
    ],
    "128": [
        246,
        247,
        247
    ],
    "129": [
        245,
        246,
        247
    ],
    "130": [
        243,
        245,
        246
    ],
    "131": [
        242,
        245,
        246
    ],
    "132": [
        240,
        244,
        246
    ],
    "133": [
        239,
        243,
        245
    ],
    "134": [
        237,
        242,
        245
    ],
    "135": [
        236,
        242,
        245
    ],
    "136": [
        234,
        241,
        245
    ],
    "137": [
        233,
        240,
        244
    ],
    "138": [
        231,
        240,
        244
    ],
    "139": [
        230,
        239,
        244
    ],
    "140": [
        228,
        238,
        244
    ],
    "141": [
        227,
        237,
        243
    ],
    "142": [
        225,
        237,
        243
    ],
    "143": [
        224,
        236,
        243
    ],
    "144": [
        222,
        235,
        242
    ],
    "145": [
        221,
        235,
        242
    ],
    "146": [
        219,
        234,
        242
    ],
    "147": [
        218,
        233,
        242
    ],
    "148": [
        216,
        233,
        241
    ],
    "149": [
        215,
        232,
        241
    ],
    "150": [
        213,
        231,
        241
    ],
    "151": [
        212,
        230,
        241
    ],
    "152": [
        210,
        230,
        240
    ],
    "153": [
        209,
        229,
        240
    ],
    "154": [
        207,
        228,
        239
    ],
    "155": [
        204,
        226,
        239
    ],
    "156": [
        202,
        225,
        238
    ],
    "157": [
        199,
        224,
        237
    ],
    "158": [
        197,
        223,
        236
    ],
    "159": [
        194,
        221,
        236
    ],
    "160": [
        192,
        220,
        235
    ],
    "161": [
        189,
        219,
        234
    ],
    "162": [
        187,
        218,
        234
    ],
    "163": [
        184,
        216,
        233
    ],
    "164": [
        182,
        215,
        232
    ],
    "165": [
        179,
        214,
        232
    ],
    "166": [
        177,
        213,
        231
    ],
    "167": [
        174,
        211,
        230
    ],
    "168": [
        172,
        210,
        229
    ],
    "169": [
        169,
        209,
        229
    ],
    "170": [
        167,
        208,
        228
    ],
    "171": [
        165,
        206,
        227
    ],
    "172": [
        162,
        205,
        227
    ],
    "173": [
        160,
        204,
        226
    ],
    "174": [
        157,
        203,
        225
    ],
    "175": [
        155,
        201,
        224
    ],
    "176": [
        152,
        200,
        224
    ],
    "177": [
        150,
        199,
        223
    ],
    "178": [
        147,
        198,
        222
    ],
    "179": [
        144,
        196,
        221
    ],
    "180": [
        141,
        194,
        220
    ],
    "181": [
        138,
        192,
        219
    ],
    "182": [
        135,
        190,
        218
    ],
    "183": [
        132,
        188,
        217
    ],
    "184": [
        129,
        186,
        216
    ],
    "185": [
        126,
        184,
        215
    ],
    "186": [
        123,
        182,
        214
    ],
    "187": [
        120,
        180,
        213
    ],
    "188": [
        117,
        178,
        212
    ],
    "189": [
        113,
        176,
        211
    ],
    "190": [
        110,
        174,
        210
    ],
    "191": [
        107,
        172,
        209
    ],
    "192": [
        104,
        171,
        208
    ],
    "193": [
        101,
        169,
        207
    ],
    "194": [
        98,
        167,
        206
    ],
    "195": [
        95,
        165,
        205
    ],
    "196": [
        92,
        163,
        203
    ],
    "197": [
        89,
        161,
        202
    ],
    "198": [
        86,
        159,
        201
    ],
    "199": [
        82,
        157,
        200
    ],
    "200": [
        79,
        155,
        199
    ],
    "201": [
        76,
        153,
        198
    ],
    "202": [
        73,
        151,
        197
    ],
    "203": [
        70,
        149,
        196
    ],
    "204": [
        67,
        147,
        195
    ],
    "205": [
        66,
        145,
        194
    ],
    "206": [
        64,
        143,
        193
    ],
    "207": [
        63,
        142,
        192
    ],
    "208": [
        62,
        140,
        191
    ],
    "209": [
        60,
        138,
        190
    ],
    "210": [
        59,
        136,
        190
    ],
    "211": [
        58,
        135,
        189
    ],
    "212": [
        56,
        133,
        188
    ],
    "213": [
        55,
        131,
        187
    ],
    "214": [
        54,
        129,
        186
    ],
    "215": [
        52,
        128,
        185
    ],
    "216": [
        51,
        126,
        184
    ],
    "217": [
        50,
        124,
        183
    ],
    "218": [
        48,
        122,
        182
    ],
    "219": [
        47,
        121,
        181
    ],
    "220": [
        46,
        119,
        181
    ],
    "221": [
        44,
        117,
        180
    ],
    "222": [
        43,
        115,
        179
    ],
    "223": [
        42,
        113,
        178
    ],
    "224": [
        40,
        112,
        177
    ],
    "225": [
        39,
        110,
        176
    ],
    "226": [
        38,
        108,
        175
    ],
    "227": [
        36,
        106,
        174
    ],
    "228": [
        35,
        105,
        173
    ],
    "229": [
        34,
        103,
        172
    ],
    "230": [
        32,
        101,
        171
    ],
    "231": [
        31,
        99,
        168
    ],
    "232": [
        30,
        97,
        165
    ],
    "233": [
        29,
        95,
        162
    ],
    "234": [
        28,
        92,
        159
    ],
    "235": [
        27,
        90,
        156
    ],
    "236": [
        26,
        88,
        153
    ],
    "237": [
        25,
        86,
        150
    ],
    "238": [
        24,
        84,
        147
    ],
    "239": [
        23,
        82,
        144
    ],
    "240": [
        21,
        80,
        141
    ],
    "241": [
        20,
        78,
        138
    ],
    "242": [
        19,
        76,
        135
    ],
    "243": [
        18,
        73,
        132
    ],
    "244": [
        17,
        71,
        129
    ],
    "245": [
        16,
        69,
        126
    ],
    "246": [
        15,
        67,
        123
    ],
    "247": [
        14,
        65,
        121
    ],
    "248": [
        13,
        63,
        118
    ],
    "249": [
        12,
        61,
        115
    ],
    "250": [
        10,
        59,
        112
    ],
    "251": [
        9,
        56,
        109
    ],
    "252": [
        8,
        54,
        106
    ],
    "253": [
        7,
        52,
        103
    ],
    "254": [
        6,
        50,
        100
    ],
    "255": [
        5,
        48,
        97
    ]
}