{
    "0": [
        255,
        247,
        243
    ],
    "1": [
        255,
        246,
        242
    ],
    "2": [
        255,
        246,
        242
    ],
    "3": [
        255,
        245,
        241
    ],
    "4": [
        255,
        244,
        240
    ],
    "5": [
        255,
        243,
        240
    ],
    "6": [
        255,
        243,
        239
    ],
    "7": [
        255,
        242,
        238
    ],
    "8": [
        254,
        241,
        237
    ],
    "9": [
        254,
        241,
        237
    ],
    "10": [
        254,
        240,
        236
    ],
    "11": [
        254,
        239,
        235
    ],
    "12": [
        254,
        238,
        235
    ],
    "13": [
        254,
        238,
        234
    ],
    "14": [
        254,
        237,
        233
    ],
    "15": [
        254,
        236,
        233
    ],
    "16": [
        254,
        235,
        232
    ],
    "17": [
        254,
        235,
        231
    ],
    "18": [
        254,
        234,
        231
    ],
    "19": [
        254,
        233,
        230
    ],
    "20": [
        254,
        233,
        229
    ],
    "21": [
        254,
        232,
        229
    ],
    "22": [
        254,
        231,
        228
    ],
    "23": [
        254,
        230,
        227
    ],
    "24": [
        253,
        230,
        226
    ],
    "25": [
        253,
        229,
        226
    ],
    "26": [
        253,
        228,
        225
    ],
    "27": [
        253,
        228,
        224
    ],
    "28": [
        253,
        227,
        224
    ],
    "29": [
        253,
        226,
        223
    ],
    "30": [
        253,
        225,
        222
    ],
    "31": [
        253,
        225,
        222
    ],
    "32": [
        253,
        224,
        221
    ],
    "33": [
        253,
        223,
        220
    ],
    "34": [
        253,
        222,
        219
    ],
    "35": [
        253,
        221,
        218
    ],
    "36": [
        253,
        221,
        217
    ],
    "37": [
        253,
        220,
        216
    ],
    "38": [
        253,
        219,
        215
    ],
    "39": [
        253,
        218,
        215
    ],
    "40": [
        253,
        217,
        214
    ],
    "41": [
        253,
        216,
        213
    ],
    "42": [
        253,
        215,
        212
    ],
    "43": [
        253,
        215,
        211
    ],
    "44": [
        253,
        214,
        210
    ],
    "45": [
        253,
        213,
        209
    ],
    "46": [
        253,
        212,
        208
    ],
    "47": [
        253,
        211,
        207
    ],
    "48": [
        252,
        210,
        206
    ],
    "49": [
        252,
        209,
        205
    ],
    "50": [
        252,
        209,
        205
    ],
    "51": [
        252,
        208,
        204
    ],
    "52": [
        252,
        207,
        203
    ],
    "53": [
        252,
        206,
        202
    ],
    "54": [
        252,
        205,
        201
    ],
    "55": [
        252,
        204,
        200
    ],
    "56": [
        252,
        204,
        199
    ],
    "57": [
        252,
        203,
        198
    ],
    "58": [
        252,
        202,
        197
    ],
    "59": [
        252,
        201,
        196
    ],
    "60": [
        252,
        200,
        195
    ],
    "61": [
        252,
        199,
        195
    ],
    "62": [
        252,
        198,
        194
    ],
    "63": [
        252,
        198,
        193
    ],
    "64": [
        252,
        197,
        192
    ],
    "65": [
        252,
        196,
        192
    ],
    "66": [
        252,
        194,
        191
    ],
    "67": [
        252,
        193,
        191
    ],
    "68": [
        252,
        192,
        191
    ],
    "69": [
        252,
        191,
        190
    ],
    "70": [
        252,
        190,
        190
    ],
    "71": [
        252,
        188,
        189
    ],
    "72": [
        251,
        187,
        189
    ],
    "73": [
        251,
        186,
        189
    ],
    "74": [
        251,
        185,
        188
    ],
    "75": [
        251,
        184,
        188
    ],
    "76": [
        251,
        182,
        188
    ],
    "77": [
        251,
        181,
        187
    ],
    "78": [
        251,
        180,
        187
    ],
    "79": [
        251,
        179,
        187
    ],
    "80": [
        251,
        178,
        186
    ],
    "81": [
        251,
        176,
        186
    ],
    "82": [
        251,
        175,
        186
    ],
    "83": [
        251,
        174,
        185
    ],
    "84": [
        251,
        173,
        185
    ],
    "85": [
        251,
        172,
        185
    ],
    "86": [
        251,
        170,
        184
    ],
    "87": [
        251,
        169,
        184
    ],
    "88": [
        250,
        168,
        184
    ],
    "89": [
        250,
        167,
        183
    ],
    "90": [
        250,
        166,
        183
    ],
    "91": [
        250,
        165,
        183
    ],
    "92": [
        250,
        163,
        182
    ],
    "93": [
        250,
        162,
        182
    ],
    "94": [
        250,
        161,
        182
    ],
    "95": [
        250,
        160,
        181
    ],
    "96": [
        250,
        158,
        181
    ],
    "97": [
        250,
        157,
        180
    ],
    "98": [
        250,
        155,
        180
    ],
    "99": [
        250,
        153,
        179
    ],
    "100": [
        250,
        151,
        178
    ],
    "101": [
        249,
        150,
        178
    ],
    "102": [
        249,
        148,
        177
    ],
    "103": [
        249,
        146,
        176
    ],
    "104": [
        249,
        145,
        176
    ],
    "105": [
        249,
        143,
        175
    ],
    "106": [
        249,
        141,
        174
    ],
    "107": [
        249,
        139,
        174
    ],
    "108": [
        249,
        138,
        173
    ],
    "109": [
        249,
        136,
        173
    ],
    "110": [
        249,
        134,
        172
    ],
    "111": [
        249,
        132,
        171
    ],
    "112": [
        248,
        131,
        171
    ],
    "113": [
        248,
        129,
        170
    ],
    "114": [
        248,
        127,
        169
    ],
    "115": [
        248,
        126,
        169
    ],
    "116": [
        248,
        124,
        168
    ],
    "117": [
        248,
        122,
        168
    ],
    "118": [
        248,
        120,
        167
    ],
    "119": [
        248,
        119,
        166
    ],
    "120": [
        248,
        117,
        166
    ],
    "121": [
        248,
        115,
        165
    ],
    "122": [
        248,
        113,
        164
    ],
    "123": [
        247,
        112,
        164
    ],
    "124": [
        247,
        110,
        163
    ],
    "125": [
        247,
        108,
        163
    ],
    "126": [
        247,
        107,
        162
    ],
    "127": [
        247,
        105,
        161
    ],
    "128": [
        247,
        103,
        161
    ],
    "129": [
        246,
        102,
        161
    ],
    "130": [
        245,
        100,
        160
    ],
    "131": [
        244,
        98,
        160
    ],
    "132": [
        243,
        97,
        160
    ],
    "133": [
        243,
        95,
        159
    ],
    "134": [
        242,
        93,
        159
    ],
    "135": [
        241,
        92,
        159
    ],
    "136": [
        240,
        90,
        158
    ],
    "137": [
        239,
        89,
        158
    ],
    "138": [
        238,
        87,
        158
    ],
    "139": [
        238,
        85,
        157
    ],
    "140": [
        237,
        84,
        157
    ],
    "141": [
        236,
        82,
        157
    ],
    "142": [
        235,
        80,
        156
    ],
    "143": [
        234,
        79,
        156
    ],
    "144": [
        234,
        77,
        156
    ],
    "145": [
        233,
        75,
        156
    ],
    "146": [
        232,
        74,
        155
    ],
    "147": [
        231,
        72,
        155
    ],
    "148": [
        230,
        71,
        155
    ],
    "149": [
        229,
        69,
        154
    ],
    "150": [
        229,
        67,
        154
    ],
    "151": [
        228,
        66,
        154
    ],
    "152": [
        227,
        64,
        153
    ],
    "153": [
        226,
        62,
        153
    ],
    "154": [
        225,
        61,
        153
    ],
    "155": [
        225,
        59,
        152
    ],
    "156": [
        224,
        58,
        152
    ],
    "157": [
        223,
        56,
        152
    ],
    "158": [
        222,
        54,
        151
    ],
    "159": [
        221,
        53,
        151
    ],
    "160": [
        220,
        51,
        151
    ],
    "161": [
        219,
        49,
        150
    ],
    "162": [
        217,
        48,
        149
    ],
    "163": [
        216,
        46,
        148
    ],
    "164": [
        214,
        45,
        147
    ],
    "165": [
        213,
        43,
        147
    ],
    "166": [
        211,
        41,
        146
    ],
    "167": [
        210,
        40,
        145
    ],
    "168": [
        208,
        38,
        144
    ],
    "169": [
        207,
        37,
        143
    ],
    "170": [
        205,
        35,
        143
    ],
    "171": [
        204,
        33,
        142
    ],
    "172": [
        202,
        32,
        141
    ],
    "173": [
        201,
        30,
        140
    ],
    "174": [
        199,
        29,
        140
    ],
    "175": [
        198,
        27,
        139
    ],
    "176": [
        196,
        25,
        138
    ],
    "177": [
        195,
        24,
        137
    ],
    "178": [
        194,
        22,
        136
    ],
    "179": [
        192,
        21,
        136
    ],
    "180": [
        191,
        19,
        135
    ],
    "181": [
        189,
        17,
        134
    ],
    "182": [
        188,
        16,
        133
    ],
    "183": [
        186,
        14,
        132
    ],
    "184": [
        185,
        13,
        132
    ],
    "185": [
        183,
        11,
        131
    ],
    "186": [
        182,
        9,
        130
    ],
    "187": [
        180,
        8,
        129
    ],
    "188": [
        179,
        6,
        129
    ],
    "189": [
        177,
        5,
        128
    ],
    "190": [
        176,
        3,
        127
    ],
    "191": [
        174,
        1,
        126
    ],
    "192": [
        173,
        1,
        126
    ],
    "193": [
        171,
        1,
        126
    ],
    "194": [
        170,
        1,
        125
    ],
    "195": [
        168,
        1,
        125
    ],
    "196": [
        166,
        1,
        125
    ],
    "197": [
        165,
        1,
        125
    ],
    "198": [
        163,
        1,
        125
    ],
    "199": [
        161,
        1,
        124
    ],
    "200": [
        160,
        1,
        124
    ],
    "201": [
        158,
        1,
        124
    ],
    "202": [
        156,
        1,
        124
    ],
    "203": [
        155,
        1,
        123
    ],
    "204": [
        153,
        1,
        123
    ],
    "205": [
        152,
        1,
        123
    ],
    "206": [
        150,
        1,
        123
    ],
    "207": [
        148,
        1,
        123
    ],
    "208": [
        147,
        1,
        122
    ],
    "209": [
        145,
        1,
        122
    ],
    "210": [
        143,
        1,
        122
    ],
    "211": [
        142,
        1,
        122
    ],
    "212": [
        140,
        1,
        121
    ],
    "213": [
        139,
        1,
        121
    ],
    "214": [
        137,
        1,
        121
    ],
    "215": [
        135,
        1,
        121
    ],
    "216": [
        134,
        1,
        121
    ],
    "217": [
        132,
        1,
        120
    ],
    "218": [
        130,
        1,
        120
    ],
    "219": [
        129,
        1,
        120
    ],
    "220": [
        127,
        1,
        120
    ],
    "221": [
        125,
        1,
        119
    ],
    "222": [
        124,
        1,
        119
    ],
    "223": [
        122,
        1,
        119
    ],
    "224": [
        121,
        1,
        119
    ],
    "225": [
        119,
        1,
        118
    ],
    "226": [
        118,
        1,
        118
    ],
    "227": [
        116,
        1,
        117
    ],
    "228": [
        115,
        1,
        117
    ],
    "229": [
        113,
        1,
        117
    ],
    "230": [
        111,
        1,
        116
    ],
    "231": [
        110,
        1,
        116
    ],
    "232": [
        108,
        1,
        115
    ],
    "233": [
        107,
        1,
        115
    ],
    "234": [
        105,
        1,
        115
    ],
    "235": [
        104,
        1,
        114
    ],
    "236": [
        102,
        1,
        114
    ],
    "237": [
        101,
        1,
        113
    ],
    "238": [
        99,
        1,
        113
    ],
    "239": [
        98,
        1,
        113
    ],
    "240": [
        96,
        0,
        112
    ],
    "241": [
        95,
        0,
        112
    ],
    "242": [
        93,
        0,
        111
    ],
    "243": [
        91,
        0,
        111
    ],
    "244": [
        90,
        0,
        110
    ],
    "245": [
        88,
        0,
        110
    ],
    "246": [
        87,
        0,
        110
    ],
    "247": [
        85,
        0,
        109
    ],
    "248": [
        84,
        0,
        109
    ],
    "249": [
        82,
        0,
        108
    ],
    "250": [
        81,
        0,
        108
    ],
    "251": [
        79,
        0,
        108
    ],
    "252": [
        78,
        0,
        107
    ],
    "253": [
        76,
        0,
        107
    ],
    "254": [
        75,
        0,
        106
    ],
    "255": [
        73,
        0,
        106
    ]
}