{
    "0": [
        165,
        0,
        38
    ],
    "1": [
        167,
        2,
        38
    ],
    "2": [
        169,
        4,
        38
    ],
    "3": [
        171,
        6,
        38
    ],
    "4": [
        173,
        8,
        38
    ],
    "5": [
        175,
        9,
        38
    ],
    "6": [
        177,
        11,
        38
    ],
    "7": [
        179,
        13,
        38
    ],
    "8": [
        181,
        15,
        38
    ],
    "9": [
        183,
        17,
        38
    ],
    "10": [
        185,
        19,
        38
    ],
    "11": [
        187,
        21,
        38
    ],
    "12": [
        189,
        23,
        38
    ],
    "13": [
        190,
        24,
        39
    ],
    "14": [
        192,
        26,
        39
    ],
    "15": [
        194,
        28,
        39
    ],
    "16": [
        196,
        30,
        39
    ],
    "17": [
        198,
        32,
        39
    ],
    "18": [
        200,
        34,
        39
    ],
    "19": [
        202,
        36,
        39
    ],
    "20": [
        204,
        38,
        39
    ],
    "21": [
        206,
        40,
        39
    ],
    "22": [
        208,
        41,
        39
    ],
    "23": [
        210,
        43,
        39
    ],
    "24": [
        212,
        45,
        39
    ],
    "25": [
        214,
        47,
        39
    ],
    "26": [
        216,
        49,
        40
    ],
    "27": [
        217,
        52,
        41
    ],
    "28": [
        218,
        54,
        42
    ],
    "29": [
        219,
        56,
        43
    ],
    "30": [
        220,
        59,
        44
    ],
    "31": [
        221,
        61,
        45
    ],
    "32": [
        222,
        64,
        46
    ],
    "33": [
        224,
        66,
        47
    ],
    "34": [
        225,
        68,
        48
    ],
    "35": [
        226,
        71,
        49
    ],
    "36": [
        227,
        73,
        51
    ],
    "37": [
        228,
        76,
        52
    ],
    "38": [
        229,
        78,
        53
    ],
    "39": [
        230,
        80,
        54
    ],
    "40": [
        231,
        83,
        55
    ],
    "41": [
        233,
        85,
        56
    ],
    "42": [
        234,
        87,
        57
    ],
    "43": [
        235,
        90,
        58
    ],
    "44": [
        236,
        92,
        59
    ],
    "45": [
        237,
        95,
        60
    ],
    "46": [
        238,
        97,
        62
    ],
    "47": [
        239,
        99,
        63
    ],
    "48": [
        241,
        102,
        64
    ],
    "49": [
        242,
        104,
        65
    ],
    "50": [
        243,
        107,
        66
    ],
    "51": [
        244,
        109,
        67
    ],
    "52": [
        244,
        112,
        68
    ],
    "53": [
        245,
        114,
        69
    ],
    "54": [
        245,
        117,
        71
    ],
    "55": [
        245,
        119,
        72
    ],
    "56": [
        246,
        122,
        73
    ],
    "57": [
        246,
        124,
        74
    ],
    "58": [
        246,
        127,
        75
    ],
    "59": [
        247,
        129,
        76
    ],
    "60": [
        247,
        132,
        78
    ],
    "61": [
        248,
        134,
        79
    ],
    "62": [
        248,
        137,
        80
    ],
    "63": [
        248,
        140,
        81
    ],
    "64": [
        249,
        142,
        82
    ],
    "65": [
        249,
        145,
        83
    ],
    "66": [
        249,
        147,
        85
    ],
    "67": [
        250,
        150,
        86
    ],
    "68": [
        250,
        152,
        87
    ],
    "69": [
        250,
        155,
        88
    ],
    "70": [
        251,
        157,
        89
    ],
    "71": [
        251,
        160,
        91
    ],
    "72": [
        251,
        163,
        92
    ],
    "73": [
        252,
        165,
        93
    ],
    "74": [
        252,
        168,
        94
    ],
    "75": [
        252,
        170,
        95
    ],
    "76": [
        253,
        173,
        96
    ],
    "77": [
        253,
        175,
        98
    ],
    "78": [
        253,
        177,
        99
    ],
    "79": [
        253,
        179,
        101
    ],
    "80": [
        253,
        181,
        103
    ],
    "81": [
        253,
        183,
        104
    ],
    "82": [
        253,
        185,
        106
    ],
    "83": [
        253,
        187,
        108
    ],
    "84": [
        253,
        189,
        109
    ],
    "85": [
        253,
        191,
        111
    ],
    "86": [
        253,
        193,
        113
    ],
    "87": [
        253,
        195,
        114
    ],
    "88": [
        253,
        197,
        116
    ],
    "89": [
        253,
        199,
        118
    ],
    "90": [
        254,
        200,
        119
    ],
    "91": [
        254,
        202,
        121
    ],
    "92": [
        254,
        204,
        123
    ],
    "93": [
        254,
        206,
        124
    ],
    "94": [
        254,
        208,
        126
    ],
    "95": [
        254,
        210,
        127
    ],
    "96": [
        254,
        212,
        129
    ],
    "97": [
        254,
        214,
        131
    ],
    "98": [
        254,
        216,
        132
    ],
    "99": [
        254,
        218,
        134
    ],
    "100": [
        254,
        220,
        136
    ],
    "101": [
        254,
        222,
        137
    ],
    "102": [
        254,
        224,
        139
    ],
    "103": [
        254,
        225,
        141
    ],
    "104": [
        254,
        226,
        143
    ],
    "105": [
        254,
        228,
        145
    ],
    "106": [
        254,
        229,
        147
    ],
    "107": [
        254,
        230,
        149
    ],
    "108": [
        254,
        231,
        151
    ],
    "109": [
        254,
        233,
        153
    ],
    "110": [
        254,
        234,
        155
    ],
    "111": [
        254,
        235,
        157
    ],
    "112": [
        254,
        236,
        159
    ],
    "113": [
        254,
        237,
        161
    ],
    "114": [
        254,
        239,
        163
    ],
    "115": [
        255,
        240,
        166
    ],
    "116": [
        255,
        241,
        168
    ],
    "117": [
        255,
        242,
        170
    ],
    "118": [
        255,
        243,
        172
    ],
    "119": [
        255,
        245,
        174
    ],
    "120": [
        255,
        246,
        176
    ],
    "121": [
        255,
        247,
        178
    ],
    "122": [
        255,
        248,
        180
    ],
    "123": [
        255,
        250,
        182
    ],
    "124": [
        255,
        251,
        184
    ],
    "125": [
        255,
        252,
        186
    ],
    "126": [
        255,
        253,
        188
    ],
    "127": [
        255,
        254,
        190
    ],
    "128": [
        254,
        255,
        190
    ],
    "129": [
        253,
        254,
        188
    ],
    "130": [
        251,
        253,
        186
    ],
    "131": [
        250,
        253,
        184
    ],
    "132": [
        248,
        252,
        182
    ],
    "133": [
        247,
        252,
        180
    ],
    "134": [
        245,
        251,
        178
    ],
    "135": [
        244,
        250,
        176
    ],
    "136": [
        242,
        250,
        174
    ],
    "137": [
        241,
        249,
        172
    ],
    "138": [
        239,
        248,
        170
    ],
    "139": [
        238,
        248,
        168
    ],
    "140": [
        236,
        247,
        166
    ],
    "141": [
        235,
        247,
        163
    ],
    "142": [
        233,
        246,
        161
    ],
    "143": [
        232,
        245,
        159
    ],
    "144": [
        230,
        245,
        157
    ],
    "145": [
        229,
        244,
        155
    ],
    "146": [
        227,
        243,
        153
    ],
    "147": [
        226,
        243,
        151
    ],
    "148": [
        224,
        242,
        149
    ],
    "149": [
        223,
        242,
        147
    ],
    "150": [
        221,
        241,
        145
    ],
    "151": [
        220,
        240,
        143
    ],
    "152": [
        218,
        240,
        141
    ],
    "153": [
        217,
        239,
        139
    ],
    "154": [
        215,
        238,
        138
    ],
    "155": [
        213,
        237,
        136
    ],
    "156": [
        211,
        236,
        135
    ],
    "157": [
        209,
        236,
        134
    ],
    "158": [
        207,
        235,
        133
    ],
    "159": [
        205,
        234,
        131
    ],
    "160": [
        203,
        233,
        130
    ],
    "161": [
        201,
        232,
        129
    ],
    "162": [
        199,
        231,
        127
    ],
    "163": [
        197,
        230,
        126
    ],
    "164": [
        195,
        230,
        125
    ],
    "165": [
        193,
        229,
        123
    ],
    "166": [
        191,
        228,
        122
    ],
    "167": [
        189,
        227,
        121
    ],
    "168": [
        187,
        226,
        120
    ],
    "169": [
        185,
        225,
        118
    ],
    "170": [
        183,
        224,
        117
    ],
    "171": [
        181,
        223,
        116
    ],
    "172": [
        179,
        223,
        114
    ],
    "173": [
        177,
        222,
        113
    ],
    "174": [
        175,
        221,
        112
    ],
    "175": [
        173,
        220,
        111
    ],
    "176": [
        171,
        219,
        109
    ],
    "177": [
        169,
        218,
        108
    ],
    "178": [
        167,
        217,
        107
    ],
    "179": [
        165,
        216,
        106
    ],
    "180": [
        162,
        215,
        106
    ],
    "181": [
        160,
        214,
        105
    ],
    "182": [
        157,
        213,
        105
    ],
    "183": [
        155,
        212,
        105
    ],
    "184": [
        152,
        211,
        104
    ],
    "185": [
        150,
        210,
        104
    ],
    "186": [
        147,
        209,
        104
    ],
    "187": [
        145,
        208,
        104
    ],
    "188": [
        142,
        207,
        103
    ],
    "189": [
        140,
        205,
        103
    ],
    "190": [
        137,
        204,
        103
    ],
    "191": [
        135,
        203,
        103
    ],
    "192": [
        132,
        202,
        102
    ],
    "193": [
        130,
        201,
        102
    ],
    "194": [
        127,
        200,
        102
    ],
    "195": [
        125,
        199,
        101
    ],
    "196": [
        122,
        198,
        101
    ],
    "197": [
        120,
        197,
        101
    ],
    "198": [
        117,
        196,
        101
    ],
    "199": [
        115,
        194,
        100
    ],
    "200": [
        112,
        193,
        100
    ],
    "201": [
        110,
        192,
        100
    ],
    "202": [
        107,
        191,
        100
    ],
    "203": [
        105,
        190,
        99
    ],
    "204": [
        102,
        189,
        99
    ],
    "205": [
        99,
        188,
        98
    ],
    "206": [
        96,
        186,
        98
    ],
    "207": [
        93,
        185,
        97
    ],
    "208": [
        90,
        183,
        96
    ],
    "209": [
        87,
        182,
        95
    ],
    "210": [
        84,
        180,
        95
    ],
    "211": [
        81,
        179,
        94
    ],
    "212": [
        78,
        177,
        93
    ],
    "213": [
        75,
        176,
        92
    ],
    "214": [
        72,
        174,
        92
    ],
    "215": [
        69,
        173,
        91
    ],
    "216": [
        66,
        172,
        90
    ],
    "217": [
        63,
        170,
        89
    ],
    "218": [
        60,
        169,
        89
    ],
    "219": [
        57,
        167,
        88
    ],
    "220": [
        54,
        166,
        87
    ],
    "221": [
        51,
        164,
        86
    ],
    "222": [
        48,
        163,
        86
    ],
    "223": [
        45,
        161,
        85
    ],
    "224": [
        42,
        160,
        84
    ],
    "225": [
        39,
        159,
        83
    ],
    "226": [
        36,
        157,
        83
    ],
    "227": [
        33,
        156,
        82
    ],
    "228": [
        30,
        154,
        81
    ],
    "229": [
        27,
        153,
        80
    ],
    "230": [
        25,
        151,
        80
    ],
    "231": [
        24,
        149,
        79
    ],
    "232": [
        23,
        147,
        78
    ],
    "233": [
        22,
        145,
        77
    ],
    "234": [
        21,
        144,
        76
    ],
    "235": [
        20,
        142,
        75
    ],
    "236": [
        19,
        140,
        74
    ],
    "237": [
        18,
        138,
        73
    ],
    "238": [
        17,
        136,
        72
    ],
    "239": [
        16,
        134,
        71
    ],
    "240": [
        15,
        132,
        70
    ],
    "241": [
        14,
        130,
        69
    ],
    "242": [
        13,
        128,
        68
    ],
    "243": [
        12,
        127,
        67
    ],
    "244": [
        11,
        125,
        66
    ],
    "245": [
        10,
        123,
        65
    ],
    "246": [
        9,
        121,
        64
    ],
    "247": [
        8,
        119,
        63
    ],
    "248": [
        7,
        117,
        62
    ],
    "249": [
        6,
        115,
        61
    ],
    "250": [
        5,
        113,
        60
    ],
    "251": [
        4,
        112,
        59
    ],
    "252": [
        3,
        110,
        58
    ],
    "253": [
        2,
        108,
        57
    ],
    "254": [
        1,
        106,
        56
    ],
    "255": [
        0,
        104,
        55
    ]
}