{
    "0": [
        165,
        0,
        38
    ],
    "1": [
        167,
        2,
        38
    ],
    "2": [
        169,
        4,
        38
    ],
    "3": [
        171,
        6,
        38
    ],
    "4": [
        173,
        8,
        38
    ],
    "5": [
        175,
        9,
        38
    ],
    "6": [
        177,
        11,
        38
    ],
    "7": [
        179,
        13,
        38
    ],
    "8": [
        181,
        15,
        38
    ],
    "9": [
        183,
        17,
        38
    ],
    "10": [
        185,
        19,
        38
    ],
    "11": [
        187,
        21,
        38
    ],
    "12": [
        189,
        23,
        38
    ],
    "13": [
        190,
        24,
        39
    ],
    "14": [
        192,
        26,
        39
    ],
    "15": [
        194,
        28,
        39
    ],
    "16": [
        196,
        30,
        39
    ],
    "17": [
        198,
        32,
        39
    ],
    "18": [
        200,
        34,
        39
    ],
    "19": [
        202,
        36,
        39
    ],
    "20": [
        204,
        38,
        39
    ],
    "21": [
        206,
        40,
        39
    ],
    "22": [
        208,
        41,
        39
    ],
    "23": [
        210,
        43,
        39
    ],
    "24": [
        212,
        45,
        39
    ],
    "25": [
        214,
        47,
        39
    ],
    "26": [
        216,
        49,
        40
    ],
    "27": [
        217,
        52,
        41
    ],
    "28": [
        218,
        54,
        42
    ],
    "29": [
        219,
        56,
        43
    ],
    "30": [
        220,
        59,
        44
    ],
    "31": [
        221,
        61,
        45
    ],
    "32": [
        222,
        64,
        46
    ],
    "33": [
        224,
        66,
        47
    ],
    "34": [
        225,
        68,
        48
    ],
    "35": [
        226,
        71,
        49
    ],
    "36": [
        227,
        73,
        51
    ],
    "37": [
        228,
        76,
        52
    ],
    "38": [
        229,
        78,
        53
    ],
    "39": [
        230,
        80,
        54
    ],
    "40": [
        231,
        83,
        55
    ],
    "41": [
        233,
        85,
        56
    ],
    "42": [
        234,
        87,
        57
    ],
    "43": [
        235,
        90,
        58
    ],
    "44": [
        236,
        92,
        59
    ],
    "45": [
        237,
        95,
        60
    ],
    "46": [
        238,
        97,
        62
    ],
    "47": [
        239,
        99,
        63
    ],
    "48": [
        241,
        102,
        64
    ],
    "49": [
        242,
        104,
        65
    ],
    "50": [
        243,
        107,
        66
    ],
    "51": [
        244,
        109,
        67
    ],
    "52": [
        244,
        112,
        68
    ],
    "53": [
        245,
        114,
        69
    ],
    "54": [
        245,
        117,
        71
    ],
    "55": [
        245,
        119,
        72
    ],
    "56": [
        246,
        122,
        73
    ],
    "57": [
        246,
        124,
        74
    ],
    "58": [
        246,
        127,
        75
    ],
    "59": [
        247,
        129,
        76
    ],
    "60": [
        247,
        132,
        78
    ],
    "61": [
        248,
        134,
        79
    ],
    "62": [
        248,
        137,
        80
    ],
    "63": [
        248,
        140,
        81
    ],
    "64": [
        249,
        142,
        82
    ],
    "65": [
        249,
        145,
        83
    ],
    "66": [
        249,
        147,
        85
    ],
    "67": [
        250,
        150,
        86
    ],
    "68": [
        250,
        152,
        87
    ],
    "69": [
        250,
        155,
        88
    ],
    "70": [
        251,
        157,
        89
    ],
    "71": [
        251,
        160,
        91
    ],
    "72": [
        251,
        163,
        92
    ],
    "73": [
        252,
        165,
        93
    ],
    "74": [
        252,
        168,
        94
    ],
    "75": [
        252,
        170,
        95
    ],
    "76": [
        253,
        173,
        96
    ],
    "77": [
        253,
        175,
        98
    ],
    "78": [
        253,
        177,
        100
    ],
    "79": [
        253,
        179,
        102
    ],
    "80": [
        253,
        181,
        103
    ],
    "81": [
        253,
        183,
        105
    ],
    "82": [
        253,
        185,
        107
    ],
    "83": [
        253,
        187,
        109
    ],
    "84": [
        253,
        189,
        111
    ],
    "85": [
        253,
        191,
        113
    ],
    "86": [
        253,
        193,
        115
    ],
    "87": [
        253,
        195,
        116
    ],
    "88": [
        253,
        197,
        118
    ],
    "89": [
        253,
        199,
        120
    ],
    "90": [
        254,
        200,
        122
    ],
    "91": [
        254,
        202,
        124
    ],
    "92": [
        254,
        204,
        126
    ],
    "93": [
        254,
        206,
        127
    ],
    "94": [
        254,
        208,
        129
    ],
    "95": [
        254,
        210,
        131
    ],
    "96": [
        254,
        212,
        133
    ],
    "97": [
        254,
        214,
        135
    ],
    "98": [
        254,
        216,
        137
    ],
    "99": [
        254,
        218,
        138
    ],
    "100": [
        254,
        220,
        140
    ],
    "101": [
        254,
        222,
        142
    ],
    "102": [
        254,
        224,
        144
    ],
    "103": [
        254,
        225,
        146
    ],
    "104": [
        254,
        226,
        148
    ],
    "105": [
        254,
        228,
        150
    ],
    "106": [
        254,
        229,
        151
    ],
    "107": [
        254,
        230,
        153
    ],
    "108": [
        254,
        231,
        155
    ],
    "109": [
        254,
        233,
        157
    ],
    "110": [
        254,
        234,
        159
    ],
    "111": [
        254,
        235,
        161
    ],
    "112": [
        254,
        236,
        162
    ],
    "113": [
        254,
        237,
        164
    ],
    "114": [
        254,
        239,
        166
    ],
    "115": [
        255,
        240,
        168
    ],
    "116": [
        255,
        241,
        170
    ],
    "117": [
        255,
        242,
        172
    ],
    "118": [
        255,
        243,
        173
    ],
    "119": [
        255,
        245,
        175
    ],
    "120": [
        255,
        246,
        177
    ],
    "121": [
        255,
        247,
        179
    ],
    "122": [
        255,
        248,
        181
    ],
    "123": [
        255,
        250,
        183
    ],
    "124": [
        255,
        251,
        185
    ],
    "125": [
        255,
        252,
        186
    ],
    "126": [
        255,
        253,
        188
    ],
    "127": [
        255,
        254,
        190
    ],
    "128": [
        254,
        255,
        192
    ],
    "129": [
        253,
        254,
        194
    ],
    "130": [
        252,
        254,
        197
    ],
    "131": [
        251,
        253,
        199
    ],
    "132": [
        250,
        253,
        201
    ],
    "133": [
        248,
        252,
        203
    ],
    "134": [
        247,
        252,
        206
    ],
    "135": [
        246,
        251,
        208
    ],
    "136": [
        245,
        251,
        210
    ],
    "137": [
        243,
        251,
        212
    ],
    "138": [
        242,
        250,
        214
    ],
    "139": [
        241,
        250,
        217
    ],
    "140": [
        240,
        249,
        219
    ],
    "141": [
        239,
        249,
        221
    ],
    "142": [
        237,
        248,
        223
    ],
    "143": [
        236,
        248,
        226
    ],
    "144": [
        235,
        247,
        228
    ],
    "145": [
        234,
        247,
        230
    ],
    "146": [
        233,
        246,
        232
    ],
    "147": [
        231,
        246,
        235
    ],
    "148": [
        230,
        245,
        237
    ],
    "149": [
        229,
        245,
        239
    ],
    "150": [
        228,
        244,
        241
    ],
    "151": [
        226,
        244,
        244
    ],
    "152": [
        225,
        243,
        246
    ],
    "153": [
        224,
        243,
        248
    ],
    "154": [
        222,
        242,
        247
    ],
    "155": [
        220,
        241,
        247
    ],
    "156": [
        218,
        240,
        246
    ],
    "157": [
        216,
        239,
        246
    ],
    "158": [
        214,
        238,
        245
    ],
    "159": [
        212,
        237,
        244
    ],
    "160": [
        209,
        236,
        244
    ],
    "161": [
        207,
        235,
        243
    ],
    "162": [
        205,
        234,
        243
    ],
    "163": [
        203,
        233,
        242
    ],
    "164": [
        201,
        232,
        242
    ],
    "165": [
        199,
        231,
        241
    ],
    "166": [
        197,
        230,
        240
    ],
    "167": [
        195,
        229,
        240
    ],
    "168": [
        193,
        228,
        239
    ],
    "169": [
        191,
        227,
        239
    ],
    "170": [
        189,
        226,
        238
    ],
    "171": [
        187,
        225,
        237
    ],
    "172": [
        185,
        224,
        237
    ],
    "173": [
        182,
        223,
        236
    ],
    "174": [
        180,
        222,
        236
    ],
    "175": [
        178,
        221,
        235
    ],
    "176": [
        176,
        220,
        234
    ],
    "177": [
        174,
        219,
        234
    ],
    "178": [
        172,
        218,
        233
    ],
    "179": [
        170,
        216,
        233
    ],
    "180": [
        168,
        214,
        232
    ],
    "181": [
        166,
        213,
        231
    ],
    "182": [
        163,
        211,
        230
    ],
    "183": [
        161,
        209,
        229
    ],
    "184": [
        159,
        208,
        228
    ],
    "185": [
        157,
        206,
        227
    ],
    "186": [
        155,
        204,
        226
    ],
    "187": [
        153,
        202,
        225
    ],
    "188": [
        151,
        201,
        224
    ],
    "189": [
        148,
        199,
        223
    ],
    "190": [
        146,
        197,
        222
    ],
    "191": [
        144,
        195,
        221
    ],
    "192": [
        142,
        194,
        220
    ],
    "193": [
        140,
        192,
        219
    ],
    "194": [
        138,
        190,
        218
    ],
    "195": [
        135,
        189,
        217
    ],
    "196": [
        133,
        187,
        217
    ],
    "197": [
        131,
        185,
        216
    ],
    "198": [
        129,
        183,
        215
    ],
    "199": [
        127,
        182,
        214
    ],
    "200": [
        125,
        180,
        213
    ],
    "201": [
        122,
        178,
        212
    ],
    "202": [
        120,
        176,
        211
    ],
    "203": [
        118,
        175,
        210
    ],
    "204": [
        116,
        173,
        209
    ],
    "205": [
        114,
        171,
        208
    ],
    "206": [
        112,
        169,
        207
    ],
    "207": [
        110,
        166,
        206
    ],
    "208": [
        109,
        164,
        204
    ],
    "209": [
        107,
        162,
        203
    ],
    "210": [
        105,
        160,
        202
    ],
    "211": [
        103,
        158,
        201
    ],
    "212": [
        101,
        155,
        200
    ],
    "213": [
        99,
        153,
        199
    ],
    "214": [
        98,
        151,
        198
    ],
    "215": [
        96,
        149,
        196
    ],
    "216": [
        94,
        147,
        195
    ],
    "217": [
        92,
        144,
        194
    ],
    "218": [
        90,
        142,
        193
    ],
    "219": [
        88,
        140,
        192
    ],
    "220": [
        87,
        138,
        191
    ],
    "221": [
        85,
        136,
        190
    ],
    "222": [
        83,
        133,
        189
    ],
    "223": [
        81,
        131,
        187
    ],
    "224": [
        79,
        129,
        186
    ],
    "225": [
        77,
        127,
        185
    ],
    "226": [
        75,
        125,
        184
    ],
    "227": [
        74,
        122,
        183
    ],
    "228": [
        72,
        120,
        182
    ],
    "229": [
        70,
        118,
        181
    ],
    "230": [
        69,
        116,
        179
    ],
    "231": [
        68,
        113,
        178
    ],
    "232": [
        67,
        111,
        177
    ],
    "233": [
        66,
        108,
        176
    ],
    "234": [
        65,
        106,
        175
    ],
    "235": [
        65,
        103,
        173
    ],
    "236": [
        64,
        101,
        172
    ],
    "237": [
        63,
        98,
        171
    ],
    "238": [
        62,
        96,
        170
    ],
    "239": [
        62,
        94,
        168
    ],
    "240": [
        61,
        91,
        167
    ],
    "241": [
        60,
        89,
        166
    ],
    "242": [
        59,
        86,
        165
    ],
    "243": [
        58,
        84,
        164
    ],
    "244": [
        58,
        81,
        162
    ],
    "245": [
        57,
        79,
        161
    ],
    "246": [
        56,
        76,
        160
    ],
    "247": [
        55,
        74,
        159
    ],
    "248": [
        54,
        71,
        158
    ],
    "249": [
        54,
        69,
        156
    ],
    "250": [
        53,
        66,
        155
    ],
    "251": [
        52,
        64,
        154
    ],
    "252": [
        51,
        61,
        153
    ],
    "253": [
        51,
        59,
        151
    ],
    "254": [
        50,
        56,
        150
    ],
    "255": [
        49,
        54,
        149
    ]
}