{
    "0": [
        255,
        245,
        240
    ],
    "1": [
        255,
        244,
        239
    ],
    "2": [
        255,
        244,
        238
    ],
    "3": [
        255,
        243,
        237
    ],
    "4": [
        255,
        242,
        236
    ],
    "5": [
        255,
        242,
        235
    ],
    "6": [
        255,
        241,
        234
    ],
    "7": [
        255,
        240,
        233
    ],
    "8": [
        255,
        240,
        232
    ],
    "9": [
        255,
        239,
        232
    ],
    "10": [
        255,
        238,
        231
    ],
    "11": [
        255,
        238,
        230
    ],
    "12": [
        255,
        237,
        229
    ],
    "13": [
        255,
        236,
        228
    ],
    "14": [
        255,
        236,
        227
    ],
    "15": [
        255,
        235,
        226
    ],
    "16": [
        254,
        234,
        225
    ],
    "17": [
        254,
        234,
        224
    ],
    "18": [
        254,
        233,
        223
    ],
    "19": [
        254,
        232,
        222
    ],
    "20": [
        254,
        232,
        221
    ],
    "21": [
        254,
        231,
        220
    ],
    "22": [
        254,
        231,
        219
    ],
    "23": [
        254,
        230,
        218
    ],
    "24": [
        254,
        229,
        217
    ],
    "25": [
        254,
        229,
        216
    ],
    "26": [
        254,
        228,
        216
    ],
    "27": [
        254,
        227,
        215
    ],
    "28": [
        254,
        227,
        214
    ],
    "29": [
        254,
        226,
        213
    ],
    "30": [
        254,
        225,
        212
    ],
    "31": [
        254,
        225,
        211
    ],
    "32": [
        254,
        224,
        210
    ],
    "33": [
        254,
        223,
        208
    ],
    "34": [
        254,
        222,
        207
    ],
    "35": [
        254,
        220,
        205
    ],
    "36": [
        254,
        219,
        204
    ],
    "37": [
        254,
        218,
        202
    ],
    "38": [
        254,
        217,
        201
    ],
    "39": [
        254,
        216,
        199
    ],
    "40": [
        253,
        215,
        198
    ],
    "41": [
        253,
        213,
        196
    ],
    "42": [
        253,
        212,
        194
    ],
    "43": [
        253,
        211,
        193
    ],
    "44": [
        253,
        210,
        191
    ],
    "45": [
        253,
        209,
        190
    ],
    "46": [
        253,
        208,
        188
    ],
    "47": [
        253,
        206,
        187
    ],
    "48": [
        253,
        205,
        185
    ],
    "49": [
        253,
        204,
        184
    ],
    "50": [
        253,
        203,
        182
    ],
    "51": [
        253,
        202,
        181
    ],
    "52": [
        253,
        201,
        179
    ],
    "53": [
        253,
        199,
        178
    ],
    "54": [
        253,
        198,
        176
    ],
    "55": [
        253,
        197,
        174
    ],
    "56": [
        252,
        196,
        173
    ],
    "57": [
        252,
        195,
        171
    ],
    "58": [
        252,
        194,
        170
    ],
    "59": [
        252,
        193,
        168
    ],
    "60": [
        252,
        191,
        167
    ],
    "61": [
        252,
        190,
        165
    ],
    "62": [
        252,
        189,
        164
    ],
    "63": [
        252,
        188,
        162
    ],
    "64": [
        252,
        187,
        161
    ],
    "65": [
        252,
        185,
        159
    ],
    "66": [
        252,
        184,
        158
    ],
    "67": [
        252,
        183,
        156
    ],
    "68": [
        252,
        182,
        155
    ],
    "69": [
        252,
        180,
        153
    ],
    "70": [
        252,
        179,
        152
    ],
    "71": [
        252,
        178,
        150
    ],
    "72": [
        252,
        176,
        149
    ],
    "73": [
        252,
        175,
        147
    ],
    "74": [
        252,
        174,
        146
    ],
    "75": [
        252,
        173,
        144
    ],
    "76": [
        252,
        171,
        143
    ],
    "77": [
        252,
        170,
        141
    ],
    "78": [
        252,
        169,
        140
    ],
    "79": [
        252,
        167,
        139
    ],
    "80": [
        252,
        166,
        137
    ],
    "81": [
        252,
        165,
        136
    ],
    "82": [
        252,
        164,
        134
    ],
    "83": [
        252,
        162,
        133
    ],
    "84": [
        252,
        161,
        131
    ],
    "85": [
        252,
        160,
        130
    ],
    "86": [
        252,
        158,
        128
    ],
    "87": [
        252,
        157,
        127
    ],
    "88": [
        252,
        156,
        125
    ],
    "89": [
        252,
        155,
        124
    ],
    "90": [
        252,
        153,
        122
    ],
    "91": [
        252,
        152,
        121
    ],
    "92": [
        252,
        151,
        119
    ],
    "93": [
        252,
        149,
        118
    ],
    "94": [
        252,
        148,
        116
    ],
    "95": [
        252,
        147,
        115
    ],
    "96": [
        252,
        146,
        114
    ],
    "97": [
        252,
        144,
        112
    ],
    "98": [
        252,
        143,
        111
    ],
    "99": [
        252,
        142,
        110
    ],
    "100": [
        252,
        141,
        109
    ],
    "101": [
        252,
        139,
        107
    ],
    "102": [
        252,
        138,
        106
    ],
    "103": [
        252,
        137,
        105
    ],
    "104": [
        252,
        135,
        103
    ],
    "105": [
        252,
        134,
        102
    ],
    "106": [
        252,
        133,
        101
    ],
    "107": [
        252,
        132,
        100
    ],
    "108": [
        252,
        130,
        98
    ],
    "109": [
        252,
        129,
        97
    ],
    "110": [
        252,
        128,
        96
    ],
    "111": [
        252,
        127,
        95
    ],
    "112": [
        251,
        125,
        93
    ],
    "113": [
        251,
        124,
        92
    ],
    "114": [
        251,
        123,
        91
    ],
    "115": [
        251,
        122,
        90
    ],
    "116": [
        251,
        120,
        88
    ],
    "117": [
        251,
        119,
        87
    ],
    "118": [
        251,
        118,
        86
    ],
    "119": [
        251,
        117,
        85
    ],
    "120": [
        251,
        115,
        83
    ],
    "121": [
        251,
        114,
        82
    ],
    "122": [
        251,
        113,
        81
    ],
    "123": [
        251,
        112,
        80
    ],
    "124": [
        251,
        110,
        78
    ],
    "125": [
        251,
        109,
        77
    ],
    "126": [
        251,
        108,
        76
    ],
    "127": [
        251,
        107,
        75
    ],
    "128": [
        251,
        105,
        74
    ],
    "129": [
        250,
        104,
        73
    ],
    "130": [
        250,
        102,
        72
    ],
    "131": [
        250,
        101,
        71
    ],
    "132": [
        249,
        99,
        70
    ],
    "133": [
        249,
        98,
        69
    ],
    "134": [
        249,
        96,
        68
    ],
    "135": [
        248,
        95,
        67
    ],
    "136": [
        248,
        93,
        66
    ],
    "137": [
        247,
        92,
        65
    ],
    "138": [
        247,
        91,
        64
    ],
    "139": [
        247,
        89,
        63
    ],
    "140": [
        246,
        88,
        62
    ],
    "141": [
        246,
        86,
        61
    ],
    "142": [
        246,
        85,
        60
    ],
    "143": [
        245,
        83,
        59
    ],
    "144": [
        245,
        82,
        58
    ],
    "145": [
        244,
        80,
        58
    ],
    "146": [
        244,
        79,
        57
    ],
    "147": [
        244,
        77,
        56
    ],
    "148": [
        243,
        76,
        55
    ],
    "149": [
        243,
        74,
        54
    ],
    "150": [
        243,
        73,
        53
    ],
    "151": [
        242,
        71,
        52
    ],
    "152": [
        242,
        70,
        51
    ],
    "153": [
        241,
        68,
        50
    ],
    "154": [
        241,
        67,
        49
    ],
    "155": [
        241,
        65,
        48
    ],
    "156": [
        240,
        64,
        47
    ],
    "157": [
        240,
        63,
        46
    ],
    "158": [
        240,
        61,
        45
    ],
    "159": [
        239,
        60,
        44
    ],
    "160": [
        238,
        58,
        44
    ],
    "161": [
        237,
        57,
        43
    ],
    "162": [
        236,
        56,
        43
    ],
    "163": [
        235,
        55,
        42
    ],
    "164": [
        234,
        54,
        42
    ],
    "165": [
        233,
        53,
        41
    ],
    "166": [
        232,
        52,
        41
    ],
    "167": [
        230,
        51,
        40
    ],
    "168": [
        229,
        50,
        40
    ],
    "169": [
        228,
        48,
        39
    ],
    "170": [
        227,
        47,
        39
    ],
    "171": [
        226,
        46,
        39
    ],
    "172": [
        225,
        45,
        38
    ],
    "173": [
        224,
        44,
        38
    ],
    "174": [
        222,
        43,
        37
    ],
    "175": [
        221,
        42,
        37
    ],
    "176": [
        220,
        41,
        36
    ],
    "177": [
        219,
        40,
        36
    ],
    "178": [
        218,
        39,
        35
    ],
    "179": [
        217,
        37,
        35
    ],
    "180": [
        216,
        36,
        34
    ],
    "181": [
        215,
        35,
        34
    ],
    "182": [
        213,
        34,
        33
    ],
    "183": [
        212,
        33,
        33
    ],
    "184": [
        211,
        32,
        32
    ],
    "185": [
        210,
        31,
        32
    ],
    "186": [
        209,
        30,
        31
    ],
    "187": [
        208,
        29,
        31
    ],
    "188": [
        207,
        28,
        31
    ],
    "189": [
        206,
        26,
        30
    ],
    "190": [
        204,
        25,
        30
    ],
    "191": [
        203,
        24,
        29
    ],
    "192": [
        202,
        24,
        29
    ],
    "193": [
        201,
        24,
        29
    ],
    "194": [
        200,
        23,
        28
    ],
    "195": [
        199,
        23,
        28
    ],
    "196": [
        197,
        23,
        28
    ],
    "197": [
        196,
        22,
        28
    ],
    "198": [
        195,
        22,
        27
    ],
    "199": [
        194,
        22,
        27
    ],
    "200": [
        193,
        22,
        27
    ],
    "201": [
        191,
        21,
        27
    ],
    "202": [
        190,
        21,
        26
    ],
    "203": [
        189,
        21,
        26
    ],
    "204": [
        188,
        20,
        26
    ],
    "205": [
        187,
        20,
        26
    ],
    "206": [
        185,
        20,
        25
    ],
    "207": [
        184,
        20,
        25
    ],
    "208": [
        183,
        19,
        25
    ],
    "209": [
        182,
        19,
        25
    ],
    "210": [
        181,
        19,
        24
    ],
    "211": [
        179,
        18,
        24
    ],
    "212": [
        178,
        18,
        24
    ],
    "213": [
        177,
        18,
        24
    ],
    "214": [
        176,
        18,
        23
    ],
    "215": [
        175,
        17,
        23
    ],
    "216": [
        173,
        17,
        23
    ],
    "217": [
        172,
        17,
        23
    ],
    "218": [
        171,
        16,
        22
    ],
    "219": [
        170,
        16,
        22
    ],
    "220": [
        169,
        16,
        22
    ],
    "221": [
        168,
        16,
        22
    ],
    "222": [
        166,
        15,
        21
    ],
    "223": [
        165,
        15,
        21
    ],
    "224": [
        163,
        15,
        21
    ],
    "225": [
        161,
        14,
        21
    ],
    "226": [
        159,
        14,
        20
    ],
    "227": [
        157,
        13,
        20
    ],
    "228": [
        156,
        13,
        20
    ],
    "229": [
        154,
        12,
        20
    ],
    "230": [
        152,
        12,
        19
    ],
    "231": [
        150,
        11,
        19
    ],
    "232": [
        148,
        11,
        19
    ],
    "233": [
        146,
        10,
        19
    ],
    "234": [
        144,
        10,
        18
    ],
    "235": [
        142,
        9,
        18
    ],
    "236": [
        140,
        9,
        18
    ],
    "237": [
        138,
        8,
        18
    ],
    "238": [
        136,
        8,
        17
    ],
    "239": [
        134,
        8,
        17
    ],
    "240": [
        132,
        7,
        17
    ],
    "241": [
        130,
        7,
        17
    ],
    "242": [
        128,
        6,
        16
    ],
    "243": [
        126,
        6,
        16
    ],
    "244": [
        124,
        5,
        16
    ],
    "245": [
        122,
        5,
        16
    ],
    "246": [
        121,
        4,
        15
    ],
    "247": [
        119,
        4,
        15
    ],
    "248": [
        117,
        3,
        15
    ],
    "249": [
        115,
        3,
        15
    ],
    "250": [
        113,
        2,
        14
    ],
    "251": [
        111,
        2,
        14
    ],
    "252": [
        109,
        1,
        14
    ],
    "253": [
        107,
        1,
        14
    ],
    "254": [
        105,
        0,
        13
    ],
    "255": [
        103,
        0,
        13
    ]
}