{
    "0": [
        228,
        26,
        28
    ],
    "1": [
        223,
        29,
        33
    ],
    "2": [
        217,
        32,
        38
    ],
    "3": [
        212,
        35,
        43
    ],
    "4": [
        206,
        39,
        48
    ],
    "5": [
        201,
        42,
        52
    ],
    "6": [
        195,
        45,
        57
    ],
    "7": [
        190,
        48,
        62
    ],
    "8": [
        185,
        51,
        67
    ],
    "9": [
        179,
        54,
        72
    ],
    "10": [
        174,
        57,
        77
    ],
    "11": [
        168,
        61,
        82
    ],
    "12": [
        163,
        64,
        87
    ],
    "13": [
        157,
        67,
        92
    ],
    "14": [
        152,
        70,
        97
    ],
    "15": [
        147,
        73,
        101
    ],
    "16": [
        141,
        76,
        106
    ],
    "17": [
        136,
        79,
        111
    ],
    "18": [
        130,
        82,
        116
    ],
    "19": [
        125,
        86,
        121
    ],
    "20": [
        119,
        89,
        126
    ],
    "21": [
        114,
        92,
        131
    ],
    "22": [
        109,
        95,
        136
    ],
    "23": [
        103,
        98,
        141
    ],
    "24": [
        98,
        101,
        145
    ],
    "25": [
        92,
        104,
        150
    ],
    "26": [
        87,
        108,
        155
    ],
    "27": [
        81,
        111,
        160
    ],
    "28": [
        76,
        114,
        165
    ],
    "29": [
        71,
        117,
        170
    ],
    "30": [
        65,
        120,
        175
    ],
    "31": [
        60,
        123,
        180
    ],
    "32": [
        55,
        126,
        184
    ],
    "33": [
        56,
        128,
        180
    ],
    "34": [
        56,
        129,
        177
    ],
    "35": [
        57,
        131,
        173
    ],
    "36": [
        58,
        132,
        170
    ],
    "37": [
        59,
        134,
        166
    ],
    "38": [
        59,
        135,
        163
    ],
    "39": [
        60,
        137,
        159
    ],
    "40": [
        61,
        138,
        156
    ],
    "41": [
        61,
        140,
        153
    ],
    "42": [
        62,
        142,
        149
    ],
    "43": [
        63,
        143,
        146
    ],
    "44": [
        63,
        145,
        142
    ],
    "45": [
        64,
        146,
        139
    ],
    "46": [
        65,
        148,
        135
    ],
    "47": [
        65,
        149,
        132
    ],
    "48": [
        66,
        151,
        128
    ],
    "49": [
        67,
        152,
        125
    ],
    "50": [
        68,
        154,
        121
    ],
    "51": [
        68,
        155,
        118
    ],
    "52": [
        69,
        157,
        115
    ],
    "53": [
        70,
        158,
        111
    ],
    "54": [
        70,
        160,
        108
    ],
    "55": [
        71,
        162,
        104
    ],
    "56": [
        72,
        163,
        101
    ],
    "57": [
        72,
        165,
        97
    ],
    "58": [
        73,
        166,
        94
    ],
    "59": [
        74,
        168,
        90
    ],
    "60": [
        74,
        169,
        87
    ],
    "61": [
        75,
        171,
        83
    ],
    "62": [
        76,
        172,
        80
    ],
    "63": [
        76,
        174,
        77
    ],
    "64": [
        78,
        174,
        75
    ],
    "65": [
        80,
        171,
        77
    ],
    "66": [
        82,
        168,
        80
    ],
    "67": [
        85,
        165,
        83
    ],
    "68": [
        87,
        162,
        86
    ],
    "69": [
        89,
        159,
        89
    ],
    "70": [
        92,
        156,
        91
    ],
    "71": [
        94,
        153,
        94
    ],
    "72": [
        96,
        150,
        97
    ],
    "73": [
        99,
        147,
        100
    ],
    "74": [
        101,
        144,
        103
    ],
    "75": [
        103,
        141,
        105
    ],
    "76": [
        106,
        138,
        108
    ],
    "77": [
        108,
        135,
        111
    ],
    "78": [
        111,
        132,
        114
    ],
    "79": [
        113,
        129,
        117
    ],
    "80": [
        115,
        126,
        119
    ],
    "81": [
        118,
        123,
        122
    ],
    "82": [
        120,
        119,
        125
    ],
    "83": [
        122,
        116,
        128
    ],
    "84": [
        125,
        113,
        131
    ],
    "85": [
        127,
        110,
        133
    ],
    "86": [
        129,
        107,
        136
    ],
    "87": [
        132,
        104,
        139
    ],
    "88": [
        134,
        101,
        142
    ],
    "89": [
        136,
        98,
        145
    ],
    "90": [
        139,
        95,
        147
    ],
    "91": [
        141,
        92,
        150
    ],
    "92": [
        143,
        89,
        153
    ],
    "93": [
        146,
        86,
        156
    ],
    "94": [
        148,
        83,
        158
    ],
    "95": [
        151,
        80,
        161
    ],
    "96": [
        153,
        79,
        161
    ],
    "97": [
        156,
        80,
        156
    ],
    "98": [
        160,
        82,
        151
    ],
    "99": [
        163,
        83,
        146
    ],
    "100": [
        166,
        85,
        141
    ],
    "101": [
        169,
        86,
        136
    ],
    "102": [
        173,
        88,
        130
    ],
    "103": [
        176,
        89,
        125
    ],
    "104": [
        179,
        91,
        120
    ],
    "105": [
        182,
        92,
        115
    ],
    "106": [
        186,
        94,
        110
    ],
    "107": [
        189,
        95,
        105
    ],
    "108": [
        192,
        97,
        100
    ],
    "109": [
        195,
        99,
        95
    ],
    "110": [
        198,
        100,
        89
    ],
    "111": [
        202,
        102,
        84
    ],
    "112": [
        205,
        103,
        79
    ],
    "113": [
        208,
        105,
        74
    ],
    "114": [
        211,
        106,
        69
    ],
    "115": [
        215,
        108,
        64
    ],
    "116": [
        218,
        109,
        59
    ],
    "117": [
        221,
        111,
        54
    ],
    "118": [
        224,
        112,
        49
    ],
    "119": [
        228,
        114,
        43
    ],
    "120": [
        231,
        115,
        38
    ],
    "121": [
        234,
        117,
        33
    ],
    "122": [
        237,
        119,
        28
    ],
    "123": [
        240,
        120,
        23
    ],
    "124": [
        244,
        122,
        18
    ],
    "125": [
        247,
        123,
        13
    ],
    "126": [
        250,
        125,
        8
    ],
    "127": [
        253,
        126,
        3
    ],
    "128": [
        255,
        129,
        1
    ],
    "129": [
        255,
        133,
        2
    ],
    "130": [
        255,
        137,
        4
    ],
    "131": [
        255,
        141,
        6
    ],
    "132": [
        255,
        145,
        7
    ],
    "133": [
        255,
        149,
        9
    ],
    "134": [
        255,
        153,
        10
    ],
    "135": [
        255,
        157,
        12
    ],
    "136": [
        255,
        161,
        14
    ],
    "137": [
        255,
        165,
        15
    ],
    "138": [
        255,
        169,
        17
    ],
    "139": [
        255,
        173,
        18
    ],
    "140": [
        255,
        177,
        20
    ],
    "141": [
        255,
        181,
        22
    ],
    "142": [
        255,
        185,
        23
    ],
    "143": [
        255,
        189,
        25
    ],
    "144": [
        255,
        193,
        26
    ],
    "145": [
        255,
        197,
        28
    ],
    "146": [
        255,
        201,
        30
    ],
    "147": [
        255,
        205,
        31
    ],
    "148": [
        255,
        209,
        33
    ],
    "149": [
        255,
        213,
        34
    ],
    "150": [
        255,
        217,
        36
    ],
    "151": [
        255,
        221,
        38
    ],
    "152": [
        255,
        225,
        39
    ],
    "153": [
        255,
        229,
        41
    ],
    "154": [
        255,
        233,
        42
    ],
    "155": [
        255,
        237,
        44
    ],
    "156": [
        255,
        241,
        46
    ],
    "157": [
        255,
        245,
        47
    ],
    "158": [
        255,
        249,
        49
    ],
    "159": [
        255,
        253,
        50
    ],
    "160": [
        253,
        252,
        51
    ],
    "161": [
        250,
        246,
        50
    ],
    "162": [
        248,
        241,
        50
    ],
    "163": [
        245,
        236,
        50
    ],
    "164": [
        242,
        230,
        49
    ],
    "165": [
        239,
        225,
        49
    ],
    "166": [
        237,
        220,
        49
    ],
    "167": [
        234,
        215,
        48
    ],
    "168": [
        231,
        209,
        48
    ],
    "169": [
        228,
        204,
        48
    ],
    "170": [
        225,
        199,
        47
    ],
    "171": [
        223,
        193,
        47
    ],
    "172": [
        220,
        188,
        47
    ],
    "173": [
        217,
        183,
        46
    ],
    "174": [
        214,
        177,
        46
    ],
    "175": [
        211,
        172,
        46
    ],
    "176": [
        209,
        167,
        45
    ],
    "177": [
        206,
        162,
        45
    ],
    "178": [
        203,
        156,
        45
    ],
    "179": [
        200,
        151,
        44
    ],
    "180": [
        197,
        146,
        44
    ],
    "181": [
        195,
        140,
        44
    ],
    "182": [
        192,
        135,
        43
    ],
    "183": [
        189,
        130,
        43
    ],
    "184": [
        186,
        124,
        43
    ],
    "185": [
        183,
        119,
        42
    ],
    "186": [
        181,
        114,
        42
    ],
    "187": [
        178,
        109,
        41
    ],
    "188": [
        175,
        103,
        41
    ],
    "189": [
        172,
        98,
        41
    ],
    "190": [
        169,
        93,
        40
    ],
    "191": [
        167,
        87,
        40
    ],
    "192": [
        168,
        87,
        44
    ],
    "193": [
        170,
        88,
        48
    ],
    "194": [
        173,
        90,
        53
    ],
    "195": [
        176,
        91,
        58
    ],
    "196": [
        178,
        92,
        63
    ],
    "197": [
        181,
        94,
        67
    ],
    "198": [
        183,
        95,
        72
    ],
    "199": [
        186,
        96,
        77
    ],
    "200": [
        188,
        98,
        81
    ],
    "201": [
        191,
        99,
        86
    ],
    "202": [
        193,
        101,
        91
    ],
    "203": [
        196,
        102,
        96
    ],
    "204": [
        198,
        103,
        100
    ],
    "205": [
        201,
        105,
        105
    ],
    "206": [
        203,
        106,
        110
    ],
    "207": [
        206,
        107,
        115
    ],
    "208": [
        209,
        109,
        119
    ],
    "209": [
        211,
        110,
        124
    ],
    "210": [
        214,
        111,
        129
    ],
    "211": [
        216,
        113,
        134
    ],
    "212": [
        219,
        114,
        138
    ],
    "213": [
        221,
        115,
        143
    ],
    "214": [
        224,
        117,
        148
    ],
    "215": [
        226,
        118,
        153
    ],
    "216": [
        229,
        119,
        157
    ],
    "217": [
        231,
        121,
        162
    ],
    "218": [
        234,
        122,
        167
    ],
    "219": [
        237,
        123,
        171
    ],
    "220": [
        239,
        125,
        176
    ],
    "221": [
        242,
        126,
        181
    ],
    "222": [
        244,
        127,
        186
    ],
    "223": [
        247,
        129,
        190
    ],
    "224": [
        244,
        130,
        190
    ],
    "225": [
        241,
        130,
        189
    ],
    "226": [
        239,
        131,
        188
    ],
    "227": [
        236,
        132,
        186
    ],
    "228": [
        233,
        133,
        185
    ],
    "229": [
        230,
        133,
        184
    ],
    "230": [
        227,
        134,
        183
    ],
    "231": [
        224,
        135,
        182
    ],
    "232": [
        221,
        136,
        180
    ],
    "233": [
        218,
        136,
        179
    ],
    "234": [
        215,
        137,
        178
    ],
    "235": [
        212,
        138,
        177
    ],
    "236": [
        209,
        139,
        176
    ],
    "237": [
        206,
        139,
        174
    ],
    "238": [
        203,
        140,
        173
    ],
    "239": [
        200,
        141,
        172
    ],
    "240": [
        197,
        142,
        171
    ],
    "241": [
        194,
        142,
        170
    ],
    "242": [
        191,
        143,
        168
    ],
    "243": [
        188,
        144,
        167
    ],
    "244": [
        185,
        145,
        166
    ],
    "245": [
        182,
        145,
        165
    ],
    "246": [
        180,
        146,
        164
    ],
    "247": [
        177,
        147,
        163
    ],
    "248": [
        174,
        148,
        161
    ],
    "249": [
        171,
        148,
        160
    ],
    "250": [
        168,
        149,
        159
    ],
    "251": [
        165,
        150,
        158
    ],
    "252": [
        162,
        151,
        157
    ],
    "253": [
        159,
        151,
        155
    ],
    "254": [
        156,
        152,
        154
    ],
    "255": [
        153,
        153,
        153
    ]
}