{
    "0": [
        102,
        194,
        165
    ],
    "1": [
        106,
        193,
        163
    ],
    "2": [
        110,
        191,
        161
    ],
    "3": [
        114,
        190,
        159
    ],
    "4": [
        118,
        188,
        158
    ],
    "5": [
        123,
        187,
        156
    ],
    "6": [
        127,
        185,
        154
    ],
    "7": [
        131,
        184,
        152
    ],
    "8": [
        135,
        182,
        150
    ],
    "9": [
        139,
        181,
        148
    ],
    "10": [
        143,
        179,
        147
    ],
    "11": [
        147,
        178,
        145
    ],
    "12": [
        151,
        177,
        143
    ],
    "13": [
        156,
        175,
        141
    ],
    "14": [
        160,
        174,
        139
    ],
    "15": [
        164,
        172,
        137
    ],
    "16": [
        168,
        171,
        136
    ],
    "17": [
        172,
        169,
        134
    ],
    "18": [
        176,
        168,
        132
    ],
    "19": [
        180,
        166,
        130
    ],
    "20": [
        184,
        165,
        128
    ],
    "21": [
        188,
        163,
        126
    ],
    "22": [
        193,
        162,
        125
    ],
    "23": [
        197,
        161,
        123
    ],
    "24": [
        201,
        159,
        121
    ],
    "25": [
        205,
        158,
        119
    ],
    "26": [
        209,
        156,
        117
    ],
    "27": [
        213,
        155,
        115
    ],
    "28": [
        217,
        153,
        114
    ],
    "29": [
        221,
        152,
        112
    ],
    "30": [
        226,
        150,
        110
    ],
    "31": [
        230,
        149,
        108
    ],
    "32": [
        234,
        147,
        106
    ],
    "33": [
        238,
        146,
        104
    ],
    "34": [
        242,
        145,
        102
    ],
    "35": [
        246,
        143,
        101
    ],
    "36": [
        250,
        142,
        99
    ],
    "37": [
        250,
        141,
        100
    ],
    "38": [
        247,
        142,
        103
    ],
    "39": [
        244,
        142,
        105
    ],
    "40": [
        241,
        143,
        108
    ],
    "41": [
        238,
        143,
        111
    ],
    "42": [
        235,
        144,
        114
    ],
    "43": [
        232,
        144,
        117
    ],
    "44": [
        229,
        145,
        120
    ],
    "45": [
        226,
        145,
        123
    ],
    "46": [
        223,
        146,
        126
    ],
    "47": [
        220,
        147,
        128
    ],
    "48": [
        217,
        147,
        131
    ],
    "49": [
        214,
        148,
        134
    ],
    "50": [
        211,
        148,
        137
    ],
    "51": [
        208,
        149,
        140
    ],
    "52": [
        205,
        149,
        143
    ],
    "53": [
        202,
        150,
        146
    ],
    "54": [
        198,
        150,
        149
    ],
    "55": [
        195,
        151,
        152
    ],
    "56": [
        192,
        151,
        154
    ],
    "57": [
        189,
        152,
        157
    ],
    "58": [
        186,
        152,
        160
    ],
    "59": [
        183,
        153,
        163
    ],
    "60": [
        180,
        153,
        166
    ],
    "61": [
        177,
        154,
        169
    ],
    "62": [
        174,
        154,
        172
    ],
    "63": [
        171,
        155,
        175
    ],
    "64": [
        168,
        155,
        177
    ],
    "65": [
        165,
        156,
        180
    ],
    "66": [
        162,
        156,
        183
    ],
    "67": [
        159,
        157,
        186
    ],
    "68": [
        156,
        157,
        189
    ],
    "69": [
        153,
        158,
        192
    ],
    "70": [
        150,
        159,
        195
    ],
    "71": [
        147,
        159,
        198
    ],
    "72": [
        144,
        160,
        201
    ],
    "73": [
        141,
        160,
        203
    ],
    "74": [
        144,
        159,
        203
    ],
    "75": [
        146,
        159,
        203
    ],
    "76": [
        149,
        158,
        202
    ],
    "77": [
        151,
        157,
        202
    ],
    "78": [
        154,
        157,
        202
    ],
    "79": [
        156,
        156,
        202
    ],
    "80": [
        159,
        156,
        201
    ],
    "81": [
        161,
        155,
        201
    ],
    "82": [
        164,
        154,
        201
    ],
    "83": [
        166,
        154,
        201
    ],
    "84": [
        169,
        153,
        201
    ],
    "85": [
        171,
        153,
        200
    ],
    "86": [
        173,
        152,
        200
    ],
    "87": [
        176,
        151,
        200
    ],
    "88": [
        178,
        151,
        200
    ],
    "89": [
        181,
        150,
        199
    ],
    "90": [
        183,
        150,
        199
    ],
    "91": [
        186,
        149,
        199
    ],
    "92": [
        188,
        148,
        199
    ],
    "93": [
        191,
        148,
        199
    ],
    "94": [
        193,
        147,
        198
    ],
    "95": [
        196,
        147,
        198
    ],
    "96": [
        198,
        146,
        198
    ],
    "97": [
        201,
        145,
        198
    ],
    "98": [
        203,
        145,
        197
    ],
    "99": [
        206,
        144,
        197
    ],
    "100": [
        208,
        144,
        197
    ],
    "101": [
        211,
        143,
        197
    ],
    "102": [
        213,
        142,
        197
    ],
    "103": [
        215,
        142,
        196
    ],
    "104": [
        218,
        141,
        196
    ],
    "105": [
        220,
        141,
        196
    ],
    "106": [
        223,
        140,
        196
    ],
    "107": [
        225,
        139,
        196
    ],
    "108": [
        228,
        139,
        195
    ],
    "109": [
        230,
        138,
        195
    ],
    "110": [
        230,
        140,
        193
    ],
    "111": [
        228,
        142,
        190
    ],
    "112": [
        226,
        144,
        187
    ],
    "113": [
        224,
        146,
        184
    ],
    "114": [
        223,
        148,
        181
    ],
    "115": [
        221,
        150,
        178
    ],
    "116": [
        219,
        152,
        175
    ],
    "117": [
        217,
        155,
        171
    ],
    "118": [
        215,
        157,
        168
    ],
    "119": [
        214,
        159,
        165
    ],
    "120": [
        212,
        161,
        162
    ],
    "121": [
        210,
        163,
        159
    ],
    "122": [
        208,
        165,
        156
    ],
    "123": [
        207,
        167,
        153
    ],
    "124": [
        205,
        170,
        150
    ],
    "125": [
        203,
        172,
        147
    ],
    "126": [
        201,
        174,
        144
    ],
    "127": [
        199,
        176,
        141
    ],
    "128": [
        198,
        178,
        138
    ],
    "129": [
        196,
        180,
        135
    ],
    "130": [
        194,
        182,
        132
    ],
    "131": [
        192,
        184,
        129
    ],
    "132": [
        190,
        187,
        126
    ],
    "133": [
        189,
        189,
        123
    ],
    "134": [
        187,
        191,
        120
    ],
    "135": [
        185,
        193,
        117
    ],
    "136": [
        183,
        195,
        114
    ],
    "137": [
        182,
        197,
        111
    ],
    "138": [
        180,
        199,
        108
    ],
    "139": [
        178,
        202,
        104
    ],
    "140": [
        176,
        204,
        101
    ],
    "141": [
        174,
        206,
        98
    ],
    "142": [
        173,
        208,
        95
    ],
    "143": [
        171,
        210,
        92
    ],
    "144": [
        169,
        212,
        89
    ],
    "145": [
        167,
        214,
        86
    ],
    "146": [
        167,
        216,
        84
    ],
    "147": [
        169,
        216,
        83
    ],
    "148": [
        172,
        216,
        82
    ],
    "149": [
        174,
        216,
        81
    ],
    "150": [
        176,
        216,
        80
    ],
    "151": [
        179,
        216,
        79
    ],
    "152": [
        181,
        216,
        78
    ],
    "153": [
        184,
        216,
        77
    ],
    "154": [
        186,
        216,
        76
    ],
    "155": [
        189,
        216,
        75
    ],
    "156": [
        191,
        216,
        74
    ],
    "157": [
        194,
        216,
        73
    ],
    "158": [
        196,
        216,
        72
    ],
    "159": [
        198,
        216,
        71
    ],
    "160": [
        201,
        216,
        69
    ],
    "161": [
        203,
        216,
        68
    ],
    "162": [
        206,
        216,
        67
    ],
    "163": [
        208,
        216,
        66
    ],
    "164": [
        211,
        217,
        65
    ],
    "165": [
        213,
        217,
        64
    ],
    "166": [
        216,
        217,
        63
    ],
    "167": [
        218,
        217,
        62
    ],
    "168": [
        220,
        217,
        61
    ],
    "169": [
        223,
        217,
        60
    ],
    "170": [
        225,
        217,
        59
    ],
    "171": [
        228,
        217,
        58
    ],
    "172": [
        230,
        217,
        57
    ],
    "173": [
        233,
        217,
        56
    ],
    "174": [
        235,
        217,
        55
    ],
    "175": [
        238,
        217,
        54
    ],
    "176": [
        240,
        217,
        53
    ],
    "177": [
        242,
        217,
        52
    ],
    "178": [
        245,
        217,
        51
    ],
    "179": [
        247,
        217,
        50
    ],
    "180": [
        250,
        217,
        49
    ],
    "181": [
        252,
        217,
        48
    ],
    "182": [
        255,
        217,
        47
    ],
    "183": [
        254,
        217,
        49
    ],
    "184": [
        254,
        216,
        52
    ],
    "185": [
        253,
        215,
        55
    ],
    "186": [
        252,
        215,
        58
    ],
    "187": [
        252,
        214,
        60
    ],
    "188": [
        251,
        214,
        63
    ],
    "189": [
        250,
        213,
        66
    ],
    "190": [
        249,
        212,
        69
    ],
    "191": [
        249,
        212,
        72
    ],
    "192": [
        248,
        211,
        74
    ],
    "193": [
        247,
        211,
        77
    ],
    "194": [
        247,
        210,
        80
    ],
    "195": [
        246,
        210,
        83
    ],
    "196": [
        245,
        209,
        85
    ],
    "197": [
        244,
        208,
        88
    ],
    "198": [
        244,
        208,
        91
    ],
    "199": [
        243,
        207,
        94
    ],
    "200": [
        242,
        207,
        97
    ],
    "201": [
        242,
        206,
        99
    ],
    "202": [
        241,
        206,
        102
    ],
    "203": [
        240,
        205,
        105
    ],
    "204": [
        239,
        204,
        108
    ],
    "205": [
        239,
        204,
        110
    ],
    "206": [
        238,
        203,
        113
    ],
    "207": [
        237,
        203,
        116
    ],
    "208": [
        237,
        202,
        119
    ],
    "209": [
        236,
        202,
        121
    ],
    "210": [
        235,
        201,
        124
    ],
    "211": [
        234,
        200,
        127
    ],
    "212": [
        234,
        200,
        130
    ],
    "213": [
        233,
        199,
        133
    ],
    "214": [
        232,
        199,
        135
    ],
    "215": [
        232,
        198,
        138
    ],
    "216": [
        231,
        197,
        141
    ],
    "217": [
        230,
        197,
        144
    ],
    "218": [
        229,
        196,
        146
    ],
    "219": [
        228,
        196,
        148
    ],
    "220": [
        227,
        195,
        149
    ],
    "221": [
        226,
        195,
        150
    ],
    "222": [
        224,
        194,
        151
    ],
    "223": [
        223,
        194,
        152
    ],
    "224": [
        222,
        193,
        153
    ],
    "225": [
        220,
        193,
        153
    ],
    "226": [
        219,
        193,
        154
    ],
    "227": [
        217,
        192,
        155
    ],
    "228": [
        216,
        192,
        156
    ],
    "229": [
        215,
        191,
        157
    ],
    "230": [
        213,
        191,
        158
    ],
    "231": [
        212,
        190,
        159
    ],
    "232": [
        211,
        190,
        159
    ],
    "233": [
        209,
        189,
        160
    ],
    "234": [
        208,
        189,
        161
    ],
    "235": [
        206,
        188,
        162
    ],
    "236": [
        205,
        188,
        163
    ],
    "237": [
        204,
        187,
        164
    ],
    "238": [
        202,
        187,
        165
    ],
    "239": [
        201,
        186,
        165
    ],
    "240": [
        200,
        186,
        166
    ],
    "241": [
        198,
        186,
        167
    ],
    "242": [
        197,
        185,
        168
    ],
    "243": [
        195,
        185,
        169
    ],
    "244": [
        194,
        184,
        170
    ],
    "245": [
        193,
        184,
        170
    ],
    "246": [
        191,
        183,
        171
    ],
    "247": [
        190,
        183,
        172
    ],
    "248": [
        189,
        182,
        173
    ],
    "249": [
        187,
        182,
        174
    ],
    "250": [
        186,
        181,
        175
    ],
    "251": [
        184,
        181,
        176
    ],
    "252": [
        183,
        180,
        176
    ],
    "253": [
        182,
        180,
        177
    ],
    "254": [
        180,
        179,
        178
    ],
    "255": [
        179,
        179,
        179
    ]
}