{
    "0": [
        141,
        211,
        199
    ],
    "1": [
        146,
        213,
        198
    ],
    "2": [
        151,
        215,
        197
    ],
    "3": [
        156,
        217,
        196
    ],
    "4": [
        161,
        219,
        196
    ],
    "5": [
        166,
        220,
        195
    ],
    "6": [
        171,
        222,
        194
    ],
    "7": [
        175,
        224,
        193
    ],
    "8": [
        180,
        226,
        192
    ],
    "9": [
        185,
        228,
        191
    ],
    "10": [
        190,
        230,
        190
    ],
    "11": [
        195,
        232,
        190
    ],
    "12": [
        200,
        234,
        189
    ],
    "13": [
        205,
        236,
        188
    ],
    "14": [
        210,
        238,
        187
    ],
    "15": [
        215,
        239,
        186
    ],
    "16": [
        220,
        241,
        185
    ],
    "17": [
        225,
        243,
        184
    ],
    "18": [
        230,
        245,
        183
    ],
    "19": [
        234,
        247,
        183
    ],
    "20": [
        239,
        249,
        182
    ],
    "21": [
        244,
        251,
        181
    ],
    "22": [
        249,
        253,
        180
    ],
    "23": [
        254,
        255,
        179
    ],
    "24": [
        253,
        253,
        180
    ],
    "25": [
        250,
        250,
        182
    ],
    "26": [
        247,
        247,
        184
    ],
    "27": [
        244,
        244,
        185
    ],
    "28": [
        241,
        241,
        187
    ],
    "29": [
        239,
        238,
        189
    ],
    "30": [
        236,
        235,
        190
    ],
    "31": [
        233,
        232,
        192
    ],
    "32": [
        230,
        229,
        194
    ],
    "33": [
        227,
        226,
        196
    ],
    "34": [
        225,
        223,
        197
    ],
    "35": [
        222,
        220,
        199
    ],
    "36": [
        219,
        217,
        201
    ],
    "37": [
        216,
        214,
        202
    ],
    "38": [
        213,
        211,
        204
    ],
    "39": [
        211,
        208,
        206
    ],
    "40": [
        208,
        205,
        207
    ],
    "41": [
        205,
        202,
        209
    ],
    "42": [
        202,
        199,
        211
    ],
    "43": [
        199,
        196,
        212
    ],
    "44": [
        197,
        193,
        214
    ],
    "45": [
        194,
        190,
        216
    ],
    "46": [
        191,
        187,
        217
    ],
    "47": [
        192,
        184,
        215
    ],
    "48": [
        194,
        182,
        211
    ],
    "49": [
        197,
        179,
        206
    ],
    "50": [
        200,
        177,
        202
    ],
    "51": [
        202,
        174,
        197
    ],
    "52": [
        205,
        172,
        193
    ],
    "53": [
        207,
        169,
        188
    ],
    "54": [
        210,
        167,
        184
    ],
    "55": [
        213,
        164,
        179
    ],
    "56": [
        215,
        162,
        175
    ],
    "57": [
        218,
        159,
        170
    ],
    "58": [
        221,
        157,
        166
    ],
    "59": [
        223,
        154,
        161
    ],
    "60": [
        226,
        152,
        157
    ],
    "61": [
        229,
        149,
        152
    ],
    "62": [
        231,
        147,
        148
    ],
    "63": [
        234,
        144,
        143
    ],
    "64": [
        236,
        142,
        139
    ],
    "65": [
        239,
        139,
        134
    ],
    "66": [
        242,
        137,
        130
    ],
    "67": [
        244,
        134,
        125
    ],
    "68": [
        247,
        132,
        121
    ],
    "69": [
        250,
        129,
        116
    ],
    "70": [
        249,
        129,
        116
    ],
    "71": [
        243,
        131,
        120
    ],
    "72": [
        238,
        133,
        124
    ],
    "73": [
        233,
        135,
        128
    ],
    "74": [
        227,
        137,
        133
    ],
    "75": [
        222,
        140,
        137
    ],
    "76": [
        217,
        142,
        141
    ],
    "77": [
        211,
        144,
        145
    ],
    "78": [
        206,
        146,
        149
    ],
    "79": [
        201,
        148,
        154
    ],
    "80": [
        196,
        150,
        158
    ],
    "81": [
        190,
        152,
        162
    ],
    "82": [
        185,
        154,
        166
    ],
    "83": [
        180,
        156,
        170
    ],
    "84": [
        174,
        159,
        174
    ],
    "85": [
        169,
        161,
        179
    ],
    "86": [
        164,
        163,
        183
    ],
    "87": [
        158,
        165,
        187
    ],
    "88": [
        153,
        167,
        191
    ],
    "89": [
        148,
        169,
        195
    ],
    "90": [
        142,
        171,
        200
    ],
    "91": [
        137,
        173,
        204
    ],
    "92": [
        132,
        175,
        208
    ],
    "93": [
        129,
        177,
        210
    ],
    "94": [
        135,
        177,
        205
    ],
    "95": [
        140,
        177,
        200
    ],
    "96": [
        146,
        177,
        195
    ],
    "97": [
        151,
        178,
        190
    ],
    "98": [
        156,
        178,
        185
    ],
    "99": [
        162,
        178,
        180
    ],
    "100": [
        167,
        178,
        176
    ],
    "101": [
        173,
        178,
        171
    ],
    "102": [
        178,
        178,
        166
    ],
    "103": [
        183,
        178,
        161
    ],
    "104": [
        189,
        178,
        156
    ],
    "105": [
        194,
        179,
        151
    ],
    "106": [
        200,
        179,
        146
    ],
    "107": [
        205,
        179,
        141
    ],
    "108": [
        210,
        179,
        137
    ],
    "109": [
        216,
        179,
        132
    ],
    "110": [
        221,
        179,
        127
    ],
    "111": [
        227,
        179,
        122
    ],
    "112": [
        232,
        179,
        117
    ],
    "113": [
        237,
        180,
        112
    ],
    "114": [
        243,
        180,
        107
    ],
    "115": [
        248,
        180,
        102
    ],
    "116": [
        253,
        180,
        98
    ],
    "117": [
        250,
        182,
        98
    ],
    "118": [
        246,
        184,
        99
    ],
    "119": [
        243,
        186,
        99
    ],
    "120": [
        240,
        187,
        99
    ],
    "121": [
        237,
        189,
        100
    ],
    "122": [
        234,
        191,
        100
    ],
    "123": [
        230,
        193,
        100
    ],
    "124": [
        227,
        195,
        100
    ],
    "125": [
        224,
        196,
        101
    ],
    "126": [
        221,
        198,
        101
    ],
    "127": [
        218,
        200,
        101
    ],
    "128": [
        214,
        202,
        102
    ],
    "129": [
        211,
        204,
        102
    ],
    "130": [
        208,
        206,
        102
    ],
    "131": [
        205,
        207,
        103
    ],
    "132": [
        202,
        209,
        103
    ],
    "133": [
        198,
        211,
        103
    ],
    "134": [
        195,
        213,
        103
    ],
    "135": [
        192,
        215,
        104
    ],
    "136": [
        189,
        216,
        104
    ],
    "137": [
        186,
        218,
        104
    ],
    "138": [
        182,
        220,
        105
    ],
    "139": [
        179,
        222,
        105
    ],
    "140": [
        182,
        221,
        110
    ],
    "141": [
        185,
        221,
        115
    ],
    "142": [
        188,
        220,
        121
    ],
    "143": [
        191,
        219,
        126
    ],
    "144": [
        194,
        218,
        131
    ],
    "145": [
        198,
        218,
        137
    ],
    "146": [
        201,
        217,
        142
    ],
    "147": [
        204,
        216,
        147
    ],
    "148": [
        207,
        215,
        153
    ],
    "149": [
        210,
        215,
        158
    ],
    "150": [
        213,
        214,
        163
    ],
    "151": [
        217,
        213,
        169
    ],
    "152": [
        220,
        213,
        174
    ],
    "153": [
        223,
        212,
        179
    ],
    "154": [
        226,
        211,
        185
    ],
    "155": [
        229,
        210,
        190
    ],
    "156": [
        232,
        210,
        195
    ],
    "157": [
        235,
        209,
        201
    ],
    "158": [
        239,
        208,
        206
    ],
    "159": [
        242,
        207,
        211
    ],
    "160": [
        245,
        207,
        217
    ],
    "161": [
        248,
        206,
        222
    ],
    "162": [
        251,
        205,
        228
    ],
    "163": [
        251,
        205,
        229
    ],
    "164": [
        249,
        206,
        228
    ],
    "165": [
        248,
        206,
        228
    ],
    "166": [
        246,
        207,
        227
    ],
    "167": [
        245,
        207,
        227
    ],
    "168": [
        243,
        208,
        226
    ],
    "169": [
        242,
        208,
        226
    ],
    "170": [
        240,
        209,
        225
    ],
    "171": [
        239,
        210,
        224
    ],
    "172": [
        237,
        210,
        224
    ],
    "173": [
        236,
        211,
        223
    ],
    "174": [
        234,
        211,
        223
    ],
    "175": [
        233,
        212,
        222
    ],
    "176": [
        231,
        212,
        222
    ],
    "177": [
        230,
        213,
        221
    ],
    "178": [
        228,
        213,
        221
    ],
    "179": [
        227,
        214,
        220
    ],
    "180": [
        225,
        214,
        220
    ],
    "181": [
        224,
        215,
        219
    ],
    "182": [
        222,
        215,
        219
    ],
    "183": [
        221,
        216,
        218
    ],
    "184": [
        219,
        216,
        218
    ],
    "185": [
        218,
        217,
        217
    ],
    "186": [
        216,
        215,
        216
    ],
    "187": [
        215,
        211,
        215
    ],
    "188": [
        214,
        207,
        214
    ],
    "189": [
        213,
        203,
        213
    ],
    "190": [
        211,
        200,
        212
    ],
    "191": [
        210,
        196,
        210
    ],
    "192": [
        209,
        192,
        209
    ],
    "193": [
        208,
        188,
        208
    ],
    "194": [
        206,
        184,
        207
    ],
    "195": [
        205,
        180,
        205
    ],
    "196": [
        204,
        177,
        204
    ],
    "197": [
        203,
        173,
        203
    ],
    "198": [
        201,
        169,
        202
    ],
    "199": [
        200,
        165,
        201
    ],
    "200": [
        199,
        161,
        199
    ],
    "201": [
        198,
        157,
        198
    ],
    "202": [
        196,
        153,
        197
    ],
    "203": [
        195,
        150,
        196
    ],
    "204": [
        194,
        146,
        195
    ],
    "205": [
        193,
        142,
        193
    ],
    "206": [
        191,
        138,
        192
    ],
    "207": [
        190,
        134,
        191
    ],
    "208": [
        189,
        130,
        190
    ],
    "209": [
        188,
        130,
        189
    ],
    "210": [
        189,
        134,
        189
    ],
    "211": [
        190,
        139,
        190
    ],
    "212": [
        190,
        144,
        190
    ],
    "213": [
        191,
        148,
        191
    ],
    "214": [
        192,
        153,
        191
    ],
    "215": [
        192,
        157,
        191
    ],
    "216": [
        193,
        162,
        192
    ],
    "217": [
        194,
        167,
        192
    ],
    "218": [
        194,
        171,
        192
    ],
    "219": [
        195,
        176,
        193
    ],
    "220": [
        196,
        180,
        193
    ],
    "221": [
        197,
        185,
        193
    ],
    "222": [
        197,
        190,
        194
    ],
    "223": [
        198,
        194,
        194
    ],
    "224": [
        199,
        199,
        194
    ],
    "225": [
        199,
        204,
        195
    ],
    "226": [
        200,
        208,
        195
    ],
    "227": [
        201,
        213,
        195
    ],
    "228": [
        201,
        217,
        196
    ],
    "229": [
        202,
        222,
        196
    ],
    "230": [
        203,
        227,
        196
    ],
    "231": [
        203,
        231,
        197
    ],
    "232": [
        204,
        235,
        196
    ],
    "233": [
        207,
        235,
        193
    ],
    "234": [
        209,
        235,
        189
    ],
    "235": [
        211,
        235,
        185
    ],
    "236": [
        213,
        235,
        181
    ],
    "237": [
        215,
        235,
        178
    ],
    "238": [
        218,
        236,
        174
    ],
    "239": [
        220,
        236,
        170
    ],
    "240": [
        222,
        236,
        167
    ],
    "241": [
        224,
        236,
        163
    ],
    "242": [
        226,
        236,
        159
    ],
    "243": [
        229,
        236,
        156
    ],
    "244": [
        231,
        236,
        152
    ],
    "245": [
        233,
        236,
        148
    ],
    "246": [
        235,
        236,
        144
    ],
    "247": [
        237,
        236,
        141
    ],
    "248": [
        240,
        236,
        137
    ],
    "249": [
        242,
        236,
        133
    ],
    "250": [
        244,
        237,
        130
    ],
    "251": [
        246,
        237,
        126
    ],
    "252": [
        248,
        237,
        122
    ],
    "253": [
        251,
        237,
        118
    ],
    "254": [
        253,
        237,
        115
    ],
    "255": [
        255,
        237,
        111
    ]
}