{
    "0": [
        0,
        128,
        102
    ],
    "1": [
        1,
        128,
        102
    ],
    "2": [
        2,
        128,
        102
    ],
    "3": [
        3,
        129,
        102
    ],
    "4": [
        4,
        130,
        102
    ],
    "5": [
        5,
        130,
        102
    ],
    "6": [
        6,
        130,
        102
    ],
    "7": [
        7,
        131,
        102
    ],
    "8": [
        8,
        132,
        102
    ],
    "9": [
        9,
        132,
        102
    ],
    "10": [
        10,
        132,
        102
    ],
    "11": [
        11,
        133,
        102
    ],
    "12": [
        12,
        134,
        102
    ],
    "13": [
        13,
        134,
        102
    ],
    "14": [
        14,
        134,
        102
    ],
    "15": [
        15,
        135,
        102
    ],
    "16": [
        16,
        136,
        102
    ],
    "17": [
        17,
        136,
        102
    ],
    "18": [
        18,
        136,
        102
    ],
    "19": [
        19,
        137,
        102
    ],
    "20": [
        20,
        138,
        102
    ],
    "21": [
        21,
        138,
        102
    ],
    "22": [
        22,
        138,
        102
    ],
    "23": [
        23,
        139,
        102
    ],
    "24": [
        24,
        140,
        102
    ],
    "25": [
        25,
        140,
        102
    ],
    "26": [
        26,
        140,
        102
    ],
    "27": [
        27,
        141,
        102
    ],
    "28": [
        28,
        142,
        102
    ],
    "29": [
        29,
        142,
        102
    ],
    "30": [
        30,
        142,
        102
    ],
    "31": [
        31,
        143,
        102
    ],
    "32": [
        32,
        144,
        102
    ],
    "33": [
        33,
        144,
        102
    ],
    "34": [
        34,
        144,
        102
    ],
    "35": [
        35,
        145,
        102
    ],
    "36": [
        36,
        146,
        102
    ],
    "37": [
        37,
        146,
        102
    ],
    "38": [
        38,
        146,
        102
    ],
    "39": [
        39,
        147,
        102
    ],
    "40": [
        40,
        147,
        102
    ],
    "41": [
        41,
        148,
        102
    ],
    "42": [
        42,
        148,
        102
    ],
    "43": [
        43,
        149,
        102
    ],
    "44": [
        44,
        150,
        102
    ],
    "45": [
        45,
        150,
        102
    ],
    "46": [
        46,
        150,
        102
    ],
    "47": [
        47,
        151,
        102
    ],
    "48": [
        48,
        152,
        102
    ],
    "49": [
        49,
        152,
        102
    ],
    "50": [
        50,
        152,
        102
    ],
    "51": [
        51,
        153,
        102
    ],
    "52": [
        52,
        154,
        102
    ],
    "53": [
        53,
        154,
        102
    ],
    "54": [
        54,
        154,
        102
    ],
    "55": [
        55,
        155,
        102
    ],
    "56": [
        56,
        156,
        102
    ],
    "57": [
        57,
        156,
        102
    ],
    "58": [
        58,
        156,
        102
    ],
    "59": [
        59,
        157,
        102
    ],
    "60": [
        60,
        158,
        102
    ],
    "61": [
        61,
        158,
        102
    ],
    "62": [
        62,
        158,
        102
    ],
    "63": [
        63,
        159,
        102
    ],
    "64": [
        64,
        160,
        102
    ],
    "65": [
        65,
        160,
        102
    ],
    "66": [
        66,
        160,
        102
    ],
    "67": [
        67,
        161,
        102
    ],
    "68": [
        68,
        162,
        102
    ],
    "69": [
        69,
        162,
        102
    ],
    "70": [
        70,
        162,
        102
    ],
    "71": [
        71,
        163,
        102
    ],
    "72": [
        72,
        163,
        102
    ],
    "73": [
        73,
        164,
        102
    ],
    "74": [
        74,
        164,
        102
    ],
    "75": [
        75,
        165,
        102
    ],
    "76": [
        76,
        166,
        102
    ],
    "77": [
        77,
        166,
        102
    ],
    "78": [
        78,
        166,
        102
    ],
    "79": [
        79,
        167,
        102
    ],
    "80": [
        80,
        168,
        102
    ],
    "81": [
        81,
        168,
        102
    ],
    "82": [
        82,
        168,
        102
    ],
    "83": [
        83,
        169,
        102
    ],
    "84": [
        84,
        170,
        102
    ],
    "85": [
        85,
        170,
        102
    ],
    "86": [
        86,
        171,
        102
    ],
    "87": [
        87,
        171,
        102
    ],
    "88": [
        88,
        172,
        102
    ],
    "89": [
        89,
        172,
        102
    ],
    "90": [
        90,
        172,
        102
    ],
    "91": [
        91,
        173,
        102
    ],
    "92": [
        92,
        174,
        102
    ],
    "93": [
        93,
        174,
        102
    ],
    "94": [
        94,
        174,
        102
    ],
    "95": [
        95,
        175,
        102
    ],
    "96": [
        96,
        176,
        102
    ],
    "97": [
        97,
        176,
        102
    ],
    "98": [
        98,
        176,
        102
    ],
    "99": [
        99,
        177,
        102
    ],
    "100": [
        100,
        178,
        102
    ],
    "101": [
        101,
        178,
        102
    ],
    "102": [
        102,
        178,
        102
    ],
    "103": [
        103,
        179,
        102
    ],
    "104": [
        104,
        179,
        102
    ],
    "105": [
        105,
        180,
        102
    ],
    "106": [
        106,
        180,
        102
    ],
    "107": [
        107,
        181,
        102
    ],
    "108": [
        108,
        182,
        102
    ],
    "109": [
        109,
        182,
        102
    ],
    "110": [
        110,
        182,
        102
    ],
    "111": [
        111,
        183,
        102
    ],
    "112": [
        112,
        184,
        102
    ],
    "113": [
        113,
        184,
        102
    ],
    "114": [
        114,
        184,
        102
    ],
    "115": [
        115,
        185,
        102
    ],
    "116": [
        116,
        186,
        102
    ],
    "117": [
        117,
        186,
        102
    ],
    "118": [
        118,
        187,
        102
    ],
    "119": [
        119,
        187,
        102
    ],
    "120": [
        120,
        188,
        102
    ],
    "121": [
        121,
        188,
        102
    ],
    "122": [
        122,
        188,
        102
    ],
    "123": [
        123,
        189,
        102
    ],
    "124": [
        124,
        190,
        102
    ],
    "125": [
        125,
        190,
        102
    ],
    "126": [
        126,
        190,
        102
    ],
    "127": [
        127,
        191,
        102
    ],
    "128": [
        128,
        192,
        102
    ],
    "129": [
        129,
        192,
        102
    ],
    "130": [
        130,
        192,
        102
    ],
    "131": [
        131,
        193,
        102
    ],
    "132": [
        132,
        194,
        102
    ],
    "133": [
        133,
        194,
        102
    ],
    "134": [
        134,
        194,
        102
    ],
    "135": [
        135,
        195,
        102
    ],
    "136": [
        136,
        195,
        102
    ],
    "137": [
        137,
        196,
        102
    ],
    "138": [
        138,
        196,
        102
    ],
    "139": [
        139,
        197,
        102
    ],
    "140": [
        140,
        198,
        102
    ],
    "141": [
        141,
        198,
        102
    ],
    "142": [
        142,
        198,
        102
    ],
    "143": [
        143,
        199,
        102
    ],
    "144": [
        144,
        200,
        102
    ],
    "145": [
        145,
        200,
        102
    ],
    "146": [
        146,
        200,
        102
    ],
    "147": [
        147,
        201,
        102
    ],
    "148": [
        148,
        202,
        102
    ],
    "149": [
        149,
        202,
        102
    ],
    "150": [
        150,
        203,
        102
    ],
    "151": [
        151,
        203,
        102
    ],
    "152": [
        152,
        204,
        102
    ],
    "153": [
        153,
        204,
        102
    ],
    "154": [
        154,
        204,
        102
    ],
    "155": [
        155,
        205,
        102
    ],
    "156": [
        156,
        206,
        102
    ],
    "157": [
        157,
        206,
        102
    ],
    "158": [
        158,
        206,
        102
    ],
    "159": [
        159,
        207,
        102
    ],
    "160": [
        160,
        208,
        102
    ],
    "161": [
        161,
        208,
        102
    ],
    "162": [
        162,
        208,
        102
    ],
    "163": [
        163,
        209,
        102
    ],
    "164": [
        164,
        210,
        102
    ],
    "165": [
        165,
        210,
        102
    ],
    "166": [
        166,
        210,
        102
    ],
    "167": [
        167,
        211,
        102
    ],
    "168": [
        168,
        211,
        102
    ],
    "169": [
        169,
        212,
        102
    ],
    "170": [
        170,
        212,
        102
    ],
    "171": [
        171,
        213,
        102
    ],
    "172": [
        172,
        214,
        102
    ],
    "173": [
        173,
        214,
        102
    ],
    "174": [
        174,
        214,
        102
    ],
    "175": [
        175,
        215,
        102
    ],
    "176": [
        176,
        216,
        102
    ],
    "177": [
        177,
        216,
        102
    ],
    "178": [
        178,
        216,
        102
    ],
    "179": [
        179,
        217,
        102
    ],
    "180": [
        180,
        218,
        102
    ],
    "181": [
        181,
        218,
        102
    ],
    "182": [
        182,
        219,
        102
    ],
    "183": [
        183,
        219,
        102
    ],
    "184": [
        184,
        220,
        102
    ],
    "185": [
        185,
        220,
        102
    ],
    "186": [
        186,
        220,
        102
    ],
    "187": [
        187,
        221,
        102
    ],
    "188": [
        188,
        222,
        102
    ],
    "189": [
        189,
        222,
        102
    ],
    "190": [
        190,
        222,
        102
    ],
    "191": [
        191,
        223,
        102
    ],
    "192": [
        192,
        224,
        102
    ],
    "193": [
        193,
        224,
        102
    ],
    "194": [
        194,
        224,
        102
    ],
    "195": [
        195,
        225,
        102
    ],
    "196": [
        196,
        226,
        102
    ],
    "197": [
        197,
        226,
        102
    ],
    "198": [
        198,
        226,
        102
    ],
    "199": [
        199,
        227,
        102
    ],
    "200": [
        200,
        227,
        102
    ],
    "201": [
        201,
        228,
        102
    ],
    "202": [
        202,
        228,
        102
    ],
    "203": [
        203,
        229,
        102
    ],
    "204": [
        204,
        230,
        102
    ],
    "205": [
        205,
        230,
        102
    ],
    "206": [
        206,
        230,
        102
    ],
    "207": [
        207,
        231,
        102
    ],
    "208": [
        208,
        232,
        102
    ],
    "209": [
        209,
        232,
        102
    ],
    "210": [
        210,
        232,
        102
    ],
    "211": [
        211,
        233,
        102
    ],
    "212": [
        212,
        234,
        102
    ],
    "213": [
        213,
        234,
        102
    ],
    "214": [
        214,
        235,
        102
    ],
    "215": [
        215,
        235,
        102
    ],
    "216": [
        216,
        236,
        102
    ],
    "217": [
        217,
        236,
        102
    ],
    "218": [
        218,
        236,
        102
    ],
    "219": [
        219,
        237,
        102
    ],
    "220": [
        220,
        238,
        102
    ],
    "221": [
        221,
        238,
        102
    ],
    "222": [
        222,
        238,
        102
    ],
    "223": [
        223,
        239,
        102
    ],
    "224": [
        224,
        240,
        102
    ],
    "225": [
        225,
        240,
        102
    ],
    "226": [
        226,
        240,
        102
    ],
    "227": [
        227,
        241,
        102
    ],
    "228": [
        228,
        242,
        102
    ],
    "229": [
        229,
        242,
        102
    ],
    "230": [
        230,
        242,
        102
    ],
    "231": [
        231,
        243,
        102
    ],
    "232": [
        232,
        243,
        102
    ],
    "233": [
        233,
        244,
        102
    ],
    "234": [
        234,
        244,
        102
    ],
    "235": [
        235,
        245,
        102
    ],
    "236": [
        236,
        246,
        102
    ],
    "237": [
        237,
        246,
        102
    ],
    "238": [
        238,
        246,
        102
    ],
    "239": [
        239,
        247,
        102
    ],
    "240": [
        240,
        248,
        102
    ],
    "241": [
        241,
        248,
        102
    ],
    "242": [
        242,
        248,
        102
    ],
    "243": [
        243,
        249,
        102
    ],
    "244": [
        244,
        250,
        102
    ],
    "245": [
        245,
        250,
        102
    ],
    "246": [
        246,
        251,
        102
    ],
    "247": [
        247,
        251,
        102
    ],
    "248": [
        248,
        252,
        102
    ],
    "249": [
        249,
        252,
        102
    ],
    "250": [
        250,
        252,
        102
    ],
    "251": [
        251,
        253,
        102
    ],
    "252": [
        252,
        254,
        102
    ],
    "253": [
        253,
        254,
        102
    ],
    "254": [
        254,
        254,
        102
    ],
    "255": [
        255,
        255,
        102
    ]
}