{
    "0": [
        51,
        51,
        153
    ],
    "1": [
        50,
        54,
        156
    ],
    "2": [
        48,
        56,
        158
    ],
    "3": [
        47,
        59,
        161
    ],
    "4": [
        46,
        62,
        164
    ],
    "5": [
        44,
        64,
        166
    ],
    "6": [
        43,
        67,
        169
    ],
    "7": [
        42,
        70,
        172
    ],
    "8": [
        40,
        72,
        174
    ],
    "9": [
        39,
        75,
        177
    ],
    "10": [
        38,
        78,
        180
    ],
    "11": [
        36,
        80,
        182
    ],
    "12": [
        35,
        83,
        185
    ],
    "13": [
        34,
        86,
        188
    ],
    "14": [
        32,
        88,
        190
    ],
    "15": [
        31,
        91,
        193
    ],
    "16": [
        30,
        94,
        196
    ],
    "17": [
        28,
        96,
        198
    ],
    "18": [
        27,
        99,
        201
    ],
    "19": [
        26,
        102,
        204
    ],
    "20": [
        24,
        104,
        206
    ],
    "21": [
        23,
        107,
        209
    ],
    "22": [
        22,
        110,
        212
    ],
    "23": [
        20,
        112,
        214
    ],
    "24": [
        19,
        115,
        217
    ],
    "25": [
        18,
        118,
        220
    ],
    "26": [
        16,
        120,
        222
    ],
    "27": [
        15,
        123,
        225
    ],
    "28": [
        14,
        126,
        228
    ],
    "29": [
        12,
        128,
        230
    ],
    "30": [
        11,
        131,
        233
    ],
    "31": [
        10,
        134,
        236
    ],
    "32": [
        8,
        136,
        238
    ],
    "33": [
        7,
        139,
        241
    ],
    "34": [
        6,
        142,
        244
    ],
    "35": [
        4,
        144,
        246
    ],
    "36": [
        3,
        147,
        249
    ],
    "37": [
        2,
        150,
        252
    ],
    "38": [
        0,
        152,
        254
    ],
    "39": [
        0,
        154,
        250
    ],
    "40": [
        0,
        156,
        244
    ],
    "41": [
        0,
        158,
        239
    ],
    "42": [
        0,
        160,
        232
    ],
    "43": [
        0,
        162,
        226
    ],
    "44": [
        0,
        164,
        220
    ],
    "45": [
        0,
        166,
        215
    ],
    "46": [
        0,
        168,
        208
    ],
    "47": [
        0,
        170,
        203
    ],
    "48": [
        0,
        172,
        196
    ],
    "49": [
        0,
        174,
        191
    ],
    "50": [
        0,
        176,
        185
    ],
    "51": [
        0,
        178,
        178
    ],
    "52": [
        0,
        180,
        172
    ],
    "53": [
        0,
        182,
        167
    ],
    "54": [
        0,
        184,
        160
    ],
    "55": [
        0,
        187,
        155
    ],
    "56": [
        0,
        188,
        148
    ],
    "57": [
        0,
        190,
        143
    ],
    "58": [
        0,
        192,
        136
    ],
    "59": [
        0,
        195,
        130
    ],
    "60": [
        0,
        196,
        125
    ],
    "61": [
        0,
        198,
        119
    ],
    "62": [
        0,
        201,
        112
    ],
    "63": [
        0,
        203,
        107
    ],
    "64": [
        1,
        204,
        102
    ],
    "65": [
        5,
        205,
        103
    ],
    "66": [
        9,
        206,
        104
    ],
    "67": [
        13,
        207,
        105
    ],
    "68": [
        17,
        207,
        105
    ],
    "69": [
        21,
        208,
        106
    ],
    "70": [
        25,
        209,
        107
    ],
    "71": [
        29,
        210,
        108
    ],
    "72": [
        33,
        211,
        109
    ],
    "73": [
        37,
        211,
        109
    ],
    "74": [
        41,
        212,
        110
    ],
    "75": [
        45,
        213,
        111
    ],
    "76": [
        49,
        214,
        112
    ],
    "77": [
        53,
        215,
        113
    ],
    "78": [
        57,
        215,
        113
    ],
    "79": [
        61,
        216,
        114
    ],
    "80": [
        65,
        217,
        115
    ],
    "81": [
        69,
        218,
        116
    ],
    "82": [
        73,
        219,
        117
    ],
    "83": [
        77,
        219,
        117
    ],
    "84": [
        81,
        220,
        118
    ],
    "85": [
        85,
        221,
        119
    ],
    "86": [
        89,
        222,
        120
    ],
    "87": [
        93,
        223,
        121
    ],
    "88": [
        97,
        223,
        121
    ],
    "89": [
        101,
        224,
        122
    ],
    "90": [
        105,
        225,
        123
    ],
    "91": [
        109,
        226,
        124
    ],
    "92": [
        113,
        227,
        125
    ],
    "93": [
        117,
        227,
        125
    ],
    "94": [
        121,
        228,
        126
    ],
    "95": [
        125,
        229,
        127
    ],
    "96": [
        129,
        230,
        128
    ],
    "97": [
        133,
        231,
        129
    ],
    "98": [
        137,
        231,
        129
    ],
    "99": [
        141,
        232,
        130
    ],
    "100": [
        145,
        233,
        131
    ],
    "101": [
        149,
        234,
        132
    ],
    "102": [
        153,
        235,
        133
    ],
    "103": [
        157,
        235,
        133
    ],
    "104": [
        161,
        236,
        134
    ],
    "105": [
        165,
        237,
        135
    ],
    "106": [
        169,
        238,
        136
    ],
    "107": [
        173,
        239,
        137
    ],
    "108": [
        177,
        239,
        137
    ],
    "109": [
        181,
        240,
        138
    ],
    "110": [
        185,
        241,
        139
    ],
    "111": [
        189,
        242,
        140
    ],
    "112": [
        193,
        243,
        141
    ],
    "113": [
        197,
        243,
        141
    ],
    "114": [
        201,
        244,
        142
    ],
    "115": [
        205,
        245,
        143
    ],
    "116": [
        209,
        246,
        144
    ],
    "117": [
        213,
        247,
        145
    ],
    "118": [
        217,
        247,
        145
    ],
    "119": [
        221,
        248,
        146
    ],
    "120": [
        225,
        249,
        147
    ],
    "121": [
        229,
        250,
        148
    ],
    "122": [
        233,
        251,
        149
    ],
    "123": [
        237,
        251,
        149
    ],
    "124": [
        241,
        252,
        150
    ],
    "125": [
        245,
        253,
        151
    ],
    "126": [
        249,
        254,
        152
    ],
    "127": [
        253,
        255,
        153
    ],
    "128": [
        254,
        254,
        152
    ],
    "129": [
        252,
        251,
        151
    ],
    "130": [
        250,
        249,
        150
    ],
    "131": [
        248,
        246,
        149
    ],
    "132": [
        246,
        243,
        148
    ],
    "133": [
        244,
        241,
        147
    ],
    "134": [
        242,
        238,
        146
    ],
    "135": [
        240,
        236,
        145
    ],
    "136": [
        238,
        233,
        144
    ],
    "137": [
        236,
        231,
        143
    ],
    "138": [
        234,
        228,
        142
    ],
    "139": [
        232,
        226,
        141
    ],
    "140": [
        230,
        223,
        139
    ],
    "141": [
        228,
        220,
        138
    ],
    "142": [
        226,
        218,
        137
    ],
    "143": [
        224,
        215,
        136
    ],
    "144": [
        222,
        213,
        135
    ],
    "145": [
        220,
        210,
        134
    ],
    "146": [
        218,
        208,
        133
    ],
    "147": [
        216,
        205,
        132
    ],
    "148": [
        214,
        203,
        131
    ],
    "149": [
        212,
        200,
        130
    ],
    "150": [
        210,
        197,
        129
    ],
    "151": [
        208,
        195,
        128
    ],
    "152": [
        206,
        192,
        127
    ],
    "153": [
        204,
        190,
        125
    ],
    "154": [
        202,
        187,
        124
    ],
    "155": [
        200,
        185,
        123
    ],
    "156": [
        198,
        182,
        122
    ],
    "157": [
        196,
        179,
        121
    ],
    "158": [
        194,
        177,
        120
    ],
    "159": [
        192,
        174,
        119
    ],
    "160": [
        190,
        172,
        118
    ],
    "161": [
        188,
        169,
        117
    ],
    "162": [
        186,
        167,
        116
    ],
    "163": [
        184,
        164,
        115
    ],
    "164": [
        182,
        162,
        114
    ],
    "165": [
        180,
        159,
        112
    ],
    "166": [
        178,
        156,
        111
    ],
    "167": [
        176,
        154,
        110
    ],
    "168": [
        174,
        151,
        109
    ],
    "169": [
        172,
        149,
        108
    ],
    "170": [
        170,
        146,
        107
    ],
    "171": [
        168,
        144,
        106
    ],
    "172": [
        166,
        141,
        105
    ],
    "173": [
        164,
        139,
        104
    ],
    "174": [
        162,
        136,
        103
    ],
    "175": [
        160,
        133,
        102
    ],
    "176": [
        158,
        131,
        101
    ],
    "177": [
        156,
        128,
        100
    ],
    "178": [
        154,
        126,
        98
    ],
    "179": [
        152,
        123,
        97
    ],
    "180": [
        150,
        121,
        96
    ],
    "181": [
        148,
        118,
        95
    ],
    "182": [
        146,
        115,
        94
    ],
    "183": [
        144,
        113,
        93
    ],
    "184": [
        142,
        110,
        92
    ],
    "185": [
        140,
        108,
        91
    ],
    "186": [
        138,
        105,
        90
    ],
    "187": [
        136,
        103,
        89
    ],
    "188": [
        134,
        100,
        88
    ],
    "189": [
        132,
        98,
        87
    ],
    "190": [
        130,
        95,
        86
    ],
    "191": [
        128,
        92,
        84
    ],
    "192": [
        129,
        94,
        86
    ],
    "193": [
        131,
        96,
        89
    ],
    "194": [
        133,
        99,
        92
    ],
    "195": [
        135,
        101,
        94
    ],
    "196": [
        137,
        104,
        97
    ],
    "197": [
        139,
        107,
        100
    ],
    "198": [
        141,
        109,
        102
    ],
    "199": [
        143,
        112,
        105
    ],
    "200": [
        145,
        114,
        108
    ],
    "201": [
        147,
        117,
        110
    ],
    "202": [
        149,
        119,
        113
    ],
    "203": [
        151,
        122,
        116
    ],
    "204": [
        153,
        124,
        118
    ],
    "205": [
        155,
        127,
        121
    ],
    "206": [
        157,
        130,
        124
    ],
    "207": [
        159,
        132,
        126
    ],
    "208": [
        161,
        135,
        129
    ],
    "209": [
        163,
        137,
        132
    ],
    "210": [
        165,
        140,
        134
    ],
    "211": [
        167,
        142,
        137
    ],
    "212": [
        169,
        145,
        140
    ],
    "213": [
        171,
        147,
        142
    ],
    "214": [
        173,
        150,
        145
    ],
    "215": [
        175,
        153,
        148
    ],
    "216": [
        177,
        155,
        150
    ],
    "217": [
        179,
        158,
        153
    ],
    "218": [
        181,
        160,
        156
    ],
    "219": [
        183,
        163,
        159
    ],
    "220": [
        185,
        165,
        161
    ],
    "221": [
        187,
        168,
        164
    ],
    "222": [
        189,
        171,
        167
    ],
    "223": [
        191,
        173,
        169
    ],
    "224": [
        193,
        176,
        172
    ],
    "225": [
        195,
        178,
        175
    ],
    "226": [
        197,
        181,
        177
    ],
    "227": [
        199,
        183,
        180
    ],
    "228": [
        201,
        186,
        183
    ],
    "229": [
        203,
        188,
        185
    ],
    "230": [
        205,
        191,
        188
    ],
    "231": [
        207,
        194,
        191
    ],
    "232": [
        209,
        196,
        193
    ],
    "233": [
        211,
        199,
        196
    ],
    "234": [
        213,
        201,
        199
    ],
    "235": [
        215,
        204,
        201
    ],
    "236": [
        217,
        206,
        204
    ],
    "237": [
        219,
        209,
        207
    ],
    "238": [
        221,
        211,
        209
    ],
    "239": [
        223,
        214,
        212
    ],
    "240": [
        225,
        217,
        215
    ],
    "241": [
        227,
        219,
        217
    ],
    "242": [
        229,
        222,
        220
    ],
    "243": [
        231,
        224,
        223
    ],
    "244": [
        233,
        227,
        226
    ],
    "245": [
        235,
        229,
        228
    ],
    "246": [
        237,
        232,
        231
    ],
    "247": [
        239,
        235,
        234
    ],
    "248": [
        241,
        237,
        236
    ],
    "249": [
        243,
        240,
        239
    ],
    "250": [
        245,
        242,
        242
    ],
    "251": [
        247,
        245,
        244
    ],
    "252": [
        249,
        247,
        247
    ],
    "253": [
        251,
        250,
        250
    ],
    "254": [
        253,
        252,
        252
    ],
    "255": [
        255,
        255,
        255
    ]
}