{
    "0": [
        228,
        255,
        122
    ],
    "1": [
        228,
        255,
        120
    ],
    "2": [
        229,
        254,
        119
    ],
    "3": [
        229,
        254,
        117
    ],
    "4": [
        230,
        254,
        116
    ],
    "5": [
        230,
        253,
        114
    ],
    "6": [
        231,
        253,
        113
    ],
    "7": [
        231,
        252,
        111
    ],
    "8": [
        231,
        252,
        110
    ],
    "9": [
        232,
        252,
        108
    ],
    "10": [
        232,
        251,
        107
    ],
    "11": [
        233,
        251,
        105
    ],
    "12": [
        233,
        251,
        104
    ],
    "13": [
        234,
        250,
        102
    ],
    "14": [
        234,
        250,
        101
    ],
    "15": [
        234,
        250,
        99
    ],
    "16": [
        235,
        249,
        98
    ],
    "17": [
        235,
        249,
        96
    ],
    "18": [
        236,
        249,
        95
    ],
    "19": [
        236,
        248,
        93
    ],
    "20": [
        236,
        248,
        92
    ],
    "21": [
        237,
        247,
        90
    ],
    "22": [
        237,
        247,
        89
    ],
    "23": [
        238,
        247,
        87
    ],
    "24": [
        238,
        246,
        86
    ],
    "25": [
        239,
        246,
        84
    ],
    "26": [
        239,
        246,
        83
    ],
    "27": [
        239,
        245,
        81
    ],
    "28": [
        240,
        245,
        80
    ],
    "29": [
        240,
        245,
        78
    ],
    "30": [
        241,
        244,
        77
    ],
    "31": [
        241,
        244,
        75
    ],
    "32": [
        242,
        243,
        74
    ],
    "33": [
        242,
        243,
        72
    ],
    "34": [
        242,
        243,
        71
    ],
    "35": [
        243,
        242,
        69
    ],
    "36": [
        243,
        242,
        68
    ],
    "37": [
        244,
        242,
        66
    ],
    "38": [
        244,
        241,
        65
    ],
    "39": [
        245,
        241,
        63
    ],
    "40": [
        245,
        241,
        62
    ],
    "41": [
        245,
        240,
        60
    ],
    "42": [
        246,
        240,
        59
    ],
    "43": [
        246,
        239,
        57
    ],
    "44": [
        247,
        239,
        56
    ],
    "45": [
        247,
        239,
        54
    ],
    "46": [
        247,
        238,
        53
    ],
    "47": [
        248,
        238,
        51
    ],
    "48": [
        248,
        238,
        50
    ],
    "49": [
        249,
        237,
        48
    ],
    "50": [
        249,
        237,
        47
    ],
    "51": [
        250,
        237,
        45
    ],
    "52": [
        250,
        236,
        44
    ],
    "53": [
        250,
        236,
        42
    ],
    "54": [
        251,
        236,
        41
    ],
    "55": [
        251,
        235,
        39
    ],
    "56": [
        252,
        235,
        38
    ],
    "57": [
        252,
        234,
        36
    ],
    "58": [
        253,
        234,
        35
    ],
    "59": [
        253,
        234,
        33
    ],
    "60": [
        253,
        233,
        32
    ],
    "61": [
        254,
        233,
        30
    ],
    "62": [
        254,
        233,
        29
    ],
    "63": [
        255,
        232,
        27
    ],
    "64": [
        255,
        232,
        26
    ],
    "65": [
        255,
        231,
        25
    ],
    "66": [
        255,
        230,
        25
    ],
    "67": [
        255,
        230,
        25
    ],
    "68": [
        255,
        229,
        24
    ],
    "69": [
        255,
        228,
        24
    ],
    "70": [
        255,
        228,
        23
    ],
    "71": [
        255,
        227,
        23
    ],
    "72": [
        255,
        226,
        23
    ],
    "73": [
        255,
        226,
        22
    ],
    "74": [
        255,
        225,
        22
    ],
    "75": [
        255,
        224,
        21
    ],
    "76": [
        255,
        224,
        21
    ],
    "77": [
        255,
        223,
        21
    ],
    "78": [
        255,
        222,
        20
    ],
    "79": [
        255,
        222,
        20
    ],
    "80": [
        255,
        221,
        19
    ],
    "81": [
        255,
        220,
        19
    ],
    "82": [
        255,
        220,
        19
    ],
    "83": [
        255,
        219,
        18
    ],
    "84": [
        255,
        218,
        18
    ],
    "85": [
        255,
        218,
        17
    ],
    "86": [
        255,
        217,
        17
    ],
    "87": [
        255,
        216,
        17
    ],
    "88": [
        255,
        216,
        16
    ],
    "89": [
        255,
        215,
        16
    ],
    "90": [
        255,
        214,
        15
    ],
    "91": [
        255,
        214,
        15
    ],
    "92": [
        255,
        213,
        14
    ],
    "93": [
        255,
        212,
        14
    ],
    "94": [
        255,
        212,
        14
    ],
    "95": [
        255,
        211,
        13
    ],
    "96": [
        255,
        210,
        13
    ],
    "97": [
        255,
        210,
        12
    ],
    "98": [
        255,
        209,
        12
    ],
    "99": [
        255,
        208,
        12
    ],
    "100": [
        255,
        208,
        11
    ],
    "101": [
        255,
        207,
        11
    ],
    "102": [
        255,
        206,
        10
    ],
    "103": [
        255,
        206,
        10
    ],
    "104": [
        255,
        205,
        10
    ],
    "105": [
        255,
        204,
        9
    ],
    "106": [
        255,
        204,
        9
    ],
    "107": [
        255,
        203,
        8
    ],
    "108": [
        255,
        202,
        8
    ],
    "109": [
        255,
        201,
        8
    ],
    "110": [
        255,
        201,
        7
    ],
    "111": [
        255,
        200,
        7
    ],
    "112": [
        255,
        199,
        6
    ],
    "113": [
        255,
        199,
        6
    ],
    "114": [
        255,
        198,
        6
    ],
    "115": [
        255,
        197,
        5
    ],
    "116": [
        255,
        197,
        5
    ],
    "117": [
        255,
        196,
        4
    ],
    "118": [
        255,
        195,
        4
    ],
    "119": [
        255,
        195,
        3
    ],
    "120": [
        255,
        194,
        3
    ],
    "121": [
        255,
        193,
        3
    ],
    "122": [
        255,
        193,
        2
    ],
    "123": [
        255,
        192,
        2
    ],
    "124": [
        255,
        191,
        1
    ],
    "125": [
        255,
        191,
        1
    ],
    "126": [
        255,
        190,
        1
    ],
    "127": [
        255,
        189,
        0
    ],
    "128": [
        255,
        189,
        0
    ],
    "129": [
        255,
        188,
        0
    ],
    "130": [
        255,
        188,
        0
    ],
    "131": [
        255,
        187,
        0
    ],
    "132": [
        255,
        187,
        0
    ],
    "133": [
        255,
        186,
        0
    ],
    "134": [
        255,
        186,
        0
    ],
    "135": [
        255,
        186,
        0
    ],
    "136": [
        255,
        185,
        0
    ],
    "137": [
        255,
        185,
        0
    ],
    "138": [
        255,
        184,
        0
    ],
    "139": [
        255,
        184,
        0
    ],
    "140": [
        255,
        183,
        0
    ],
    "141": [
        255,
        183,
        0
    ],
    "142": [
        255,
        182,
        0
    ],
    "143": [
        255,
        182,
        0
    ],
    "144": [
        255,
        181,
        0
    ],
    "145": [
        255,
        181,
        0
    ],
    "146": [
        255,
        181,
        0
    ],
    "147": [
        255,
        180,
        0
    ],
    "148": [
        255,
        180,
        0
    ],
    "149": [
        255,
        179,
        0
    ],
    "150": [
        255,
        179,
        0
    ],
    "151": [
        255,
        178,
        0
    ],
    "152": [
        255,
        178,
        0
    ],
    "153": [
        255,
        177,
        0
    ],
    "154": [
        255,
        177,
        0
    ],
    "155": [
        255,
        176,
        0
    ],
    "156": [
        255,
        176,
        0
    ],
    "157": [
        255,
        176,
        0
    ],
    "158": [
        255,
        175,
        0
    ],
    "159": [
        255,
        175,
        0
    ],
    "160": [
        255,
        174,
        0
    ],
    "161": [
        255,
        174,
        0
    ],
    "162": [
        255,
        173,
        0
    ],
    "163": [
        255,
        173,
        0
    ],
    "164": [
        255,
        172,
        0
    ],
    "165": [
        255,
        172,
        0
    ],
    "166": [
        255,
        171,
        0
    ],
    "167": [
        255,
        171,
        0
    ],
    "168": [
        255,
        171,
        0
    ],
    "169": [
        255,
        170,
        0
    ],
    "170": [
        255,
        170,
        0
    ],
    "171": [
        255,
        169,
        0
    ],
    "172": [
        255,
        169,
        0
    ],
    "173": [
        255,
        168,
        0
    ],
    "174": [
        255,
        168,
        0
    ],
    "175": [
        255,
        167,
        0
    ],
    "176": [
        255,
        167,
        0
    ],
    "177": [
        255,
        166,
        0
    ],
    "178": [
        255,
        166,
        0
    ],
    "179": [
        255,
        166,
        0
    ],
    "180": [
        255,
        165,
        0
    ],
    "181": [
        255,
        165,
        0
    ],
    "182": [
        255,
        164,
        0
    ],
    "183": [
        255,
        164,
        0
    ],
    "184": [
        255,
        163,
        0
    ],
    "185": [
        255,
        163,
        0
    ],
    "186": [
        255,
        162,
        0
    ],
    "187": [
        255,
        162,
        0
    ],
    "188": [
        255,
        161,
        0
    ],
    "189": [
        255,
        161,
        0
    ],
    "190": [
        255,
        161,
        0
    ],
    "191": [
        255,
        160,
        0
    ],
    "192": [
        255,
        160,
        0
    ],
    "193": [
        255,
        159,
        0
    ],
    "194": [
        255,
        159,
        0
    ],
    "195": [
        255,
        158,
        0
    ],
    "196": [
        255,
        158,
        0
    ],
    "197": [
        255,
        157,
        0
    ],
    "198": [
        255,
        157,
        0
    ],
    "199": [
        255,
        156,
        0
    ],
    "200": [
        255,
        155,
        0
    ],
    "201": [
        255,
        155,
        0
    ],
    "202": [
        254,
        154,
        0
    ],
    "203": [
        254,
        154,
        0
    ],
    "204": [
        254,
        153,
        0
    ],
    "205": [
        254,
        153,
        0
    ],
    "206": [
        254,
        152,
        0
    ],
    "207": [
        254,
        152,
        0
    ],
    "208": [
        254,
        151,
        0
    ],
    "209": [
        254,
        151,
        0
    ],
    "210": [
        254,
        150,
        0
    ],
    "211": [
        254,
        150,
        0
    ],
    "212": [
        254,
        149,
        0
    ],
    "213": [
        254,
        149,
        0
    ],
    "214": [
        254,
        148,
        0
    ],
    "215": [
        254,
        148,
        0
    ],
    "216": [
        254,
        147,
        0
    ],
    "217": [
        254,
        147,
        0
    ],
    "218": [
        254,
        146,
        0
    ],
    "219": [
        254,
        146,
        0
    ],
    "220": [
        254,
        145,
        0
    ],
    "221": [
        254,
        145,
        0
    ],
    "222": [
        254,
        144,
        0
    ],
    "223": [
        254,
        144,
        0
    ],
    "224": [
        253,
        143,
        0
    ],
    "225": [
        253,
        143,
        0
    ],
    "226": [
        253,
        142,
        0
    ],
    "227": [
        253,
        141,
        0
    ],
    "228": [
        253,
        141,
        0
    ],
    "229": [
        253,
        140,
        0
    ],
    "230": [
        253,
        140,
        0
    ],
    "231": [
        253,
        139,
        0
    ],
    "232": [
        253,
        139,
        0
    ],
    "233": [
        253,
        138,
        0
    ],
    "234": [
        253,
        138,
        0
    ],
    "235": [
        253,
        137,
        0
    ],
    "236": [
        253,
        137,
        0
    ],
    "237": [
        253,
        136,
        0
    ],
    "238": [
        253,
        136,
        0
    ],
    "239": [
        253,
        135,
        0
    ],
    "240": [
        253,
        135,
        0
    ],
    "241": [
        253,
        134,
        0
    ],
    "242": [
        253,
        134,
        0
    ],
    "243": [
        253,
        133,
        0
    ],
    "244": [
        253,
        133,
        0
    ],
    "245": [
        252,
        132,
        0
    ],
    "246": [
        252,
        132,
        0
    ],
    "247": [
        252,
        131,
        0
    ],
    "248": [
        252,
        131,
        0
    ],
    "249": [
        252,
        130,
        0
    ],
    "250": [
        252,
        130,
        0
    ],
    "251": [
        252,
        129,
        0
    ],
    "252": [
        252,
        129,
        0
    ],
    "253": [
        252,
        128,
        0
    ],
    "254": [
        252,
        128,
        0
    ],
    "255": [
        252,
        127,
        0
    ]
}