{
    "0": [
        255,
        255,
        217
    ],
    "1": [
        254,
        255,
        216
    ],
    "2": [
        254,
        255,
        214
    ],
    "3": [
        253,
        254,
        213
    ],
    "4": [
        253,
        254,
        212
    ],
    "5": [
        252,
        254,
        211
    ],
    "6": [
        252,
        254,
        209
    ],
    "7": [
        251,
        253,
        208
    ],
    "8": [
        250,
        253,
        207
    ],
    "9": [
        250,
        253,
        206
    ],
    "10": [
        249,
        253,
        204
    ],
    "11": [
        249,
        253,
        203
    ],
    "12": [
        248,
        252,
        202
    ],
    "13": [
        248,
        252,
        201
    ],
    "14": [
        247,
        252,
        199
    ],
    "15": [
        247,
        252,
        198
    ],
    "16": [
        246,
        251,
        197
    ],
    "17": [
        245,
        251,
        196
    ],
    "18": [
        245,
        251,
        194
    ],
    "19": [
        244,
        251,
        193
    ],
    "20": [
        244,
        251,
        192
    ],
    "21": [
        243,
        250,
        191
    ],
    "22": [
        243,
        250,
        189
    ],
    "23": [
        242,
        250,
        188
    ],
    "24": [
        241,
        250,
        187
    ],
    "25": [
        241,
        250,
        186
    ],
    "26": [
        240,
        249,
        184
    ],
    "27": [
        240,
        249,
        183
    ],
    "28": [
        239,
        249,
        182
    ],
    "29": [
        239,
        249,
        181
    ],
    "30": [
        238,
        248,
        179
    ],
    "31": [
        237,
        248,
        178
    ],
    "32": [
        237,
        248,
        177
    ],
    "33": [
        236,
        247,
        177
    ],
    "34": [
        234,
        247,
        177
    ],
    "35": [
        233,
        247,
        177
    ],
    "36": [
        232,
        246,
        177
    ],
    "37": [
        231,
        246,
        177
    ],
    "38": [
        230,
        245,
        178
    ],
    "39": [
        229,
        245,
        178
    ],
    "40": [
        227,
        244,
        178
    ],
    "41": [
        226,
        244,
        178
    ],
    "42": [
        225,
        243,
        178
    ],
    "43": [
        224,
        243,
        178
    ],
    "44": [
        223,
        242,
        178
    ],
    "45": [
        221,
        242,
        178
    ],
    "46": [
        220,
        241,
        178
    ],
    "47": [
        219,
        241,
        178
    ],
    "48": [
        218,
        240,
        179
    ],
    "49": [
        217,
        240,
        179
    ],
    "50": [
        215,
        239,
        179
    ],
    "51": [
        214,
        239,
        179
    ],
    "52": [
        213,
        239,
        179
    ],
    "53": [
        212,
        238,
        179
    ],
    "54": [
        211,
        238,
        179
    ],
    "55": [
        209,
        237,
        179
    ],
    "56": [
        208,
        237,
        179
    ],
    "57": [
        207,
        236,
        179
    ],
    "58": [
        206,
        236,
        179
    ],
    "59": [
        205,
        235,
        180
    ],
    "60": [
        203,
        235,
        180
    ],
    "61": [
        202,
        234,
        180
    ],
    "62": [
        201,
        234,
        180
    ],
    "63": [
        200,
        233,
        180
    ],
    "64": [
        198,
        233,
        180
    ],
    "65": [
        196,
        232,
        180
    ],
    "66": [
        194,
        231,
        180
    ],
    "67": [
        192,
        230,
        181
    ],
    "68": [
        189,
        229,
        181
    ],
    "69": [
        187,
        228,
        181
    ],
    "70": [
        185,
        228,
        181
    ],
    "71": [
        183,
        227,
        182
    ],
    "72": [
        180,
        226,
        182
    ],
    "73": [
        178,
        225,
        182
    ],
    "74": [
        176,
        224,
        182
    ],
    "75": [
        174,
        223,
        182
    ],
    "76": [
        171,
        222,
        183
    ],
    "77": [
        169,
        221,
        183
    ],
    "78": [
        167,
        220,
        183
    ],
    "79": [
        165,
        220,
        183
    ],
    "80": [
        162,
        219,
        184
    ],
    "81": [
        160,
        218,
        184
    ],
    "82": [
        158,
        217,
        184
    ],
    "83": [
        156,
        216,
        184
    ],
    "84": [
        153,
        215,
        184
    ],
    "85": [
        151,
        214,
        185
    ],
    "86": [
        149,
        213,
        185
    ],
    "87": [
        146,
        213,
        185
    ],
    "88": [
        144,
        212,
        185
    ],
    "89": [
        142,
        211,
        186
    ],
    "90": [
        140,
        210,
        186
    ],
    "91": [
        137,
        209,
        186
    ],
    "92": [
        135,
        208,
        186
    ],
    "93": [
        133,
        207,
        186
    ],
    "94": [
        131,
        206,
        187
    ],
    "95": [
        128,
        206,
        187
    ],
    "96": [
        126,
        205,
        187
    ],
    "97": [
        124,
        204,
        187
    ],
    "98": [
        122,
        203,
        188
    ],
    "99": [
        120,
        203,
        188
    ],
    "100": [
        118,
        202,
        188
    ],
    "101": [
        117,
        201,
        189
    ],
    "102": [
        115,
        200,
        189
    ],
    "103": [
        113,
        200,
        189
    ],
    "104": [
        111,
        199,
        189
    ],
    "105": [
        109,
        198,
        190
    ],
    "106": [
        107,
        198,
        190
    ],
    "107": [
        105,
        197,
        190
    ],
    "108": [
        103,
        196,
        190
    ],
    "109": [
        101,
        195,
        191
    ],
    "110": [
        99,
        195,
        191
    ],
    "111": [
        97,
        194,
        191
    ],
    "112": [
        95,
        193,
        192
    ],
    "113": [
        93,
        192,
        192
    ],
    "114": [
        91,
        192,
        192
    ],
    "115": [
        89,
        191,
        192
    ],
    "116": [
        87,
        190,
        193
    ],
    "117": [
        85,
        190,
        193
    ],
    "118": [
        83,
        189,
        193
    ],
    "119": [
        82,
        188,
        194
    ],
    "120": [
        80,
        187,
        194
    ],
    "121": [
        78,
        187,
        194
    ],
    "122": [
        76,
        186,
        194
    ],
    "123": [
        74,
        185,
        195
    ],
    "124": [
        72,
        185,
        195
    ],
    "125": [
        70,
        184,
        195
    ],
    "126": [
        68,
        183,
        196
    ],
    "127": [
        66,
        182,
        196
    ],
    "128": [
        64,
        181,
        196
    ],
    "129": [
        63,
        180,
        196
    ],
    "130": [
        62,
        179,
        196
    ],
    "131": [
        61,
        178,
        196
    ],
    "132": [
        60,
        177,
        195
    ],
    "133": [
        59,
        176,
        195
    ],
    "134": [
        58,
        174,
        195
    ],
    "135": [
        57,
        173,
        195
    ],
    "136": [
        55,
        172,
        195
    ],
    "137": [
        54,
        171,
        195
    ],
    "138": [
        53,
        170,
        195
    ],
    "139": [
        52,
        169,
        195
    ],
    "140": [
        51,
        167,
        194
    ],
    "141": [
        50,
        166,
        194
    ],
    "142": [
        49,
        165,
        194
    ],
    "143": [
        47,
        164,
        194
    ],
    "144": [
        46,
        163,
        194
    ],
    "145": [
        45,
        162,
        194
    ],
    "146": [
        44,
        161,
        194
    ],
    "147": [
        43,
        159,
        194
    ],
    "148": [
        42,
        158,
        193
    ],
    "149": [
        41,
        157,
        193
    ],
    "150": [
        40,
        156,
        193
    ],
    "151": [
        38,
        155,
        193
    ],
    "152": [
        37,
        154,
        193
    ],
    "153": [
        36,
        152,
        193
    ],
    "154": [
        35,
        151,
        193
    ],
    "155": [
        34,
        150,
        193
    ],
    "156": [
        33,
        149,
        192
    ],
    "157": [
        32,
        148,
        192
    ],
    "158": [
        31,
        147,
        192
    ],
    "159": [
        29,
        145,
        192
    ],
    "160": [
        29,
        144,
        192
    ],
    "161": [
        29,
        142,
        191
    ],
    "162": [
        29,
        141,
        190
    ],
    "163": [
        30,
        139,
        189
    ],
    "164": [
        30,
        138,
        189
    ],
    "165": [
        30,
        136,
        188
    ],
    "166": [
        30,
        134,
        187
    ],
    "167": [
        30,
        133,
        186
    ],
    "168": [
        30,
        131,
        186
    ],
    "169": [
        31,
        130,
        185
    ],
    "170": [
        31,
        128,
        184
    ],
    "171": [
        31,
        126,
        183
    ],
    "172": [
        31,
        125,
        182
    ],
    "173": [
        31,
        123,
        182
    ],
    "174": [
        31,
        122,
        181
    ],
    "175": [
        31,
        120,
        180
    ],
    "176": [
        32,
        118,
        179
    ],
    "177": [
        32,
        117,
        179
    ],
    "178": [
        32,
        115,
        178
    ],
    "179": [
        32,
        114,
        177
    ],
    "180": [
        32,
        112,
        176
    ],
    "181": [
        32,
        110,
        176
    ],
    "182": [
        33,
        109,
        175
    ],
    "183": [
        33,
        107,
        174
    ],
    "184": [
        33,
        106,
        173
    ],
    "185": [
        33,
        104,
        173
    ],
    "186": [
        33,
        102,
        172
    ],
    "187": [
        33,
        101,
        171
    ],
    "188": [
        33,
        99,
        170
    ],
    "189": [
        34,
        98,
        170
    ],
    "190": [
        34,
        96,
        169
    ],
    "191": [
        34,
        94,
        168
    ],
    "192": [
        34,
        93,
        168
    ],
    "193": [
        34,
        92,
        167
    ],
    "194": [
        34,
        90,
        166
    ],
    "195": [
        34,
        89,
        166
    ],
    "196": [
        34,
        88,
        165
    ],
    "197": [
        35,
        86,
        164
    ],
    "198": [
        35,
        85,
        164
    ],
    "199": [
        35,
        84,
        163
    ],
    "200": [
        35,
        82,
        163
    ],
    "201": [
        35,
        81,
        162
    ],
    "202": [
        35,
        80,
        161
    ],
    "203": [
        35,
        79,
        161
    ],
    "204": [
        35,
        77,
        160
    ],
    "205": [
        35,
        76,
        159
    ],
    "206": [
        35,
        75,
        159
    ],
    "207": [
        35,
        73,
        158
    ],
    "208": [
        36,
        72,
        157
    ],
    "209": [
        36,
        71,
        157
    ],
    "210": [
        36,
        69,
        156
    ],
    "211": [
        36,
        68,
        156
    ],
    "212": [
        36,
        67,
        155
    ],
    "213": [
        36,
        65,
        154
    ],
    "214": [
        36,
        64,
        154
    ],
    "215": [
        36,
        63,
        153
    ],
    "216": [
        36,
        61,
        152
    ],
    "217": [
        36,
        60,
        152
    ],
    "218": [
        37,
        59,
        151
    ],
    "219": [
        37,
        57,
        151
    ],
    "220": [
        37,
        56,
        150
    ],
    "221": [
        37,
        55,
        149
    ],
    "222": [
        37,
        53,
        149
    ],
    "223": [
        37,
        52,
        148
    ],
    "224": [
        36,
        51,
        146
    ],
    "225": [
        35,
        51,
        144
    ],
    "226": [
        34,
        50,
        143
    ],
    "227": [
        33,
        49,
        141
    ],
    "228": [
        33,
        48,
        139
    ],
    "229": [
        32,
        48,
        137
    ],
    "230": [
        31,
        47,
        135
    ],
    "231": [
        30,
        46,
        133
    ],
    "232": [
        29,
        46,
        131
    ],
    "233": [
        28,
        45,
        129
    ],
    "234": [
        27,
        44,
        128
    ],
    "235": [
        26,
        43,
        126
    ],
    "236": [
        25,
        43,
        124
    ],
    "237": [
        24,
        42,
        122
    ],
    "238": [
        23,
        41,
        120
    ],
    "239": [
        23,
        41,
        118
    ],
    "240": [
        22,
        40,
        116
    ],
    "241": [
        21,
        39,
        114
    ],
    "242": [
        20,
        38,
        112
    ],
    "243": [
        19,
        38,
        111
    ],
    "244": [
        18,
        37,
        109
    ],
    "245": [
        17,
        36,
        107
    ],
    "246": [
        16,
        35,
        105
    ],
    "247": [
        15,
        35,
        103
    ],
    "248": [
        14,
        34,
        101
    ],
    "249": [
        13,
        33,
        99
    ],
    "250": [
        13,
        33,
        97
    ],
    "251": [
        12,
        32,
        96
    ],
    "252": [
        11,
        31,
        94
    ],
    "253": [
        10,
        30,
        92
    ],
    "254": [
        9,
        30,
        90
    ],
    "255": [
        8,
        29,
        88
    ]
}