{
    "0": [
        255,
        255,
        229
    ],
    "1": [
        255,
        255,
        228
    ],
    "2": [
        254,
        255,
        226
    ],
    "3": [
        254,
        255,
        225
    ],
    "4": [
        254,
        255,
        223
    ],
    "5": [
        254,
        255,
        222
    ],
    "6": [
        253,
        254,
        221
    ],
    "7": [
        253,
        254,
        219
    ],
    "8": [
        253,
        254,
        218
    ],
    "9": [
        253,
        254,
        217
    ],
    "10": [
        252,
        254,
        215
    ],
    "11": [
        252,
        254,
        214
    ],
    "12": [
        252,
        254,
        212
    ],
    "13": [
        252,
        254,
        211
    ],
    "14": [
        251,
        254,
        210
    ],
    "15": [
        251,
        254,
        208
    ],
    "16": [
        251,
        253,
        207
    ],
    "17": [
        251,
        253,
        206
    ],
    "18": [
        250,
        253,
        204
    ],
    "19": [
        250,
        253,
        203
    ],
    "20": [
        250,
        253,
        201
    ],
    "21": [
        250,
        253,
        200
    ],
    "22": [
        249,
        253,
        199
    ],
    "23": [
        249,
        253,
        197
    ],
    "24": [
        249,
        253,
        196
    ],
    "25": [
        249,
        253,
        194
    ],
    "26": [
        248,
        253,
        193
    ],
    "27": [
        248,
        252,
        192
    ],
    "28": [
        248,
        252,
        190
    ],
    "29": [
        248,
        252,
        189
    ],
    "30": [
        247,
        252,
        188
    ],
    "31": [
        247,
        252,
        186
    ],
    "32": [
        247,
        252,
        185
    ],
    "33": [
        246,
        252,
        184
    ],
    "34": [
        245,
        251,
        184
    ],
    "35": [
        244,
        251,
        183
    ],
    "36": [
        243,
        250,
        182
    ],
    "37": [
        242,
        250,
        181
    ],
    "38": [
        241,
        250,
        181
    ],
    "39": [
        240,
        249,
        180
    ],
    "40": [
        239,
        249,
        179
    ],
    "41": [
        238,
        249,
        179
    ],
    "42": [
        237,
        248,
        178
    ],
    "43": [
        237,
        248,
        177
    ],
    "44": [
        236,
        247,
        177
    ],
    "45": [
        235,
        247,
        176
    ],
    "46": [
        234,
        247,
        175
    ],
    "47": [
        233,
        246,
        175
    ],
    "48": [
        232,
        246,
        174
    ],
    "49": [
        231,
        246,
        173
    ],
    "50": [
        230,
        245,
        172
    ],
    "51": [
        229,
        245,
        172
    ],
    "52": [
        228,
        244,
        171
    ],
    "53": [
        227,
        244,
        170
    ],
    "54": [
        226,
        244,
        170
    ],
    "55": [
        225,
        243,
        169
    ],
    "56": [
        224,
        243,
        168
    ],
    "57": [
        223,
        243,
        168
    ],
    "58": [
        222,
        242,
        167
    ],
    "59": [
        221,
        242,
        166
    ],
    "60": [
        221,
        241,
        166
    ],
    "61": [
        220,
        241,
        165
    ],
    "62": [
        219,
        241,
        164
    ],
    "63": [
        218,
        240,
        164
    ],
    "64": [
        217,
        240,
        163
    ],
    "65": [
        215,
        239,
        162
    ],
    "66": [
        214,
        239,
        162
    ],
    "67": [
        213,
        238,
        161
    ],
    "68": [
        211,
        237,
        160
    ],
    "69": [
        210,
        237,
        160
    ],
    "70": [
        208,
        236,
        159
    ],
    "71": [
        207,
        236,
        158
    ],
    "72": [
        206,
        235,
        158
    ],
    "73": [
        204,
        234,
        157
    ],
    "74": [
        203,
        234,
        156
    ],
    "75": [
        201,
        233,
        156
    ],
    "76": [
        200,
        233,
        155
    ],
    "77": [
        199,
        232,
        154
    ],
    "78": [
        197,
        232,
        154
    ],
    "79": [
        196,
        231,
        153
    ],
    "80": [
        195,
        230,
        152
    ],
    "81": [
        193,
        230,
        152
    ],
    "82": [
        192,
        229,
        151
    ],
    "83": [
        190,
        229,
        150
    ],
    "84": [
        189,
        228,
        150
    ],
    "85": [
        188,
        227,
        149
    ],
    "86": [
        186,
        227,
        148
    ],
    "87": [
        185,
        226,
        148
    ],
    "88": [
        184,
        226,
        147
    ],
    "89": [
        182,
        225,
        146
    ],
    "90": [
        181,
        224,
        146
    ],
    "91": [
        179,
        224,
        145
    ],
    "92": [
        178,
        223,
        144
    ],
    "93": [
        177,
        223,
        144
    ],
    "94": [
        175,
        222,
        143
    ],
    "95": [
        174,
        221,
        142
    ],
    "96": [
        172,
        221,
        142
    ],
    "97": [
        171,
        220,
        141
    ],
    "98": [
        169,
        219,
        140
    ],
    "99": [
        167,
        219,
        140
    ],
    "100": [
        166,
        218,
        139
    ],
    "101": [
        164,
        217,
        138
    ],
    "102": [
        162,
        216,
        138
    ],
    "103": [
        161,
        216,
        137
    ],
    "104": [
        159,
        215,
        136
    ],
    "105": [
        157,
        214,
        136
    ],
    "106": [
        156,
        214,
        135
    ],
    "107": [
        154,
        213,
        135
    ],
    "108": [
        152,
        212,
        134
    ],
    "109": [
        151,
        211,
        133
    ],
    "110": [
        149,
        211,
        133
    ],
    "111": [
        147,
        210,
        132
    ],
    "112": [
        146,
        209,
        131
    ],
    "113": [
        144,
        208,
        131
    ],
    "114": [
        142,
        208,
        130
    ],
    "115": [
        141,
        207,
        129
    ],
    "116": [
        139,
        206,
        129
    ],
    "117": [
        137,
        206,
        128
    ],
    "118": [
        136,
        205,
        127
    ],
    "119": [
        134,
        204,
        127
    ],
    "120": [
        132,
        203,
        126
    ],
    "121": [
        131,
        203,
        125
    ],
    "122": [
        129,
        202,
        125
    ],
    "123": [
        127,
        201,
        124
    ],
    "124": [
        126,
        201,
        123
    ],
    "125": [
        124,
        200,
        123
    ],
    "126": [
        122,
        199,
        122
    ],
    "127": [
        121,
        198,
        121
    ],
    "128": [
        119,
        198,
        121
    ],
    "129": [
        117,
        197,
        120
    ],
    "130": [
        116,
        196,
        119
    ],
    "131": [
        114,
        195,
        118
    ],
    "132": [
        112,
        194,
        117
    ],
    "133": [
        111,
        193,
        116
    ],
    "134": [
        109,
        192,
        115
    ],
    "135": [
        107,
        192,
        114
    ],
    "136": [
        105,
        191,
        114
    ],
    "137": [
        104,
        190,
        113
    ],
    "138": [
        102,
        189,
        112
    ],
    "139": [
        100,
        188,
        111
    ],
    "140": [
        98,
        187,
        110
    ],
    "141": [
        97,
        187,
        109
    ],
    "142": [
        95,
        186,
        108
    ],
    "143": [
        93,
        185,
        107
    ],
    "144": [
        92,
        184,
        107
    ],
    "145": [
        90,
        183,
        106
    ],
    "146": [
        88,
        182,
        105
    ],
    "147": [
        86,
        181,
        104
    ],
    "148": [
        85,
        181,
        103
    ],
    "149": [
        83,
        180,
        102
    ],
    "150": [
        81,
        179,
        101
    ],
    "151": [
        79,
        178,
        100
    ],
    "152": [
        78,
        177,
        99
    ],
    "153": [
        76,
        176,
        99
    ],
    "154": [
        74,
        176,
        98
    ],
    "155": [
        73,
        175,
        97
    ],
    "156": [
        71,
        174,
        96
    ],
    "157": [
        69,
        173,
        95
    ],
    "158": [
        67,
        172,
        94
    ],
    "159": [
        66,
        171,
        93
    ],
    "160": [
        64,
        170,
        92
    ],
    "161": [
        63,
        169,
        92
    ],
    "162": [
        63,
        168,
        91
    ],
    "163": [
        62,
        167,
        90
    ],
    "164": [
        61,
        165,
        89
    ],
    "165": [
        60,
        164,
        88
    ],
    "166": [
        59,
        163,
        88
    ],
    "167": [
        58,
        162,
        87
    ],
    "168": [
        57,
        160,
        86
    ],
    "169": [
        56,
        159,
        85
    ],
    "170": [
        55,
        158,
        84
    ],
    "171": [
        54,
        157,
        84
    ],
    "172": [
        53,
        156,
        83
    ],
    "173": [
        52,
        154,
        82
    ],
    "174": [
        51,
        153,
        81
    ],
    "175": [
        50,
        152,
        80
    ],
    "176": [
        49,
        151,
        79
    ],
    "177": [
        48,
        149,
        79
    ],
    "178": [
        47,
        148,
        78
    ],
    "179": [
        47,
        147,
        77
    ],
    "180": [
        46,
        146,
        76
    ],
    "181": [
        45,
        145,
        75
    ],
    "182": [
        44,
        143,
        75
    ],
    "183": [
        43,
        142,
        74
    ],
    "184": [
        42,
        141,
        73
    ],
    "185": [
        41,
        140,
        72
    ],
    "186": [
        40,
        138,
        71
    ],
    "187": [
        39,
        137,
        70
    ],
    "188": [
        38,
        136,
        70
    ],
    "189": [
        37,
        135,
        69
    ],
    "190": [
        36,
        134,
        68
    ],
    "191": [
        35,
        132,
        67
    ],
    "192": [
        34,
        131,
        67
    ],
    "193": [
        33,
        130,
        66
    ],
    "194": [
        32,
        130,
        66
    ],
    "195": [
        31,
        129,
        66
    ],
    "196": [
        30,
        128,
        65
    ],
    "197": [
        29,
        127,
        65
    ],
    "198": [
        28,
        126,
        64
    ],
    "199": [
        26,
        125,
        64
    ],
    "200": [
        25,
        124,
        64
    ],
    "201": [
        24,
        123,
        63
    ],
    "202": [
        23,
        123,
        63
    ],
    "203": [
        22,
        122,
        63
    ],
    "204": [
        21,
        121,
        62
    ],
    "205": [
        20,
        120,
        62
    ],
    "206": [
        19,
        119,
        61
    ],
    "207": [
        18,
        118,
        61
    ],
    "208": [
        17,
        117,
        61
    ],
    "209": [
        16,
        116,
        60
    ],
    "210": [
        14,
        116,
        60
    ],
    "211": [
        13,
        115,
        60
    ],
    "212": [
        12,
        114,
        59
    ],
    "213": [
        11,
        113,
        59
    ],
    "214": [
        10,
        112,
        58
    ],
    "215": [
        9,
        111,
        58
    ],
    "216": [
        8,
        110,
        58
    ],
    "217": [
        7,
        109,
        57
    ],
    "218": [
        6,
        109,
        57
    ],
    "219": [
        5,
        108,
        57
    ],
    "220": [
        3,
        107,
        56
    ],
    "221": [
        2,
        106,
        56
    ],
    "222": [
        1,
        105,
        55
    ],
    "223": [
        0,
        104,
        55
    ],
    "224": [
        0,
        103,
        55
    ],
    "225": [
        0,
        102,
        54
    ],
    "226": [
        0,
        101,
        54
    ],
    "227": [
        0,
        100,
        53
    ],
    "228": [
        0,
        99,
        53
    ],
    "229": [
        0,
        98,
        52
    ],
    "230": [
        0,
        96,
        52
    ],
    "231": [
        0,
        95,
        52
    ],
    "232": [
        0,
        94,
        51
    ],
    "233": [
        0,
        93,
        51
    ],
    "234": [
        0,
        92,
        50
    ],
    "235": [
        0,
        91,
        50
    ],
    "236": [
        0,
        90,
        49
    ],
    "237": [
        0,
        89,
        49
    ],
    "238": [
        0,
        88,
        48
    ],
    "239": [
        0,
        87,
        48
    ],
    "240": [
        0,
        85,
        48
    ],
    "241": [
        0,
        84,
        47
    ],
    "242": [
        0,
        83,
        47
    ],
    "243": [
        0,
        82,
        46
    ],
    "244": [
        0,
        81,
        46
    ],
    "245": [
        0,
        80,
        45
    ],
    "246": [
        0,
        79,
        45
    ],
    "247": [
        0,
        78,
        45
    ],
    "248": [
        0,
        77,
        44
    ],
    "249": [
        0,
        76,
        44
    ],
    "250": [
        0,
        74,
        43
    ],
    "251": [
        0,
        73,
        43
    ],
    "252": [
        0,
        72,
        42
    ],
    "253": [
        0,
        71,
        42
    ],
    "254": [
        0,
        70,
        41
    ],
    "255": [
        0,
        69,
        41
    ]
}