{
    "0": [
        255,
        255,
        229
    ],
    "1": [
        255,
        255,
        228
    ],
    "2": [
        255,
        254,
        226
    ],
    "3": [
        255,
        254,
        225
    ],
    "4": [
        255,
        254,
        224
    ],
    "5": [
        255,
        254,
        223
    ],
    "6": [
        255,
        253,
        221
    ],
    "7": [
        255,
        253,
        220
    ],
    "8": [
        255,
        253,
        219
    ],
    "9": [
        255,
        253,
        217
    ],
    "10": [
        255,
        252,
        216
    ],
    "11": [
        255,
        252,
        215
    ],
    "12": [
        255,
        252,
        214
    ],
    "13": [
        255,
        252,
        212
    ],
    "14": [
        255,
        251,
        211
    ],
    "15": [
        255,
        251,
        210
    ],
    "16": [
        255,
        251,
        208
    ],
    "17": [
        255,
        251,
        207
    ],
    "18": [
        255,
        250,
        206
    ],
    "19": [
        255,
        250,
        205
    ],
    "20": [
        255,
        250,
        203
    ],
    "21": [
        255,
        250,
        202
    ],
    "22": [
        255,
        249,
        201
    ],
    "23": [
        255,
        249,
        199
    ],
    "24": [
        255,
        249,
        198
    ],
    "25": [
        255,
        249,
        197
    ],
    "26": [
        255,
        248,
        196
    ],
    "27": [
        255,
        248,
        194
    ],
    "28": [
        255,
        248,
        193
    ],
    "29": [
        255,
        248,
        192
    ],
    "30": [
        255,
        247,
        190
    ],
    "31": [
        255,
        247,
        189
    ],
    "32": [
        255,
        247,
        188
    ],
    "33": [
        255,
        246,
        186
    ],
    "34": [
        255,
        246,
        185
    ],
    "35": [
        255,
        245,
        184
    ],
    "36": [
        255,
        244,
        182
    ],
    "37": [
        255,
        244,
        181
    ],
    "38": [
        255,
        243,
        180
    ],
    "39": [
        255,
        243,
        178
    ],
    "40": [
        255,
        242,
        177
    ],
    "41": [
        255,
        241,
        176
    ],
    "42": [
        255,
        241,
        174
    ],
    "43": [
        255,
        240,
        173
    ],
    "44": [
        255,
        239,
        172
    ],
    "45": [
        255,
        239,
        170
    ],
    "46": [
        255,
        238,
        169
    ],
    "47": [
        255,
        238,
        168
    ],
    "48": [
        254,
        237,
        166
    ],
    "49": [
        254,
        236,
        165
    ],
    "50": [
        254,
        236,
        164
    ],
    "51": [
        254,
        235,
        162
    ],
    "52": [
        254,
        234,
        161
    ],
    "53": [
        254,
        234,
        160
    ],
    "54": [
        254,
        233,
        158
    ],
    "55": [
        254,
        232,
        157
    ],
    "56": [
        254,
        232,
        155
    ],
    "57": [
        254,
        231,
        154
    ],
    "58": [
        254,
        231,
        153
    ],
    "59": [
        254,
        230,
        151
    ],
    "60": [
        254,
        229,
        150
    ],
    "61": [
        254,
        229,
        149
    ],
    "62": [
        254,
        228,
        147
    ],
    "63": [
        254,
        227,
        146
    ],
    "64": [
        254,
        227,
        144
    ],
    "65": [
        254,
        226,
        142
    ],
    "66": [
        254,
        225,
        140
    ],
    "67": [
        254,
        224,
        138
    ],
    "68": [
        254,
        223,
        136
    ],
    "69": [
        254,
        222,
        134
    ],
    "70": [
        254,
        221,
        132
    ],
    "71": [
        254,
        220,
        130
    ],
    "72": [
        254,
        219,
        128
    ],
    "73": [
        254,
        218,
        126
    ],
    "74": [
        254,
        217,
        124
    ],
    "75": [
        254,
        216,
        122
    ],
    "76": [
        254,
        215,
        120
    ],
    "77": [
        254,
        214,
        118
    ],
    "78": [
        254,
        213,
        115
    ],
    "79": [
        254,
        212,
        113
    ],
    "80": [
        254,
        211,
        111
    ],
    "81": [
        254,
        210,
        109
    ],
    "82": [
        254,
        209,
        107
    ],
    "83": [
        254,
        208,
        105
    ],
    "84": [
        254,
        207,
        103
    ],
    "85": [
        254,
        206,
        101
    ],
    "86": [
        254,
        205,
        99
    ],
    "87": [
        254,
        204,
        97
    ],
    "88": [
        254,
        203,
        95
    ],
    "89": [
        254,
        202,
        93
    ],
    "90": [
        254,
        201,
        91
    ],
    "91": [
        254,
        200,
        89
    ],
    "92": [
        254,
        200,
        87
    ],
    "93": [
        254,
        199,
        84
    ],
    "94": [
        254,
        198,
        82
    ],
    "95": [
        254,
        197,
        80
    ],
    "96": [
        254,
        195,
        79
    ],
    "97": [
        254,
        194,
        77
    ],
    "98": [
        254,
        193,
        76
    ],
    "99": [
        254,
        191,
        75
    ],
    "100": [
        254,
        190,
        74
    ],
    "101": [
        254,
        189,
        73
    ],
    "102": [
        254,
        187,
        71
    ],
    "103": [
        254,
        186,
        70
    ],
    "104": [
        254,
        185,
        69
    ],
    "105": [
        254,
        183,
        68
    ],
    "106": [
        254,
        182,
        67
    ],
    "107": [
        254,
        181,
        65
    ],
    "108": [
        254,
        179,
        64
    ],
    "109": [
        254,
        178,
        63
    ],
    "110": [
        254,
        177,
        62
    ],
    "111": [
        254,
        175,
        61
    ],
    "112": [
        254,
        174,
        59
    ],
    "113": [
        254,
        173,
        58
    ],
    "114": [
        254,
        171,
        57
    ],
    "115": [
        254,
        170,
        56
    ],
    "116": [
        254,
        169,
        55
    ],
    "117": [
        254,
        167,
        54
    ],
    "118": [
        254,
        166,
        52
    ],
    "119": [
        254,
        164,
        51
    ],
    "120": [
        254,
        163,
        50
    ],
    "121": [
        254,
        162,
        49
    ],
    "122": [
        254,
        160,
        48
    ],
    "123": [
        254,
        159,
        46
    ],
    "124": [
        254,
        158,
        45
    ],
    "125": [
        254,
        156,
        44
    ],
    "126": [
        254,
        155,
        43
    ],
    "127": [
        254,
        154,
        42
    ],
    "128": [
        254,
        152,
        41
    ],
    "129": [
        253,
        151,
        40
    ],
    "130": [
        253,
        150,
        39
    ],
    "131": [
        252,
        148,
        39
    ],
    "132": [
        251,
        147,
        38
    ],
    "133": [
        251,
        146,
        37
    ],
    "134": [
        250,
        145,
        37
    ],
    "135": [
        250,
        143,
        36
    ],
    "136": [
        249,
        142,
        35
    ],
    "137": [
        249,
        141,
        35
    ],
    "138": [
        248,
        139,
        34
    ],
    "139": [
        248,
        138,
        33
    ],
    "140": [
        247,
        137,
        33
    ],
    "141": [
        246,
        136,
        32
    ],
    "142": [
        246,
        134,
        31
    ],
    "143": [
        245,
        133,
        31
    ],
    "144": [
        245,
        132,
        30
    ],
    "145": [
        244,
        130,
        29
    ],
    "146": [
        244,
        129,
        29
    ],
    "147": [
        243,
        128,
        28
    ],
    "148": [
        242,
        127,
        27
    ],
    "149": [
        242,
        125,
        27
    ],
    "150": [
        241,
        124,
        26
    ],
    "151": [
        241,
        123,
        26
    ],
    "152": [
        240,
        121,
        25
    ],
    "153": [
        240,
        120,
        24
    ],
    "154": [
        239,
        119,
        24
    ],
    "155": [
        238,
        118,
        23
    ],
    "156": [
        238,
        116,
        22
    ],
    "157": [
        237,
        115,
        22
    ],
    "158": [
        237,
        114,
        21
    ],
    "159": [
        236,
        112,
        20
    ],
    "160": [
        235,
        111,
        20
    ],
    "161": [
        234,
        110,
        19
    ],
    "162": [
        233,
        109,
        19
    ],
    "163": [
        232,
        108,
        18
    ],
    "164": [
        231,
        107,
        17
    ],
    "165": [
        230,
        106,
        17
    ],
    "166": [
        229,
        105,
        16
    ],
    "167": [
        228,
        103,
        16
    ],
    "168": [
        227,
        102,
        15
    ],
    "169": [
        226,
        101,
        15
    ],
    "170": [
        225,
        100,
        14
    ],
    "171": [
        224,
        99,
        13
    ],
    "172": [
        223,
        98,
        13
    ],
    "173": [
        222,
        97,
        12
    ],
    "174": [
        221,
        95,
        12
    ],
    "175": [
        220,
        94,
        11
    ],
    "176": [
        219,
        93,
        11
    ],
    "177": [
        218,
        92,
        10
    ],
    "178": [
        217,
        91,
        9
    ],
    "179": [
        216,
        90,
        9
    ],
    "180": [
        215,
        89,
        8
    ],
    "181": [
        214,
        88,
        8
    ],
    "182": [
        213,
        86,
        7
    ],
    "183": [
        212,
        85,
        7
    ],
    "184": [
        211,
        84,
        6
    ],
    "185": [
        210,
        83,
        6
    ],
    "186": [
        209,
        82,
        5
    ],
    "187": [
        208,
        81,
        4
    ],
    "188": [
        207,
        80,
        4
    ],
    "189": [
        206,
        79,
        3
    ],
    "190": [
        205,
        77,
        3
    ],
    "191": [
        204,
        76,
        2
    ],
    "192": [
        203,
        75,
        2
    ],
    "193": [
        201,
        75,
        2
    ],
    "194": [
        200,
        74,
        2
    ],
    "195": [
        198,
        73,
        2
    ],
    "196": [
        196,
        72,
        2
    ],
    "197": [
        195,
        72,
        2
    ],
    "198": [
        193,
        71,
        2
    ],
    "199": [
        192,
        70,
        2
    ],
    "200": [
        190,
        69,
        3
    ],
    "201": [
        188,
        69,
        3
    ],
    "202": [
        187,
        68,
        3
    ],
    "203": [
        185,
        67,
        3
    ],
    "204": [
        184,
        66,
        3
    ],
    "205": [
        182,
        66,
        3
    ],
    "206": [
        180,
        65,
        3
    ],
    "207": [
        179,
        64,
        3
    ],
    "208": [
        177,
        63,
        3
    ],
    "209": [
        176,
        63,
        3
    ],
    "210": [
        174,
        62,
        3
    ],
    "211": [
        172,
        61,
        3
    ],
    "212": [
        171,
        60,
        3
    ],
    "213": [
        169,
        60,
        3
    ],
    "214": [
        168,
        59,
        3
    ],
    "215": [
        166,
        58,
        3
    ],
    "216": [
        164,
        57,
        4
    ],
    "217": [
        163,
        57,
        4
    ],
    "218": [
        161,
        56,
        4
    ],
    "219": [
        160,
        55,
        4
    ],
    "220": [
        158,
        54,
        4
    ],
    "221": [
        156,
        54,
        4
    ],
    "222": [
        155,
        53,
        4
    ],
    "223": [
        153,
        52,
        4
    ],
    "224": [
        152,
        52,
        4
    ],
    "225": [
        150,
        51,
        4
    ],
    "226": [
        148,
        51,
        4
    ],
    "227": [
        147,
        50,
        4
    ],
    "228": [
        145,
        50,
        4
    ],
    "229": [
        144,
        49,
        4
    ],
    "230": [
        142,
        49,
        4
    ],
    "231": [
        140,
        48,
        4
    ],
    "232": [
        139,
        48,
        5
    ],
    "233": [
        137,
        47,
        5
    ],
    "234": [
        136,
        47,
        5
    ],
    "235": [
        134,
        46,
        5
    ],
    "236": [
        132,
        46,
        5
    ],
    "237": [
        131,
        45,
        5
    ],
    "238": [
        129,
        45,
        5
    ],
    "239": [
        128,
        45,
        5
    ],
    "240": [
        126,
        44,
        5
    ],
    "241": [
        124,
        44,
        5
    ],
    "242": [
        123,
        43,
        5
    ],
    "243": [
        121,
        43,
        5
    ],
    "244": [
        120,
        42,
        5
    ],
    "245": [
        118,
        42,
        5
    ],
    "246": [
        116,
        41,
        5
    ],
    "247": [
        115,
        41,
        5
    ],
    "248": [
        113,
        40,
        6
    ],
    "249": [
        112,
        40,
        6
    ],
    "250": [
        110,
        39,
        6
    ],
    "251": [
        108,
        39,
        6
    ],
    "252": [
        107,
        38,
        6
    ],
    "253": [
        105,
        38,
        6
    ],
    "254": [
        104,
        37,
        6
    ],
    "255": [
        102,
        37,
        6
    ]
}