{
    "0": [
        255,
        255,
        204
    ],
    "1": [
        255,
        254,
        203
    ],
    "2": [
        255,
        254,
        201
    ],
    "3": [
        255,
        253,
        200
    ],
    "4": [
        255,
        253,
        198
    ],
    "5": [
        255,
        252,
        197
    ],
    "6": [
        255,
        252,
        196
    ],
    "7": [
        255,
        251,
        194
    ],
    "8": [
        255,
        250,
        193
    ],
    "9": [
        255,
        250,
        192
    ],
    "10": [
        255,
        249,
        190
    ],
    "11": [
        255,
        249,
        189
    ],
    "12": [
        255,
        248,
        187
    ],
    "13": [
        255,
        248,
        186
    ],
    "14": [
        255,
        247,
        185
    ],
    "15": [
        255,
        247,
        183
    ],
    "16": [
        255,
        246,
        182
    ],
    "17": [
        255,
        245,
        181
    ],
    "18": [
        255,
        245,
        179
    ],
    "19": [
        255,
        244,
        178
    ],
    "20": [
        255,
        244,
        176
    ],
    "21": [
        255,
        243,
        175
    ],
    "22": [
        255,
        243,
        174
    ],
    "23": [
        255,
        242,
        172
    ],
    "24": [
        255,
        241,
        171
    ],
    "25": [
        255,
        241,
        169
    ],
    "26": [
        255,
        240,
        168
    ],
    "27": [
        255,
        240,
        167
    ],
    "28": [
        255,
        239,
        165
    ],
    "29": [
        255,
        239,
        164
    ],
    "30": [
        255,
        238,
        163
    ],
    "31": [
        255,
        237,
        161
    ],
    "32": [
        255,
        237,
        160
    ],
    "33": [
        255,
        236,
        159
    ],
    "34": [
        255,
        236,
        157
    ],
    "35": [
        255,
        235,
        156
    ],
    "36": [
        255,
        234,
        155
    ],
    "37": [
        255,
        234,
        153
    ],
    "38": [
        255,
        233,
        152
    ],
    "39": [
        255,
        233,
        151
    ],
    "40": [
        255,
        232,
        149
    ],
    "41": [
        255,
        231,
        148
    ],
    "42": [
        255,
        231,
        147
    ],
    "43": [
        255,
        230,
        145
    ],
    "44": [
        255,
        229,
        144
    ],
    "45": [
        255,
        229,
        143
    ],
    "46": [
        255,
        228,
        141
    ],
    "47": [
        255,
        228,
        140
    ],
    "48": [
        254,
        227,
        139
    ],
    "49": [
        254,
        226,
        137
    ],
    "50": [
        254,
        226,
        136
    ],
    "51": [
        254,
        225,
        135
    ],
    "52": [
        254,
        224,
        133
    ],
    "53": [
        254,
        224,
        132
    ],
    "54": [
        254,
        223,
        131
    ],
    "55": [
        254,
        222,
        130
    ],
    "56": [
        254,
        222,
        128
    ],
    "57": [
        254,
        221,
        127
    ],
    "58": [
        254,
        221,
        126
    ],
    "59": [
        254,
        220,
        124
    ],
    "60": [
        254,
        219,
        123
    ],
    "61": [
        254,
        219,
        122
    ],
    "62": [
        254,
        218,
        120
    ],
    "63": [
        254,
        217,
        119
    ],
    "64": [
        254,
        217,
        118
    ],
    "65": [
        254,
        215,
        116
    ],
    "66": [
        254,
        214,
        115
    ],
    "67": [
        254,
        213,
        114
    ],
    "68": [
        254,
        212,
        112
    ],
    "69": [
        254,
        211,
        111
    ],
    "70": [
        254,
        209,
        110
    ],
    "71": [
        254,
        208,
        108
    ],
    "72": [
        254,
        207,
        107
    ],
    "73": [
        254,
        206,
        106
    ],
    "74": [
        254,
        204,
        104
    ],
    "75": [
        254,
        203,
        103
    ],
    "76": [
        254,
        202,
        102
    ],
    "77": [
        254,
        201,
        101
    ],
    "78": [
        254,
        200,
        99
    ],
    "79": [
        254,
        198,
        98
    ],
    "80": [
        254,
        197,
        97
    ],
    "81": [
        254,
        196,
        95
    ],
    "82": [
        254,
        195,
        94
    ],
    "83": [
        254,
        193,
        93
    ],
    "84": [
        254,
        192,
        91
    ],
    "85": [
        254,
        191,
        90
    ],
    "86": [
        254,
        190,
        89
    ],
    "87": [
        254,
        189,
        87
    ],
    "88": [
        254,
        187,
        86
    ],
    "89": [
        254,
        186,
        85
    ],
    "90": [
        254,
        185,
        83
    ],
    "91": [
        254,
        184,
        82
    ],
    "92": [
        254,
        182,
        81
    ],
    "93": [
        254,
        181,
        79
    ],
    "94": [
        254,
        180,
        78
    ],
    "95": [
        254,
        179,
        77
    ],
    "96": [
        254,
        178,
        76
    ],
    "97": [
        254,
        176,
        75
    ],
    "98": [
        254,
        175,
        75
    ],
    "99": [
        254,
        174,
        74
    ],
    "100": [
        254,
        173,
        74
    ],
    "101": [
        254,
        172,
        73
    ],
    "102": [
        254,
        171,
        73
    ],
    "103": [
        254,
        169,
        72
    ],
    "104": [
        254,
        168,
        72
    ],
    "105": [
        254,
        167,
        71
    ],
    "106": [
        254,
        166,
        71
    ],
    "107": [
        254,
        165,
        70
    ],
    "108": [
        254,
        164,
        70
    ],
    "109": [
        254,
        162,
        69
    ],
    "110": [
        254,
        161,
        69
    ],
    "111": [
        254,
        160,
        68
    ],
    "112": [
        253,
        159,
        68
    ],
    "113": [
        253,
        158,
        67
    ],
    "114": [
        253,
        157,
        67
    ],
    "115": [
        253,
        156,
        66
    ],
    "116": [
        253,
        154,
        66
    ],
    "117": [
        253,
        153,
        65
    ],
    "118": [
        253,
        152,
        65
    ],
    "119": [
        253,
        151,
        64
    ],
    "120": [
        253,
        150,
        64
    ],
    "121": [
        253,
        149,
        63
    ],
    "122": [
        253,
        147,
        63
    ],
    "123": [
        253,
        146,
        62
    ],
    "124": [
        253,
        145,
        62
    ],
    "125": [
        253,
        144,
        61
    ],
    "126": [
        253,
        143,
        61
    ],
    "127": [
        253,
        142,
        60
    ],
    "128": [
        253,
        140,
        60
    ],
    "129": [
        253,
        138,
        59
    ],
    "130": [
        253,
        136,
        59
    ],
    "131": [
        253,
        134,
        58
    ],
    "132": [
        253,
        132,
        57
    ],
    "133": [
        253,
        130,
        57
    ],
    "134": [
        253,
        128,
        56
    ],
    "135": [
        253,
        126,
        56
    ],
    "136": [
        253,
        124,
        55
    ],
    "137": [
        253,
        122,
        55
    ],
    "138": [
        253,
        120,
        54
    ],
    "139": [
        253,
        118,
        54
    ],
    "140": [
        253,
        116,
        53
    ],
    "141": [
        253,
        114,
        52
    ],
    "142": [
        253,
        112,
        52
    ],
    "143": [
        253,
        110,
        51
    ],
    "144": [
        252,
        108,
        51
    ],
    "145": [
        252,
        106,
        50
    ],
    "146": [
        252,
        104,
        50
    ],
    "147": [
        252,
        102,
        49
    ],
    "148": [
        252,
        100,
        48
    ],
    "149": [
        252,
        99,
        48
    ],
    "150": [
        252,
        97,
        47
    ],
    "151": [
        252,
        95,
        47
    ],
    "152": [
        252,
        93,
        46
    ],
    "153": [
        252,
        91,
        46
    ],
    "154": [
        252,
        89,
        45
    ],
    "155": [
        252,
        87,
        44
    ],
    "156": [
        252,
        85,
        44
    ],
    "157": [
        252,
        83,
        43
    ],
    "158": [
        252,
        81,
        43
    ],
    "159": [
        252,
        79,
        42
    ],
    "160": [
        252,
        77,
        42
    ],
    "161": [
        251,
        75,
        41
    ],
    "162": [
        250,
        74,
        41
    ],
    "163": [
        249,
        72,
        40
    ],
    "164": [
        248,
        70,
        40
    ],
    "165": [
        248,
        69,
        40
    ],
    "166": [
        247,
        67,
        39
    ],
    "167": [
        246,
        66,
        39
    ],
    "168": [
        245,
        64,
        38
    ],
    "169": [
        244,
        62,
        38
    ],
    "170": [
        244,
        61,
        37
    ],
    "171": [
        243,
        59,
        37
    ],
    "172": [
        242,
        57,
        36
    ],
    "173": [
        241,
        56,
        36
    ],
    "174": [
        241,
        54,
        36
    ],
    "175": [
        240,
        53,
        35
    ],
    "176": [
        239,
        51,
        35
    ],
    "177": [
        238,
        49,
        34
    ],
    "178": [
        237,
        48,
        34
    ],
    "179": [
        237,
        46,
        33
    ],
    "180": [
        236,
        44,
        33
    ],
    "181": [
        235,
        43,
        33
    ],
    "182": [
        234,
        41,
        32
    ],
    "183": [
        233,
        39,
        32
    ],
    "184": [
        233,
        38,
        31
    ],
    "185": [
        232,
        36,
        31
    ],
    "186": [
        231,
        35,
        30
    ],
    "187": [
        230,
        33,
        30
    ],
    "188": [
        230,
        31,
        29
    ],
    "189": [
        229,
        30,
        29
    ],
    "190": [
        228,
        28,
        29
    ],
    "191": [
        227,
        26,
        28
    ],
    "192": [
        226,
        25,
        28
    ],
    "193": [
        225,
        25,
        29
    ],
    "194": [
        224,
        24,
        29
    ],
    "195": [
        223,
        23,
        29
    ],
    "196": [
        221,
        22,
        29
    ],
    "197": [
        220,
        21,
        30
    ],
    "198": [
        219,
        20,
        30
    ],
    "199": [
        218,
        20,
        30
    ],
    "200": [
        217,
        19,
        31
    ],
    "201": [
        215,
        18,
        31
    ],
    "202": [
        214,
        17,
        31
    ],
    "203": [
        213,
        16,
        32
    ],
    "204": [
        212,
        16,
        32
    ],
    "205": [
        211,
        15,
        32
    ],
    "206": [
        209,
        14,
        33
    ],
    "207": [
        208,
        13,
        33
    ],
    "208": [
        207,
        12,
        33
    ],
    "209": [
        206,
        12,
        34
    ],
    "210": [
        205,
        11,
        34
    ],
    "211": [
        203,
        10,
        34
    ],
    "212": [
        202,
        9,
        35
    ],
    "213": [
        201,
        8,
        35
    ],
    "214": [
        200,
        7,
        35
    ],
    "215": [
        199,
        7,
        35
    ],
    "216": [
        197,
        6,
        36
    ],
    "217": [
        196,
        5,
        36
    ],
    "218": [
        195,
        4,
        36
    ],
    "219": [
        194,
        3,
        37
    ],
    "220": [
        193,
        3,
        37
    ],
    "221": [
        192,
        2,
        37
    ],
    "222": [
        190,
        1,
        38
    ],
    "223": [
        189,
        0,
        38
    ],
    "224": [
        187,
        0,
        38
    ],
    "225": [
        185,
        0,
        38
    ],
    "226": [
        183,
        0,
        38
    ],
    "227": [
        182,
        0,
        38
    ],
    "228": [
        180,
        0,
        38
    ],
    "229": [
        178,
        0,
        38
    ],
    "230": [
        176,
        0,
        38
    ],
    "231": [
        174,
        0,
        38
    ],
    "232": [
        172,
        0,
        38
    ],
    "233": [
        170,
        0,
        38
    ],
    "234": [
        168,
        0,
        38
    ],
    "235": [
        166,
        0,
        38
    ],
    "236": [
        164,
        0,
        38
    ],
    "237": [
        162,
        0,
        38
    ],
    "238": [
        161,
        0,
        38
    ],
    "239": [
        159,
        0,
        38
    ],
    "240": [
        157,
        0,
        38
    ],
    "241": [
        155,
        0,
        38
    ],
    "242": [
        153,
        0,
        38
    ],
    "243": [
        151,
        0,
        38
    ],
    "244": [
        149,
        0,
        38
    ],
    "245": [
        147,
        0,
        38
    ],
    "246": [
        145,
        0,
        38
    ],
    "247": [
        143,
        0,
        38
    ],
    "248": [
        141,
        0,
        38
    ],
    "249": [
        139,
        0,
        38
    ],
    "250": [
        138,
        0,
        38
    ],
    "251": [
        136,
        0,
        38
    ],
    "252": [
        134,
        0,
        38
    ],
    "253": [
        132,
        0,
        38
    ],
    "254": [
        130,
        0,
        38
    ],
    "255": [
        128,
        0,
        38
    ]
}